No,Time [frame],xg [px],yg [px],sigma x [px],sigma y [px],Imax [a.u.],Iback [a.u.],a [a.u./px],b[a.u./px],Raw Intensity[au],Average Intensity[au/px^2],Model 1,Model 2,Model 3,Model 4,Model 5,Label
1,1,8.54898,189.119,1.134,1.53065,533.002,94.2805,2.6351,4.319,5812.67,126.479,1,1,1,1,1,0
1,2,8.43886,189.077,1.11731,1.31822,504.176,103.898,6.07364,3.903,4665.76,126.254,1,1,1,1,1,0
1,3,8.2833,189.385,1.26709,1.821,409.054,87.6168,4.20295,4.39716,5924.17,119.053,1,1,1,1,1,0
1,4,8.58241,189.18,1.23446,1.76256,450.974,73.2206,7.64062,3.39712,6163.71,113.556,1,1,1,1,1,0
1,5,8.73605,189.411,1.39867,1.7321,482.02,88.8744,5.49418,1.47551,7332.67,131.467,1,1,1,1,1,0
1,6,8.63715,189.037,1.36538,1.65067,572.028,77.903,5.36746,5.60698,8099,125.698,1,1,1,1,1,0
1,7,8.59171,188.967,1.43735,1.66061,592.203,84.1231,4.72135,3.09156,8878.87,136.29,1,1,1,1,1,0
1,8,8.55402,189.186,1.37687,1.62431,498.978,86.9057,3.73698,1.66575,7010.21,126.988,1,1,1,1,1,0
1,9,8.16944,189.326,1.32598,1.5987,394.558,70.0741,6.19482,1.38223,5254.28,102.006,1,1,1,1,1,0
1,10,8.16306,189.355,1.271,1.87631,392.974,62.5342,3.05944,-1.93771,5879.83,95.8284,1,1,1,1,1,0
1,11,8.51256,189.267,1.63456,1.8573,442.557,59.9533,-0.823224,-0.113055,8344.16,107.195,1,1,1,1,1,0
1,12,8.60392,189.255,1.51268,1.43362,568.738,70.1411,-1.36412,-1.08754,7748.6,114.503,1,1,1,1,1,0
1,13,8.49404,189.219,1.49418,1.44435,528.535,71.8768,-0.371333,-0.13732,7165.98,113.053,1,1,1,1,1,0
1,14,8.29476,189.607,1.65812,1.49628,496.409,80.9125,4.05947,0.310849,7522.3,123.178,1,1,1,1,1,0
1,15,8.22531,189.788,1.68553,1.63905,529.131,64.3243,2.01548,-1.69726,9179.55,117.284,1,1,1,1,1,0
1,16,8.47147,189.388,1.20275,1.59399,641.902,60.0707,-2.7863,-0.40886,7730.8,104.308,1,1,1,1,1,0
1,17,8.49388,189.267,1.04563,1.76586,647.104,53.0198,-1.24086,-2.58694,7509.33,96.8757,1,1,1,1,1,0
1,18,8.36826,189.293,1.03323,1.83735,563.109,46.8972,-2.47462,-1.30078,6709.76,87.4438,1,1,1,1,1,0
1,19,8.29922,189.343,1.23256,1.74613,543.126,60.9294,2.58904,-0.965529,7340.04,100.775,1,1,1,1,1,0
1,20,8.46365,189.374,1.20632,1.49422,705.105,72.2836,1.84834,-2.40665,7985.09,114.402,1,1,1,1,1,0
1,21,8.36426,189.482,1.30276,1.73654,614.082,62.2188,0.982794,-2.22464,8722.51,112.811,1,1,1,1,1,0
1,22,8.36801,189.514,1.4538,2.02333,546.143,58.8897,0.421825,-2.79184,10057.6,117.243,1,1,1,1,1,0
1,23,8.40525,189.389,1.51885,1.98605,514.319,54.4419,-0.311327,0.0067582,9874.57,111.621,1,1,1,1,1,0
1,24,8.15251,189.336,1.45477,1.565,642.936,57.9344,1.19776,0.123036,9195.7,110.225,1,1,1,1,1,0
1,25,8.50361,189.339,1.38068,1.47683,630.491,58.0572,-0.88132,-0.604799,8111.22,104.828,1,1,1,1,1,0
1,26,8.4875,189.494,1.4663,1.63373,583.917,54.2211,-4.55227,-2.37901,8785.35,108.107,1,1,1,1,1,0
1,27,8.49541,189.245,1.53091,1.82394,526.778,51.7858,-2.40853,-1.67429,9231.91,108.604,1,1,1,1,1,0
1,28,8.53476,189.471,1.68285,2.17636,295.303,48.8732,3.08614,-0.622241,6990.3,90.4142,1,1,2,2,3,0
1,29,8.50975,190.256,1.58919,2.10937,217.54,46.1914,-0.79037,-2.26831,4395.72,74.3136,,,,,,0
2,1,45.1729,127.468,1.61254,1.69549,632.952,265.53,15.7871,11.9032,11715.2,330.574,1,2,3,4,5,0
2,2,43.9298,125.544,2.02741,2.34059,1047.12,216.827,5.05458,7.98429,32218.7,404.278,1,2,3,4,5,0
2,3,44.6998,126.798,2.28917,1.83077,908.79,257.101,12.971,6.31211,23696.8,390.095,1,2,3,4,5,0
2,4,44.0826,127.584,1.93794,2.10946,982.596,244.596,10.9561,-5.25855,25862.2,402.615,1,2,3,4,5,0
2,5,43.6672,126.573,1.98295,2.08899,1043.15,276.26,16.0542,4.79956,26777.9,431.799,1,2,3,4,5,0
2,6,43.0035,125.032,1.88549,2.48934,1143.94,294.281,30.0948,29.846,33179.7,491.917,1,1,2,3,4,0
2,7,42.8713,124.792,2.10777,3.69281,1037.73,196.163,4.47771,25.8546,45238.8,468.574,1,1,2,3,4,0
2,8,42.4855,125.58,2.14882,3.61414,1005.63,179.547,-12.0183,10.0141,45494.9,455.71,1,1,2,2,3,0
2,9,42.2046,125.864,2.40293,3.05398,1246.8,136.258,-14.709,-8.44186,54136.2,463.515,1,1,2,2,2,0
2,10,42.3811,125.619,2.41422,3.16771,1220.59,146.889,-13.9989,-13.8448,53836.2,476.68,1,2,3,4,5,0
2,11,40.2588,122.932,1.96031,2.07456,872.4,321.182,31.3963,24.2558,22173.9,437.645,1,2,3,4,5,0
2,12,39.5799,122.449,2.38733,1.70757,744.222,160.611,5.04833,1.58536,18829,269.385,1,1,2,2,3,0
2,13,39.9048,122.156,2.20409,2.2345,755.711,97.9035,-3.70454,-0.0911303,23554.6,241.213,1,1,2,2,2,0
2,14,39.6499,122.356,2.04848,2.30435,779.042,100.831,-3.37595,-2.95474,22322.9,237.651,1,2,3,4,5,0
2,15,37.57,124.241,2.75557,2.38997,445.73,104.181,-4.57753,-6.69704,18392.8,221.083,1,2,3,4,5,0
2,16,33.7991,125.752,2.36783,2.0952,471.696,208.708,4.89611,-3.38131,14172.3,287.402,1,2,3,4,5,0
2,17,31.9632,126.929,2.03572,2.11049,984.343,233.158,19.0125,7.8294,26385.4,376.834,1,2,3,4,5,0
2,18,30.741,124.762,2.34424,1.63708,607.354,212.231,15.2648,12.6221,14494.5,289.751,1,2,3,4,5,0
2,19,28.405,122.541,2.19731,1.68195,626.797,191.648,4.92578,5.13167,12613.8,270.059,1,2,3,4,5,0
2,20,24.995,121.051,2.78021,1.89759,361.293,111.789,0.871264,2.821,11600.6,179.988,1,2,3,4,5,0
2,21,22.4009,123.836,1.84466,2.25112,755.066,125.41,-2.51802,-4.97,19502.6,241.568,1,2,3,4,5,0
2,22,23.2147,126.363,2.31329,1.6791,625.493,163.778,6.73278,-2.90581,15118.3,251.698,1,2,3,4,5,0
2,23,24.5272,129.325,1.89699,1.84751,884.643,235.637,22.743,-3.61751,19420.5,347.183,1,2,3,4,5,0
2,24,26.4613,128.752,2.25447,1.60148,601.584,338.121,32.7889,3.37562,13739.3,413.84,,,,,,0
3,1,61.6042,309.04,1.34044,1.53728,362.614,77.4943,1.65444,-4.11164,4694.55,105.041,1,1,2,2,2,0
3,2,61.6575,308.457,1.34195,1.69233,311.531,72.8632,-0.188499,-0.788032,4443.11,99,1,1,2,3,4,0
3,3,61.7239,308.37,1.51097,1.83179,340.562,83.545,-3.66825,-0.635895,5915.45,118.32,1,2,3,4,5,0
3,4,60.1725,308.329,3.47826,1.54996,316.414,111.88,-7.9619,-6.36887,9306.59,162.148,1,2,3,4,5,0
3,5,61.8401,308.306,1.4567,1.54329,465.985,83.9143,-5.65509,-7.28885,6581.47,121.609,1,1,1,1,1,0
3,6,62.0749,308.721,1.36395,1.56814,446.928,75.6532,1.25967,-5.1714,6005.52,111.994,1,1,1,1,1,0
3,7,62.1255,308.656,1.4364,1.63154,453.417,68.8945,1.57067,-1.53589,6674.71,111.473,1,1,1,1,1,0
3,8,62.0276,308.391,1.4744,1.36947,459.556,77.1426,1.39484,0.985779,5830.45,109.834,1,1,1,1,1,0
3,9,62.238,308.188,1.32975,1.20764,527.792,85.6812,0.849636,1.61009,5327.65,113.586,1,1,1,2,2,0
3,10,61.9984,308.748,1.47051,1.44219,359.033,81.2594,0.769513,0.206234,4784,108.373,1,1,1,2,2,0
3,11,61.6621,309.03,1.27779,1.47376,367.831,82.5941,0.457038,0.277684,4384.41,103.219,1,1,1,2,2,0
3,12,61.7351,308.378,1.4307,0.882699,463.084,79.3897,-0.595428,1.31547,3676.2,97.6213,1,1,1,2,1,0
3,13,61.7345,308.24,1.19667,0.845798,618.64,73.2088,3.08774,0.781725,3934.91,95.1006,1,1,1,1,1,0
3,14,62.0962,308.57,1.16148,1.40028,395.685,72.3238,0.640164,-1.76094,4061.24,95.1716,1,1,1,1,1,0
3,15,61.9813,308.762,1.16226,1.33358,417.104,72.2631,-0.349406,-3.21458,4062.17,94.0769,1,1,1,1,1,0
3,16,62.019,308.892,1.10502,0.863439,635.855,66.9343,2.48427,-2.29227,3812.86,89.5148,1,1,1,2,1,0
3,17,62.2875,308.868,1.16536,1.43757,452.024,62.6587,1.7653,-1.45573,4757.98,90.9172,1,1,2,2,3,0
3,18,61.8892,308.02,1.34471,1.40441,461.925,63.6829,-0.0979327,2.40491,5481.12,93.6272,1,1,1,2,2,0
3,19,61.945,308.409,1.46939,1.40181,426.138,61.1271,-1.53064,0.185994,5514.8,89.7396,1,1,1,1,1,0
3,20,61.859,308.83,1.69429,1.59278,440.319,44.9253,-0.290524,-3.94675,7462.42,89.5799,1,1,1,1,1,0
3,21,61.8569,308.815,1.68052,1.65952,407.188,50.5955,-2.41428,-3.04767,7131.02,93.1657,1,1,1,1,1,0
3,22,62.1323,308.779,1.86476,1.81475,360.726,61.3348,-2.77217,0.588613,7654.27,109.609,1,1,1,1,1,0
3,23,61.9267,308.453,2.15386,1.93199,240.766,49.1682,-0.674005,-1.74657,6249.97,87.5266,,,,,,0
4,1,75.777,359.383,1.96048,1.70429,379.967,158.364,19.7547,-7.294,7957.52,199.864,1,1,1,1,1,0
4,2,75.7091,359.43,1.91302,1.43031,432.812,181.09,20.9772,-5.58562,7443.08,219.899,1,1,1,2,1,0
4,3,75.9055,359.404,2.09717,1.30673,389.365,185.468,16.4723,-3.81163,6680.12,217.663,1,1,2,2,3,0
4,4,75.3374,359.416,1.75774,1.57229,384.766,165.883,14.7787,-4.70851,6676.46,213.349,1,1,2,2,3,0
4,5,75.9397,359.116,2.25463,1.73867,341.286,151.732,9.51939,-2.83174,8755.09,204.518,1,1,2,2,3,0
4,6,76.5419,358.816,2.75151,1.90505,297.805,137.58,4.26008,-0.954977,10833.7,195.686,1,1,2,2,3,0
4,7,75.7254,359.289,1.8814,1.33162,490.853,128.961,7.0236,-4.92796,7716.01,169.041,1,1,2,2,3,0
4,8,75.8293,358.923,1.89026,1.56522,477.022,125.553,7.74787,-8.93107,8854.71,173.355,1,1,1,2,3,0
4,9,75.6016,358.994,2.14466,1.47526,425.22,118.854,15.1562,-7.87386,8654.26,174.87,1,1,1,2,2,0
4,10,75.7633,359.166,2.12449,1.46617,419.496,150.32,21.2422,-9.05789,8145.81,190.314,1,1,2,2,3,0
4,11,76.3274,358.958,2.80184,1.79165,388.581,146.316,20.3326,-8.44272,11942.8,210.66,1,1,2,2,3,0
4,12,76.8916,358.751,3.47919,2.11713,357.667,142.311,19.423,-7.82756,15739.7,231.006,1,1,2,2,3,0
4,13,76.9953,358.561,2.99975,2.68065,379.46,90.3685,6.94402,-4.38374,18204.5,200.071,1,1,2,2,3,0
4,14,76.4896,358.947,2.03977,2.30772,424.491,105.732,6.94572,-9.25285,12556.5,181.905,1,1,2,2,3,0
4,15,75.8846,358.8,2.53009,1.89443,389.415,113.279,9.84369,-8.056,11915.3,180.385,1,1,2,2,3,0
4,16,75.3234,358.568,3.07248,1.6593,332.973,127.618,12.6765,-2.88407,10359.8,188.852,1,1,2,2,3,0
4,17,75.1257,358.724,3.19168,2.11529,360.914,96.2513,12.0703,-5.19656,14476.1,184.036,1,1,2,2,3,0
4,18,75.5148,359.489,2.78523,1.90451,376.451,88.6077,12.7248,-10.3102,12110.1,166.527,1,1,2,2,3,0
4,19,75.4604,359.354,2.15311,1.6469,427.876,92.0552,15.4595,-10.48,10345.2,153.757,1,1,2,2,3,0
4,20,75.8169,358.817,2.20107,1.62879,413.447,120.269,12.8959,-11.2578,8603.48,167.533,1,1,2,2,3,0
4,21,75.6477,358.882,2.08663,1.63227,426.644,90.0133,11.7122,-4.07033,9090.27,147.225,1,1,2,2,3,0
4,22,76.2667,358.709,2.35464,1.64419,449.857,92.218,9.82439,-1.67755,10917.1,158.479,1,1,2,2,3,0
4,23,76.297,358.802,2.55141,1.95233,360.1,125.328,11.9391,-5.85681,11037.2,199.456,1,1,2,2,4,0
4,24,75.7997,359.8,1.86279,1.86828,377.275,107.46,6.06979,-10.9097,8229.79,153.716,1,1,1,1,1,0
4,25,75.7757,359.51,1.6103,1.81032,426.525,106.03,9.22201,-3.50523,7617.42,147.426,1,1,1,1,1,0
4,26,75.8034,359.357,1.82446,1.79899,440.802,100.874,7.60307,-4.92558,9073.76,152.728,1,1,1,1,1,0
4,27,75.952,359.133,2.10339,1.36059,437.963,112.78,5.80478,-8.50651,7843.87,152.615,1,1,1,1,1,0
4,28,75.8334,359.33,1.64443,0.97027,529.365,139.746,8.44995,-8.49633,5310.95,166.544,1,1,1,1,1,0
4,29,75.8928,359.577,1.98922,1.74624,301.599,118.702,10.6416,-13.1701,7612.95,163.663,1,1,1,1,1,0
4,30,76.0217,359.373,2.18915,1.95737,351.145,97.3467,10.4388,-11.4754,9384.78,155.189,1,1,1,1,1,0
4,31,75.6614,359.806,1.91215,2.02001,356.313,98.407,7.33177,-10.5205,8799.68,153.574,1,1,1,1,2,0
4,32,76.0967,359.558,1.57654,1.69817,415.64,111.666,9.36157,-9.20835,6608.94,149.822,1,1,1,1,1,0
4,33,75.8624,359.299,1.49727,1.48414,416.001,134.933,14.4301,-12.3295,5838.58,160.538,1,2,3,4,5,0
4,34,77.2895,358.063,3.73524,3.85403,382.731,8.36609,7.07272,-5.48546,27449.3,180.822,1,2,3,4,5,0
4,35,76.005,359.09,2.38875,1.98077,437.482,84.7429,9.60922,-8.12826,12832.9,156.544,1,1,1,2,2,0
4,36,76.2385,358.968,2.47895,1.84692,399.049,94.1445,7.32476,-6.79667,10844.2,155.42,1,1,1,2,2,0
4,37,75.7089,359.112,2.39616,1.56881,360.541,115.727,10.8002,-9.21837,8411.39,158.71,1,1,1,2,2,0
4,38,75.4792,359.304,2.03628,1.4897,392.766,116.801,12.4771,-7.41935,7457.68,150.757,1,1,1,2,2,0
4,39,76.1124,359.25,2.51524,2.04957,379.204,94.1335,7.51251,-7.28308,12041.7,163.308,1,1,1,2,2,0
4,40,75.8014,359.314,1.91086,1.87376,367.837,111.981,9.46473,-11.0375,8294.59,156.722,1,1,1,2,2,0
4,41,75.5713,359.154,1.49439,1.51744,470.965,120.655,12.3177,-11.752,6711.93,155.834,1,1,1,2,2,0
4,42,75.8306,359.219,2.40753,2.05463,327.333,92.9692,11.5525,-12.0014,10021,146.84,1,1,2,2,3,0
4,43,76.4873,359.026,2.44874,1.75682,316.652,102.209,8.43338,-7.4363,8425.02,144.817,1,1,2,2,3,0
4,44,75.9015,359.501,1.86983,1.52388,382.736,92.2419,9.18274,-7.89088,7482.54,129.314,1,1,2,2,2,0
4,45,76.0898,359.411,2.25365,1.952,324.98,101.327,11.1008,-10.7842,8908.48,151.101,1,2,3,4,5,0
4,46,77.7225,357.72,3.97108,3.71738,416.309,-31.3819,-1.41743,0.914645,29994.8,163.201,1,2,2,3,4,0
4,47,77.1551,358.113,3.22544,3.24487,364.819,38.9355,3.75058,-1.54396,20417.8,161.361,1,2,2,3,4,0
4,48,76.3641,358.628,2.49653,2.42824,337.871,106.104,11.6089,-9.25531,12484.6,175.385,1,2,2,3,4,0
4,49,77.0778,358.572,4.15908,3.40071,385.301,2.77881,1.37467,-4.81346,26433.2,168.438,1,2,2,3,4,0
4,50,76.4357,359.559,2.52013,2.1556,336.837,89.1865,6.6424,-9.84615,11837.7,154.994,1,2,2,3,4,0
4,51,76.0342,359.495,2.04579,1.40578,407.079,106.653,9.69426,-9.47031,7338.47,152.036,1,2,2,3,4,0
4,52,77.0558,358.937,3.18891,2.76061,328.29,36.8049,2.7829,-5.93125,16955.4,141.26,1,2,2,3,4,0
4,53,76.5394,358.512,3.03364,2.59075,290.001,56.1718,4.52942,-4.80475,13926.8,140.846,1,2,3,4,5,0
4,54,80.7544,356.849,1.65769,1.04782,362.156,110.66,-14.1011,4.20446,3951.4,132.101,1,1,1,1,1,0
4,55,81.0914,356.851,1.16201,1.34746,338.988,99.7668,-17.9971,7.2115,3341.5,114.692,1,1,1,1,1,0
4,56,81.0717,356.775,1.27252,1.38775,307.258,117.458,-21.4828,9.69975,3414.89,130.396,1,2,3,4,5,0
4,57,78.3578,357.968,3.45516,2.59551,336.03,64.0162,-9.21618,3.2551,15677.7,157.243,1,2,2,3,4,0
4,58,77.4926,358.183,3.38184,2.40157,291.049,71.1083,-1.51899,0.486882,12749.3,146.719,1,2,2,3,4,0
4,59,76.6274,358.398,3.30852,2.20763,246.067,78.2003,6.17821,-2.28134,9820.93,136.195,1,2,2,3,4,0
4,60,76.7374,358.922,2.90474,1.98485,342.791,73.9709,5.31477,-5.92242,11408.7,142.462,1,2,2,3,4,0
4,61,77.3555,358.486,3.79283,2.72622,284.653,48.1889,1.88615,-1.40069,16165.4,145.97,1,2,2,3,4,0
4,62,75.7998,359.335,1.9239,2.0371,289.654,81.707,8.96119,-6.65948,7097.53,123.657,1,1,1,1,1,0
4,63,75.6742,359.294,1.88333,2.03744,298.986,90.8177,10.0532,-4.63303,7174.5,132.953,1,1,1,1,1,0
4,64,75.486,359.478,2.11877,1.87802,311.569,92.7092,9.51593,-7.07612,8165.49,139.426,1,1,2,1,1,0
4,65,75.7307,359.4,1.91463,2.00471,346.659,97.4656,8.43026,-9.07169,8323.07,145.438,1,1,2,3,4,0
4,66,76.6555,358.858,2.94217,2.10779,301.462,72.0632,2.88988,-4.06285,11209.8,139.047,1,1,2,3,4,0
4,67,76.3716,359.335,2.7297,1.9577,327.369,69.0828,1.98482,-5.67414,10657.6,133.864,1,1,2,2,3,0
4,68,76.2705,359.194,2.66031,1.79812,328.366,91.8091,6.97721,-4.14834,8647.42,136.012,1,1,2,3,4,0
4,69,76.948,358.928,3.21405,2.60123,321.263,59.2019,0.927122,-7.38255,15533.5,153.03,1,1,2,3,4,0
4,70,77.5732,358.725,2.97391,2.16374,370.395,76.308,-1.41537,-4.94229,14740.2,164.544,1,1,2,3,4,0
4,71,76.4542,359.045,2.55129,2.16166,342.565,75.5632,5.14677,-6.12024,11576.2,138.03,1,1,2,2,4,0
4,72,76.862,358.874,3.55711,2.93311,350.535,23.1235,1.75992,-9.30482,20692.5,154.231,1,1,2,2,3,0
4,73,76.2208,359.063,2.48797,1.77619,337.334,94.0435,6.3922,-6.78656,9215.26,145.183,1,1,1,2,2,0
4,74,76.2235,359.228,2.21113,1.89583,377.134,86.4597,9.87695,-8.47389,9855.03,141.426,1,1,1,2,2,0
4,75,75.9035,359.505,2.10925,1.91253,391.179,94.8792,10.084,-10.0653,10389.1,152.917,1,1,1,2,2,0
4,76,75.8186,359.395,2.69982,1.99062,336.74,101.569,9.55159,-14.9555,11058.3,167.609,1,1,1,2,2,0
4,77,76.4335,359.171,2.91769,1.89893,370.446,89.1313,9.2072,-9.45009,12350.2,158.314,1,1,1,2,2,0
4,78,76.0475,358.892,2.43989,1.5923,426.632,96.8986,11.082,-3.95017,10275.1,157.178,1,1,1,2,2,0
4,79,76.4534,358.456,2.71367,1.78709,399.569,94.9176,8.26526,-1.14014,11705.5,163.006,1,1,1,2,2,0
4,80,76.7592,358.463,2.96171,2.18143,347.844,72.4341,5.95385,-2.63885,13246.3,149.243,1,1,1,2,2,0
4,81,76.1861,358.834,2.29447,2.13785,349.375,94.4119,7.31819,-3.41035,10624.5,158.302,1,1,1,2,2,0
4,82,75.8374,359.084,2.06488,1.73574,438.252,101.998,11.0021,-6.43022,9832.17,158.882,1,1,1,2,2,0
4,83,76.0332,359.086,2.06463,1.69828,399.8,99.665,12.0611,-9.0105,8788.82,146.414,1,1,1,2,2,0
4,84,75.8174,359.273,2.58017,2.10291,289.055,71.7957,8.9327,-6.65385,9629.27,126.331,1,1,1,2,2,0
4,85,75.7968,359.572,2.68669,2.61005,281.584,55.0784,9.20547,-6.53202,12477.9,127.077,1,1,2,2,2,0
4,86,76.2918,358.978,3.05451,2.7534,286.765,38.1006,8.0133,-6.3225,14754,132.994,1,1,2,2,2,0
4,87,76.4646,359.318,2.47114,2.17285,221.688,78.7367,5.805,-4.8256,7314.57,123.379,1,1,2,2,3,0
4,88,76.7935,358.956,2.70717,2.31209,222.356,68.0863,3.71194,-3.56457,8439.91,117.787,1,1,2,3,4,0
4,89,77.0528,358.437,3.28212,1.76713,266.686,84.7955,4.83153,-1.22222,8363.36,131.509,1,2,2,3,4,0
4,90,78.3638,358.139,4.13461,2.083,248.932,62.8047,-5.15388,-2.28068,10601.6,126.101,1,2,2,3,4,0
4,91,78.2079,357.791,4.03605,2.10437,244.776,70.7839,-4.74805,-1.19417,9957.94,129.893,1,2,2,3,4,0
4,92,78.1901,357.098,3.2728,3.25837,277.744,23.7881,-3.12043,3.92275,16198.6,126.686,1,2,2,3,4,0
4,93,77.1098,358.117,2.827,2.56741,252.755,61.328,1.94506,-1.34924,11261.5,129.405,1,2,2,3,4,0
4,94,76.0296,359.136,2.3812,1.87645,227.765,98.8679,7.01056,-6.62122,6324.41,132.124,1,2,2,3,4,0
4,95,76.5606,359.357,2.38995,2.15198,272.51,71.9768,6.0358,-6.60488,7597.92,119.698,1,2,2,3,4,0
4,96,76.0091,359.408,2.0172,1.61447,345.713,84.4307,8.80962,-6.83272,7053.73,125.592,1,2,2,3,4,0
4,97,75.424,359.269,1.54554,1.38047,349.544,93.2573,6.19485,-4.08576,4685.21,117.231,1,2,3,4,5,0
4,98,77.1201,358.323,2.85372,2.2899,336.726,45.9684,0.278241,-0.887291,13632.1,129.095,1,2,3,4,5,0
4,99,78.8162,357.377,4.16189,3.19933,323.907,-1.3205,-5.63836,2.31117,22578.9,140.959,1,2,3,4,5,0
4,100,78.0856,357.797,3.25527,3.18044,285.92,32.6298,0.719151,1.64474,16383.2,135.959,1,2,3,4,4,0
4,101,79.0437,357.26,2.162,1.84742,220.085,89.7319,-7.71555,2.92947,5488.75,117.734,,,,,,0
5,1,87.2612,119.089,1.88088,2.18593,399.185,113.006,-0.970116,-4.29696,10239.6,170.686,1,2,2,3,4,0
5,2,87.7867,119.317,2.59241,3.12308,328.662,66.6662,1.19023,-5.72985,15480.6,162.077,1,2,2,3,4,0
5,3,87.6094,118.572,1.79958,2.53324,358.765,154.544,2.01516,4.03832,10081.6,210.68,1,2,3,4,5,0
5,4,86.5139,120.66,1.99917,2.78722,577.559,209.148,2.23322,-9.47459,20259.7,321.923,1,2,3,4,5,0
5,5,86.6914,119.339,2.21685,2.62218,465.783,111.716,6.58778,-5.42512,16518.2,211.207,1,2,2,3,4,0
5,6,86.4396,118.336,2.38428,2.24938,489.367,56.2608,1.57325,-2.23014,16357.2,155.379,1,1,2,3,4,0
5,7,85.6655,118.302,2.02588,1.92079,550.944,74.4556,2.80253,-2.06786,13110.5,153.343,1,1,2,3,4,0
5,8,85.4718,118.143,2.04632,2.03158,477.878,60.7111,3.30609,0.660106,12834.8,139.024,1,1,2,3,4,0
5,9,84.9299,118.085,2.38546,2.03187,386.999,71.8359,4.67917,0.13897,11027.1,139.112,1,1,2,3,4,0
5,10,85.6729,118.172,2.0094,2.14872,441.235,81.8124,-0.318484,0.723196,11875.9,156.012,1,1,2,3,4,0
5,11,84.9194,117.733,2.30226,2.09195,440.761,85.7211,7.69494,7.73064,13491.8,169.929,1,1,2,2,3,0
5,12,84.8348,117.508,2.12683,1.71036,482.683,107.935,2.51007,2.83872,10975.6,173.728,1,1,2,2,3,0
5,13,85.2426,117.812,1.98686,2.14511,509.623,100.333,0.232698,2.28256,13769.5,179.379,1,2,2,3,4,0
5,14,86.0139,117.639,1.95973,2.15273,434.048,123.499,-1.78478,4.51493,11706.8,188.373,1,2,3,4,5,0
5,15,87.7648,118.713,3.03328,3.56846,334.214,73.9241,-1.68694,3.02992,20152.9,203.355,1,2,3,4,5,0
5,16,88.1094,120.526,2.67745,3.95161,495.612,46.73,-2.67807,-5.33312,28998.6,228.657,1,2,3,4,5,0
5,17,87.1647,119.814,2.4953,3.08894,616.641,64.3467,-2.27017,0.613319,28641.9,237.491,1,2,3,3,4,0
5,18,86.6341,118.709,2.54489,2.43443,569.885,104.165,1.53276,5.35475,20891.8,229.663,1,2,2,3,4,0
5,19,87.1629,118.642,2.21626,2.34491,583.219,102.716,0.279215,5.04228,18193.3,208.941,1,2,2,3,4,0
5,20,86.8733,118.183,2.68601,2.50601,552.052,76.5745,-0.627209,-1.1979,22399.2,212.254,1,2,3,3,4,0
5,21,85.1975,117.191,2.37574,2.38262,538.319,105.836,-5.38409,-9.94388,18714,217.509,1,2,2,3,4,0
5,22,83.9315,117.327,1.94012,3.46454,413.381,114.944,-2.23441,-12.429,16738.4,214.509,1,2,2,3,4,0
5,23,83.0013,117.561,1.82398,3.35587,435.546,105.918,-0.468342,-10.4478,15479.4,205.462,1,2,2,3,4,0
5,24,83.1463,117.465,1.9126,3.82185,396.757,100.113,0.538933,-10.9269,16287.1,197.142,1,2,2,3,4,0
5,25,82.8305,118.641,1.77984,2.05646,474.548,117.164,2.38754,-10.5678,10566.1,184.426,1,1,2,2,4,0
5,26,82.8741,118.256,1.87362,2.00905,453.948,101.69,1.24282,-6.81257,10693.6,162.071,1,1,1,1,1,0
5,27,83.0793,117.977,2.23963,1.71785,485.61,75.4725,-0.988164,-5.19412,11652.8,148.231,1,1,1,1,1,0
5,28,82.8346,118.387,2.10555,1.85973,523.242,76.7067,-0.12215,-5.64501,12802.6,154.13,1,1,1,1,1,0
5,29,82.6947,118.632,2.17257,2.02666,518.602,79.5699,-2.25787,-4.03027,14217.7,159.254,1,1,1,1,1,0
5,30,82.4437,118.336,1.94795,1.93477,583.723,80.6029,-2.52643,-0.546679,13762.3,160.959,1,1,1,1,1,0
5,31,82.5693,118.407,1.75913,1.8478,610.58,90.3111,1.45696,-2.60611,12444.2,165.26,1,1,2,2,3,0
5,32,82.4487,118.965,1.90927,2.00306,539.192,77.4608,0.0816604,-2.91217,12936.6,154.574,1,1,2,2,3,0
5,33,83.0378,119.198,1.73998,1.97275,531.153,93.9424,-5.22077,-5.94521,11338,156.189,1,1,2,3,4,0
5,34,83.3988,118.794,1.78909,2.15802,553.395,80.8918,-2.58942,-6.00873,12955.5,155.633,1,1,2,3,4,0
5,35,84.2533,118.371,1.92588,2.32655,582.328,86.437,-3.74347,-4.28675,16196.8,180.953,1,2,2,3,4,0
5,36,83.9081,119.047,2.12038,2.72671,468.716,76.3696,-3.24606,-7.3815,16497.1,174.521,1,2,2,3,4,0
5,37,84.2886,118.454,2.25137,3.75213,374.698,71.933,-3.27931,-9.75105,18480.3,184.84,1,2,2,3,4,0
5,38,85.4861,117.755,2.9295,3.57327,441.449,43.991,-2.18007,-10.3398,25895.6,205.524,1,2,3,3,4,0
5,39,86.6836,117.055,3.60763,3.3944,508.201,16.0491,-1.08082,-10.9286,33310.9,226.207,1,2,3,3,4,0
5,40,86.7425,118.946,1.89439,1.82128,496.679,137.114,-10.327,-3.70962,10743.2,200.503,1,1,2,3,4,0
5,41,86.6305,118.8,2.04948,1.93765,434.298,111.552,-9.68639,2.82881,10777.4,181.272,1,1,2,3,4,0
5,42,85.8506,118.574,2.75784,2.11568,301.07,103.151,-9.58285,0.337068,10071.8,171.686,1,1,2,3,4,0
5,43,85.2515,118.375,2.83901,2.16299,382.596,75.3602,-6.58019,-4.1513,15092.6,166.893,1,1,2,3,4,0
5,44,85.99,118.121,2.27208,2.08813,467.845,79.7726,-2.81552,-2.40022,13785.8,166.639,1,1,2,3,4,0
5,45,86.596,117.805,2.17763,2.02283,375.293,86.7868,3.15472,1.12993,10292.5,149.089,1,1,2,3,4,0
5,46,86.6516,118.089,2.2655,2.18363,331.768,85.4294,-0.0812151,3.15636,10029.7,145.811,1,2,2,3,4,0
5,47,87.4294,119.117,2.20563,2.24662,512.673,84.997,0.748545,-1.82745,15532,177.225,1,2,2,3,4,0
5,48,87.6046,118.993,2.12952,2.1663,480.678,87.9253,2.2577,0.62523,13788.5,174.846,1,2,2,3,4,0
5,49,88.5524,118.49,2.37065,2.35088,385.012,76.5606,0.769779,0.0754056,13792,158.828,1,2,2,3,4,0
5,50,89.7018,117.686,2.11587,2.11747,488.59,110.251,1.88624,-4.5748,13626.9,190.166,1,2,2,3,4,0
5,51,89.6751,117.338,2.13845,1.88954,504.704,113.686,2.06337,-3.52291,12728.1,188.391,1,2,2,3,4,0
5,52,88.8374,117.803,2.52347,2.35393,424.927,110.411,-1.00147,-2.81857,15427.4,199.639,1,2,3,4,4,0
5,53,87.3611,119.167,1.65398,1.63043,514.631,173.814,1.90588,-1.54132,6883.73,208.994,1,1,1,1,1,0
5,54,87.4445,119.127,1.83055,1.8259,563.868,131.196,0.780808,3.96933,11816.4,196.503,1,1,1,1,1,0
5,55,87.2666,119.047,2.32905,2.34418,462.963,123.215,0.526142,2.79486,16238.2,220.095,1,1,1,1,1,0
5,56,87.0099,119.156,2.13398,2.44792,476.842,122.823,-1.06969,-1.01035,15276.3,216.26,1,2,2,3,4,0
5,57,87.2821,118.215,2.28045,2.4067,373.105,107.588,-2.23542,0.731248,12599.1,180.243,1,2,2,3,4,0
5,58,88.0514,117.458,1.84085,1.99757,467.207,124.967,-2.31193,-0.0244613,10751.1,185.55,1,2,2,3,4,0
5,59,88.5882,117.481,2.01084,2.0996,638.311,112.573,-1.73841,3.05318,16366.1,208.716,1,2,2,3,4,0
5,60,87.2999,118.043,1.89947,2.32805,495.025,146.767,7.74933,9.54737,13603,231.485,1,2,2,3,4,0
5,61,87.3531,119.452,1.71848,1.82835,549.834,141.464,4.48685,2.05991,10835.6,203.16,1,1,2,3,4,0
5,62,87.6889,119.596,2.11756,2.11211,400.85,122.139,8.22743,-7.30228,11296.6,193.189,1,1,2,2,2,0
5,63,87.8657,119.284,1.99897,2.18216,397.288,137.508,6.13888,-1.92295,10930.4,201.562,1,1,2,2,2,0
5,64,87.578,119.238,1.79437,2.04601,446.085,145.097,1.65659,-1.88893,10715.6,210.604,1,1,2,2,2,0
5,65,86.9946,119.478,1.50539,1.72526,512.059,163.657,4.45445,-2.53781,7365.36,208.42,1,1,2,2,2,0
5,66,87.0138,119.106,1.99619,1.90202,536.745,151.449,12.4775,-2.32214,12736.6,232.846,1,1,2,2,3,0
5,67,87.6208,119.344,2.00178,1.96099,631.13,116.195,5.0241,-1.44079,15485.2,208.953,1,1,2,2,3,0
5,68,87.5719,119.237,1.84281,2.16167,560.151,94.7238,3.12492,-0.356726,14649,182.089,1,1,2,3,4,0
5,69,87.5503,120.03,1.6786,1.92302,446.777,129.147,3.94984,-1.30643,9560.44,183.917,1,2,2,3,4,0
5,70,88.4402,120.086,2.48229,1.9629,349.921,178.929,6.98463,2.39335,10514.7,238.278,1,2,2,3,4,0
5,71,88.611,119.183,2.21028,2.04393,754.218,184.384,3.13481,8.76393,20427.2,305.065,1,2,2,3,4,0
5,72,87.2746,118.529,2.30674,2.30615,599.103,196.602,0.631502,5.5375,18295.5,299.041,1,2,2,3,4,0
5,73,87.2624,117.76,2.6126,2.66285,673.137,135.705,-2.43804,7.93791,27452.1,303.189,1,2,2,3,4,0
5,74,86.1121,118.606,2.35451,1.91048,770.909,163.948,7.08046,1.08084,21091.4,287.988,1,2,2,3,4,0
5,75,85.5105,119.4,2.08822,2.37863,1003.89,138.326,6.23564,2.25846,29780.6,318.604,1,1,2,3,4,0
5,76,85.334,119.844,2.13591,2.48221,979.247,156.812,8.40208,4.52785,31513.6,341.645,1,1,2,3,4,0
5,77,86.0346,120.102,2.39893,2.65577,991.558,148.039,1.2223,-3.41219,38317.2,376.314,1,1,2,3,4,0
5,78,85.5524,119.366,1.94427,2.89236,766.17,218.295,4.52506,11.7655,23937.5,345.556,1,1,2,3,4,0
5,79,85.9287,119.895,2.8947,2.96588,675.514,51.7634,-4.33959,-12.5232,40396.1,303.284,1,1,2,3,4,0
5,80,85.7638,119.159,2.15175,1.95742,484.803,206.804,7.54337,5.14294,12739.1,272.314,1,1,2,2,3,0
5,81,85.4435,118.9,2.04934,1.89831,522.697,199.166,19.8027,13.6747,13349.2,278.899,1,1,2,2,2,0
5,82,85.8239,118.987,2.60047,2.4708,563.069,125.368,19.8318,16.1607,25051.1,283.358,1,1,1,2,2,0
5,83,86.2043,119.075,3.15159,3.04329,603.441,51.5696,19.8609,18.6467,36752.9,287.817,1,1,1,2,2,0
5,84,86.223,119.149,2.43192,2.2484,509.559,158.6,10.1899,-2.96122,17147.3,261.58,1,1,2,2,2,0
5,85,86.7108,118.657,1.86554,2.14849,449.678,165.37,5.86594,-5.13594,11182,225.805,1,1,2,3,4,0
5,86,86.9867,118.531,2.02352,2.33257,426.631,126.638,12.314,-6.51729,13215.3,206.787,1,2,2,3,4,0
5,87,88.3417,119.295,1.74972,3.63666,442.563,129.194,8.39444,0.3359,15841.4,221.189,1,2,2,3,4,0
5,88,88.1485,118.797,1.76507,3.22852,389.5,133.74,8.52959,8.00314,12136.9,203.254,1,2,2,3,4,0
5,89,88.7474,118.953,2.19726,3.27117,313.269,112.766,1.48422,3.83249,13497.6,192.225,1,2,2,3,4,0
5,90,89.9095,119.766,2.4214,3.2781,427.833,89.0695,-1.39722,-1.82283,20588.6,215.45,1,2,2,3,4,0
5,91,89.8221,119.527,2.91994,2.51916,517.242,98.7862,1.53575,0.420525,21889.8,230.479,1,2,2,3,4,0
5,92,89.0736,118.93,2.42784,2.33985,519.221,132.889,5.51586,6.57132,17502,232.604,1,2,2,3,4,0
5,93,89.8886,119.475,2.71134,2.80662,462.264,110.474,3.5386,5.02109,20430.3,231.243,1,2,2,3,4,0
5,94,89.01,118.592,1.60571,1.91449,487.272,120.582,0.519617,-2.10626,9070.57,169.036,1,1,2,3,4,0
5,95,88.6137,118.225,1.9484,2.08844,473.174,72.423,-0.0644132,-3.20388,11885,144.521,1,1,2,3,2,0
5,96,88.174,118.1,2.04222,1.8952,493.229,73.1572,2.52917,-2.29868,11940.8,139.089,1,1,1,1,1,0
5,97,88.2197,118.376,1.77851,2.21742,478.261,72.1306,-1.53212,-1.24851,11758.2,141.704,1,1,1,1,1,0
5,98,88.2559,118.758,1.8142,1.95679,538.817,80.5169,0.821068,1.36273,11982.4,150.325,1,1,1,1,1,0
5,99,87.9998,118.73,1.98128,1.94533,489.801,81.797,-1.06309,-2.52852,11811.5,152.29,1,2,2,3,4,0
5,100,86.594,118.169,2.06293,2.17082,506.273,73.8161,3.47091,-1.93197,14204.6,158.101,1,2,2,3,4,0
5,101,86.9467,119.146,1.83924,1.79743,500.429,93.4123,-0.978996,-4.99406,9064.88,144.698,,,,,,0
6,1,113.278,336.386,2.50383,2.60024,1713.84,281.826,3.6292,9.67038,65733.4,654.503,1,2,2,3,4,0
6,2,113.634,335.462,2.37506,1.15208,3012.56,541.323,17.6369,29.1874,59799.4,873.988,1,2,2,3,4,0
6,3,113.525,335.938,2.3732,1.95904,2477.27,517.785,8.44695,41.2312,65605.3,887.935,1,2,2,3,4,0
6,4,113.549,336.671,2.79292,2.86173,2392.64,209.715,-2.25831,0.340373,105820,872.515,1,2,2,3,4,0
6,5,113.853,335.357,2.1867,1.15155,2948.99,509.16,10.2471,27.775,60204.7,849.58,1,1,2,3,4,0
6,6,113.826,335.33,2.14838,1.11555,3294.86,506.771,7.52451,25.9468,61082.6,853.562,1,1,2,3,4,0
6,7,113.699,335.486,2.28772,1.12268,3233.47,531.228,12.4169,27.5177,65254.4,904.243,1,2,2,3,4,0
6,8,113.778,337.147,3.19859,3.2429,2273.71,67.7988,-17.5528,-11.7099,124564,840.018,1,1,1,1,1,0
6,9,113.545,336.838,2.9261,2.92913,2137.3,226.161,-1.86742,-1.21586,97782.5,837.426,1,1,1,1,1,0
6,10,113.394,336.691,2.78304,2.5692,2411.05,251.517,6.89912,-4.99088,100357,866.929,1,1,1,1,1,0
6,11,113.506,336.967,3.00859,2.99395,2440.27,58.853,-4.76133,-21.4533,125385,853.941,1,1,1,1,1,0
6,12,113.411,336.56,2.72616,2.7218,2139.04,230.88,-3.30593,-0.914279,91555.5,794.692,1,1,1,2,2,0
6,13,113.05,336.284,2.45799,2.07078,2082.28,491.907,27.4035,17.7787,60890.9,805.633,1,1,1,2,2,0
6,14,113.427,335.876,2.2619,1.66127,2592.88,571.819,8.75628,41.553,59359,877.982,1,1,1,2,2,0
6,15,113.328,336.138,2.38231,2.11716,2222.42,444.077,6.56571,28.6922,66472.6,808.663,1,1,1,2,3,0
6,16,113.193,336.462,2.53368,2.52382,2192.02,345.876,5.69882,16.8215,82728.3,817.562,1,1,2,3,4,0
6,17,113.754,335.612,2.34351,1.18245,3059.65,513.642,12.9873,26.5803,64875.7,882.598,1,1,2,3,4,0
6,18,113.664,336.486,2.68837,2.50516,2291.93,335.616,-6.29329,14.5846,90755,862.527,1,1,1,1,1,0
6,19,113.62,336.362,2.64189,2.39437,2289.96,344.244,-2.1502,23.4266,85165.3,835.994,1,1,1,1,1,0
6,20,113.454,336.336,2.56227,2.25405,2342.42,381.555,5.00245,17.1451,82705.7,848.651,1,1,1,1,1,0
6,21,113.354,336.203,2.41505,2.13534,2246.12,465.792,11.3406,25.215,69185,841.154,1,1,1,1,1,0
6,22,113.557,336.582,2.71329,2.72208,2304.16,238.245,-4.9588,4.22538,97568.8,838.746,1,1,1,1,1,0
6,23,113.551,336.307,2.58058,2.42006,2309.31,344.777,-4.70974,19.5865,85799.4,848.041,1,1,1,1,1,0
6,24,113.527,335.977,2.36045,1.95283,2065.57,442.81,-6.03374,31.6687,56562.7,758.651,1,2,2,3,4,0
6,25,113.76,337.239,3.06774,3.70749,977.941,-53.5672,-19.6869,-2.19892,63475.4,346.976,,,,,,0
7,1,128.686,13.8176,1.8706,1.88918,904.186,143.496,-11.5147,-13.9435,19165.4,254.243,1,1,1,1,1,0
7,2,128.242,13.5955,2.0076,1.83242,920.039,132.403,1.15749,-12.7906,21101.3,254.615,1,1,1,1,1,0
7,3,128.343,13.4333,1.82074,1.93147,928.888,124.723,-4.35683,-10.6168,20056.6,239.237,1,1,1,1,1,0
7,4,128.445,13.4096,1.92692,1.93932,1008.98,105.184,-3.96926,-12.7001,23588.1,244.112,1,1,1,1,1,0
7,5,128.405,13.3076,2.15634,1.94637,747.687,102.845,-3.87402,-9.08401,19562.2,215.686,1,1,1,1,1,0
7,6,128.353,13.4822,2.07005,1.87438,790.993,113.285,-3.12579,-12.5465,17645.8,217.621,1,1,1,1,1,0
7,7,128.485,13.602,1.70382,1.8639,931.578,100.613,-3.79292,-10.6241,17890,202.834,1,1,1,1,1,0
7,8,128.457,13.3814,1.61493,1.79617,931.409,113.138,-4.92184,-8.32895,14885.5,197.675,1,1,1,1,1,0
7,9,128.317,13.0971,1.59038,1.62882,1007.39,124.964,-4.79269,-3.98294,15517.5,212.485,1,1,1,1,1,0
7,10,128.454,13.4572,1.79421,2.16879,793.764,83.2916,-1.86692,-8.81426,19265.6,197.651,1,1,1,1,1,0
7,11,128.937,13.4064,1.68028,2.17585,712.084,82.8029,-1.5222,-7.43966,17420.8,189.337,1,1,1,1,1,0
7,12,128.613,13.4789,2.09173,1.90628,620.926,77.52,-0.545778,-6.42034,15333.8,167.16,1,1,1,1,1,0
7,13,128.586,13.3354,1.93244,1.90624,610.647,71.6358,-0.856662,-6.2362,14248.3,156.13,1,1,1,1,1,0
7,14,128.667,13.4539,1.74612,2.05323,605.614,81.5382,-6.83078,-8.60743,13580.2,161.278,1,1,1,1,1,0
7,15,128.387,13.7415,1.74474,1.96416,578.948,107.88,1.60175,-11.6269,12430.3,175.633,1,1,1,1,1,0
7,16,128.568,13.3891,1.51562,1.80325,738.72,115.863,-2.91053,-11.0805,12190.6,180.669,1,1,1,1,1,0
7,17,128.565,13.4071,1.56208,1.68365,805.187,108.008,-6.58929,-7.12754,13297.9,177.686,1,1,1,1,1,0
7,18,128.753,13.3495,1.71685,1.59054,782.404,89.663,-7.36955,-2.94626,13361,167.592,1,1,1,1,1,0
7,19,128.51,13.3336,1.86916,1.67466,628.5,82.6264,-2.45505,-4.38719,12186.3,156.243,1,1,1,1,1,0
7,20,128.514,13.3457,1.8625,1.9262,610.038,87.6975,-0.367381,-5.13058,13061.9,165.243,1,1,1,1,1,0
7,21,128.271,13.3308,1.86452,1.9108,742.277,91.7159,0.906492,-6.13486,16566,185.172,1,1,1,1,1,0
7,22,128.297,13.3722,1.81745,1.98439,673.128,93.9461,2.83067,-9.88583,15198.1,181.497,1,1,1,1,1,0
7,23,128.424,13.4909,1.95476,2.1992,650.725,84.9078,-0.320229,-7.45401,17407.7,187.373,1,1,1,1,1,0
7,24,128.157,13.4686,1.84583,1.99095,675.35,89.9663,-1.68761,-5.91067,15531,178.799,1,1,1,1,1,0
7,25,128.304,13.36,1.70809,1.98512,755.955,96.9023,-0.998463,-6.90123,16055.6,188.515,1,1,1,1,1,0
7,26,128.343,13.1335,1.77654,2.21501,761.455,85.4853,-2.8915,-5.23062,18040.9,190.391,1,1,1,1,1,0
7,27,128.171,13.2913,1.85022,2.01567,798.69,70.4618,-0.56627,-4.47999,18640.7,176.982,1,1,1,1,1,0
7,28,128.273,13.5129,1.78995,1.91259,774.038,79.9356,-2.66327,-8.11949,16601.9,175.574,1,1,1,1,1,0
7,29,128.571,13.6365,2.00298,2.04862,707.238,70.2649,-2.98627,-6.30467,17988.3,178.568,1,1,1,1,1,0
7,30,128.874,13.655,1.74943,1.88778,681.02,80.2139,-3.28896,-3.76429,13795.7,162.444,1,1,1,1,1,0
7,31,128.896,13.4157,1.60676,1.78326,712.161,80.7216,-1.35556,-4.00415,12807.7,154.207,1,1,1,1,1,0
7,32,128.409,13.1763,1.69357,1.97531,634.888,99.9268,-5.83876,-8.03522,13308.9,175.225,1,1,1,1,1,0
7,33,128.072,13.1055,1.84135,2.02573,647.669,97.0097,-4.64617,-8.12124,15121.8,181.473,1,1,1,1,1,0
7,34,128.424,13.4709,1.58154,1.80901,776.187,97.5998,0.398937,-9.04604,13934.6,182.645,1,1,1,1,1,0
7,35,128.703,13.4734,1.52123,1.71678,887.959,95.8317,-0.912635,-6.24812,14182.4,179.976,1,1,1,1,1,0
7,36,128.701,13.3866,1.64862,1.85538,981.285,88.6379,-1.13118,-6.47808,18353.2,196.775,1,1,1,1,1,0
7,37,128.633,13.3018,1.86956,2.0837,836.961,78.8035,-0.520603,-6.55314,20547.1,199.473,1,1,1,1,1,0
7,38,128.7,13.1653,1.68882,1.96181,807.842,87.6814,1.47117,-4.19096,16775.7,183.231,1,1,1,1,1,0
7,39,128.757,13.1707,1.77084,2.15656,744.844,76.1425,0.434773,-5.83703,17768.8,181.254,1,1,1,1,1,0
7,40,128.769,13.542,1.63724,2.00461,713.299,85.1297,1.09008,-6.60177,14049.4,167.876,1,1,1,1,1,0
7,41,128.894,13.6445,1.69194,1.96815,698.295,89.5043,-1.61695,-6.75308,14753.9,177.828,1,1,1,1,1,0
7,42,128.804,13.4378,1.60419,1.67929,870.223,88.9942,-0.0896142,-4.70854,14597.6,173.249,1,1,1,1,1,0
7,43,128.811,13.334,1.6479,1.745,903.495,81.9304,-1.95546,-5.26093,16310.3,175.947,1,1,1,1,1,0
7,44,128.754,13.0672,1.65241,2.19348,456.612,78.2767,-1.80033,-5.7278,10335.4,138.189,,,,,,0
8,1,133.887,264.665,2.0446,1.98868,1363.43,177.787,9.74712,-8.0386,34633.4,386.864,1,1,1,1,1,0
8,2,133.691,264.702,1.8577,1.90092,1305.93,187.81,3.34164,-4.59633,27821.8,353.686,1,1,1,1,1,0
8,3,133.67,264.675,1.92992,1.84826,1340.51,175.839,0.211183,-5.2054,29949,360.669,1,1,1,1,1,0
8,4,133.995,264.877,1.71684,1.98597,1549.04,180.126,-7.8088,-11.2637,33095.5,383.592,1,1,1,1,1,0
8,5,133.697,264.586,1.70034,1.88606,1291.05,199.538,6.78104,2.70022,21684.3,330.148,1,1,1,1,1,0
8,6,133.605,264.721,1.87767,1.98472,1292.66,148.404,-3.96949,-1.60936,30739,331.728,1,1,1,1,1,0
8,7,133.862,264.789,1.84327,2.11587,1275.75,139.695,-5.06646,-4.93506,31093.2,326.923,1,1,1,1,1,0
8,8,133.822,264.74,1.85276,1.89936,1465.55,148.609,-6.19408,1.70983,31451.8,336.32,1,1,1,1,1,0
8,9,133.571,264.901,1.98874,1.9405,1408.29,142.513,-0.84903,-6.9269,33989,344.556,1,1,1,1,1,0
8,10,133.454,264.992,1.99209,1.97016,1216.2,142.712,4.98504,-11.6489,29839.5,320.609,1,1,1,1,1,0
8,11,133.467,264.901,1.95195,2.01306,1254.9,157.907,5.33832,-8.4895,30824,336.757,1,1,1,1,1,0
8,12,133.612,264.687,1.85653,1.91633,1522.57,158.565,0.5758,-8.97262,33662.1,354.337,1,1,1,1,1,0
8,13,133.651,264.708,1.99795,2.19305,1321.65,113.147,-1.41549,-7.79214,36266.3,329.923,1,1,1,1,1,0
8,14,133.7,264.761,1.89142,2.26146,1285.79,149.243,0.509383,-3.40955,32230.3,342.923,1,1,1,1,1,0
8,15,133.83,265.011,1.9708,1.87403,1447.95,147.706,0.354637,-11.4304,33487.9,341.882,1,1,1,1,1,0
8,16,133.714,264.613,1.91336,1.98517,1396.09,171.606,8.50897,-10.2105,31571.2,356.604,1,1,1,1,1,0
8,17,133.519,264.485,2.02184,2.11934,1344.37,152.63,5.86876,-5.33863,36218.3,371.828,1,1,1,1,1,0
8,18,133.777,264.676,1.86213,2.03673,1368.18,162.437,8.54485,-1.4544,32457.1,351.882,1,1,1,1,1,0
8,19,133.894,264.678,1.77816,1.88719,1522.79,181.338,4.23737,-0.651148,32038.2,364.249,1,1,1,1,1,0
8,20,133.65,264.775,1.78226,1.86372,1477.05,232.984,1.33984,-1.87629,30213.4,408.556,1,1,1,1,1,0
8,21,133.545,264.917,1.71483,1.78252,1427.1,295.136,1.49991,-22.8344,27375,465.018,1,2,3,4,5,0
8,22,129.5,258.94,1.84833,2.05803,1777.37,413.686,48.2831,34.9848,42283,660,1,2,3,4,5,0
8,23,130.251,258.517,1.76629,1.96036,1986.07,419.959,41.3197,39.3487,43067.5,666.751,1,2,3,4,5,0
8,24,130.526,258.803,1.91253,2.42597,1295.07,323.65,30.8853,42.713,37338.3,542.828,1,2,3,4,5,0
8,25,133.45,264.615,1.87486,2.09502,1280.43,214.085,6.52287,-20.2354,31474.1,397.893,1,1,1,1,1,0
8,26,133.757,264.512,1.99636,2.08562,1355.22,156.827,-5.1074,-8.79383,35085.7,362.195,1,1,1,1,1,0
8,27,133.73,264.602,2.07396,2.2306,1343.34,113.276,-0.396697,-9.02255,38605.2,345.899,1,1,1,1,1,0
8,28,133.57,264.737,2.03773,2.1556,1336.84,127.591,2.82407,-9.94952,35177.4,338.485,1,1,1,1,1,0
8,29,133.51,264.794,2.11374,2.19051,1279.38,134.844,7.62973,-6.47199,36080.3,351.941,1,1,1,1,1,0
8,30,133.6,264.58,2.04655,2.0782,1248.12,141.199,10.6219,-4.06395,33110.9,336.497,1,1,1,1,1,0
8,31,133.55,264.562,1.97487,1.95072,1367.03,162.067,11.4622,-2.58728,32364.2,353.308,1,1,1,1,1,0
8,32,133.713,264.736,1.93796,2.06058,1402.84,143.722,4.38506,-4.99638,35005.2,354.757,1,1,1,1,1,0
8,33,133.812,264.502,1.8873,1.98256,1538.5,163.009,3.61324,-6.58227,36012.5,376.059,1,1,1,1,1,0
8,34,133.374,264.44,1.99862,2.00763,1450,176.345,8.00304,-0.693226,36482.7,394.781,1,1,1,1,1,0
8,35,133.399,264.692,1.84604,1.86059,1577.3,150.025,4.66886,-5.1812,33952.3,353.509,1,1,1,1,1,0
8,36,133.544,264.692,1.93691,1.92004,1478.34,101.742,7.02252,-3.6093,36039.9,321.32,1,1,1,1,1,0
8,37,133.542,264.639,2.00315,1.95158,1366.35,109.057,5.17974,-6.36863,34417.2,316.74,1,1,1,1,1,0
8,38,133.584,264.426,1.91416,1.96184,1326.92,132.155,1.38159,-8.11157,31170,317.473,1,1,1,1,1,0
8,39,133.617,264.447,1.95344,2.04352,1312.65,96.5039,2.81832,-8.90086,32724.4,293.189,1,1,1,1,1,0
8,40,133.63,264.645,1.98425,2.22637,1397.45,82.7301,-0.830955,-7.52064,37760.8,314.527,1,1,1,1,1,0
8,41,133.583,264.716,2.05124,2.19973,1456.91,82.8582,-2.65677,-13.5722,40775.4,335.923,1,1,1,1,1,0
8,42,133.507,264.59,2.03918,2.07998,1575.35,82.8523,-1.47191,-10.6595,41781.6,335.704,1,1,1,1,1,0
8,43,133.647,264.497,1.8863,2.15227,1459.16,111.546,-3.49224,-6.31402,36996.2,331.183,1,1,1,1,1,0
8,44,133.716,264.361,1.87898,1.90244,1263.34,104.684,-1.83239,-5.36355,28220.9,273.367,1,1,1,1,1,0
8,45,133.662,264.423,2.04429,2.02253,1176.06,98.1033,-2.23533,-6.46718,30242,278.615,1,1,1,1,1,0
8,46,133.562,264.606,2.01338,2.28223,1293.77,112.205,-1.10904,-6.32079,35816.8,326.118,1,1,1,1,1,0
8,47,133.726,264.582,2.09314,2.17246,1127.01,107.633,-2.37708,-5.0602,31497,294.42,1,1,1,1,1,0
8,48,133.61,264.596,2.01742,2.12487,1061.12,100.632,1.16356,-7.38907,28344.6,267.456,1,1,1,1,1,0
8,49,133.653,264.594,1.90591,2.15271,1093.55,114.625,-1.81027,-7.12918,27788.9,280.006,1,1,1,1,1,0
8,50,133.552,264.838,2.00778,2.17217,1184.19,96.7832,-0.89215,-5.73768,32966.4,298.751,1,1,1,1,1,0
8,51,133.712,264.946,2.03617,2.12464,1142.8,110.764,-1.38186,-7.28302,30858.6,299.148,1,1,1,1,1,0
8,52,133.771,264.993,1.97758,2.13457,1164.13,124.86,-1.44287,-13.0845,30664.3,309.491,1,1,1,1,1,0
8,53,133.749,264.949,2.00182,2.0607,1163.43,90.6967,-2.14092,-4.85041,29626.4,271.189,1,1,1,1,1,0
8,54,133.758,265.217,2.16487,2.14042,1030.64,80.6686,-2.1877,-7.37003,29697,256.686,1,1,1,1,1,0
8,55,133.461,265.249,2.07536,2.00622,1011.78,101.755,1.16131,-12.7351,26282.2,255.479,1,1,1,1,1,0
8,56,133.61,265.144,1.84437,2.13423,972.226,104.469,1.66537,-2.48099,22355.4,233.941,1,1,1,1,1,0
8,57,133.714,265.075,2.04753,2.25666,896.344,74.6246,2.8101,-6.03981,25743.4,226.349,1,1,1,1,1,0
8,58,133.747,265.379,2.2781,2.18258,818.188,75.7844,3.97681,-8.40246,25334.6,227.112,1,1,1,1,1,0
8,59,133.903,265.329,1.97139,2.12659,921.132,116.429,3.03324,-8.26852,24426.4,258.609,1,1,1,1,1,0
8,60,133.753,265.196,1.77992,1.97334,1152.48,129.792,-0.084451,-5.12514,25359.1,277.018,1,1,1,1,1,0
8,61,133.591,265.081,1.81616,1.985,1112.99,124.113,2.82462,-2.94699,24237.9,262.639,1,1,1,1,1,0
8,62,133.68,264.845,2.01194,2.10495,1115.01,113.958,0.327771,-5.44075,29461.5,287.337,1,1,1,1,1,0
8,63,133.803,264.819,2.21365,2.2303,1004.23,84.209,1.45337,-5.63306,31929.9,273.586,1,1,1,1,1,0
8,64,133.777,264.922,2.16504,2.0009,957.222,115.107,-0.536854,-2.27103,25637.2,264.166,1,1,1,1,1,0
8,65,133.748,264.974,2.16558,2.06918,963.022,123.166,1.03466,-4.27496,26872.6,285.834,1,1,1,1,1,0
8,66,133.577,265.02,2.12079,2.02995,1140.45,137.149,3.16292,-5.30873,30604.8,313.231,1,1,1,1,1,0
8,67,133.695,264.896,1.99062,1.84265,1390.59,142.028,8.91373,-9.9663,31978.8,332.686,1,1,1,1,1,0
8,68,133.633,264.637,2.13447,2.02686,1253.28,132.493,13.2428,-3.27003,33781.6,338.231,1,1,1,1,1,0
8,69,133.878,264.654,2.01103,2.06763,956.849,158.151,8.31288,1.8922,23686.5,297.722,1,1,1,1,1,0
8,70,133.978,265.068,2.05259,2.05052,896.88,166.628,15.4343,-7.6667,23568.9,296.663,1,1,1,1,1,0
8,71,133.655,265.217,1.99451,1.99537,912.581,172.8,15.0669,-13.8961,21825.7,297.047,1,1,1,1,1,0
8,72,133.724,264.859,1.94663,1.93174,941.542,146.829,7.06001,-6.21221,22438.2,280.249,1,1,1,1,1,0
8,73,133.835,264.933,1.88738,1.94282,941.146,154.654,2.34988,0.223281,21063.9,277.911,1,1,1,1,1,0
8,74,133.618,265.198,1.69949,1.86394,1247.08,128.576,1.19073,-6.61925,24780.1,274.456,1,1,1,1,1,0
8,75,133.833,265.181,1.66673,1.96428,1227.35,136.864,-4.89434,-8.96614,25187.2,282.675,1,1,1,1,1,0
8,76,134.065,264.892,1.69879,1.97093,1284.33,140.681,-7.42978,-5.32406,26678.5,295.621,1,1,1,1,1,0
8,77,133.66,265.006,1.88304,2.00275,1140.12,121.331,-3.07315,-7.7575,27070.6,278.751,1,1,1,1,1,0
8,78,133.492,265.095,1.83355,1.98407,1084.52,139.4,1.14591,-9.03113,24304.4,278.604,1,1,1,1,1,0
8,79,133.655,265.022,2.12258,2.1137,960.177,113.729,-7.58522,-7.63615,26924.7,274.497,1,1,1,1,1,0
8,80,133.766,265.141,1.98125,1.95023,1028.99,135.185,-1.78615,-5.8256,24874.3,279.74,1,1,1,1,1,0
8,81,133.857,265.197,1.88453,2.01625,1106.68,141.827,-0.170842,-0.155171,26313,294.781,1,1,1,1,1,0
8,82,133.662,265.236,1.66734,1.79626,1214.78,142.279,-0.829828,0.33801,22833.7,273.13,1,1,1,1,1,0
8,83,133.811,264.852,1.87649,2.05625,751.738,114.003,-3.36183,2.13032,17784.6,220.16,1,1,1,1,1,0
8,84,133.756,264.677,2.06945,2.18003,748.723,97.9276,-4.67359,1.51548,20355.2,222.308,1,1,1,1,1,0
8,85,133.761,264.847,1.9638,2.34606,1066.57,102.728,-6.90422,-0.589721,30495.8,292.893,1,1,1,1,1,0
8,86,134.018,264.701,1.72826,2.1216,1076.81,146.202,-5.60211,2.69306,23696.6,281.698,1,1,1,1,1,0
8,87,133.776,265.016,1.93087,2.23897,942.716,124.548,-5.01995,-3.64166,25384.9,270.231,1,1,1,1,1,0
8,88,133.796,265.329,1.84562,1.93235,1214.37,116.638,-5.78885,-5.17099,27129.3,276.485,1,1,1,1,1,0
8,89,133.891,265.224,1.95582,2.06269,1062.22,105.618,-4.67937,-8.93077,26436,266.858,1,1,1,1,1,0
8,90,133.911,265.093,1.96327,2.19481,983.279,125.093,2.9491,-17.599,26411.6,279.751,1,1,1,1,1,0
8,91,133.835,265.037,2.06531,2.27684,1072.27,119.682,5.60991,-17.6009,31322.2,306.225,1,1,1,1,1,0
8,92,134.033,265.097,2.04233,2.04257,1221.42,120.532,-4.26457,-5.93153,32612.8,315.84,1,1,1,1,1,0
8,93,133.859,265.245,1.91618,1.80887,1260.59,158.946,-5.54421,-3.49626,27386.1,318.953,1,1,1,1,1,0
8,94,133.753,265.238,2.04258,1.98198,1220.26,130.688,-8.6946,-6.93581,30865.2,316.651,1,1,1,1,1,0
8,95,133.648,264.896,2.02559,2.275,1187.76,122.236,-5.45189,3.14328,33373.3,323.805,1,1,1,1,1,0
8,96,133.778,264.903,2.1108,2.26594,1127.08,154.809,-12.5978,6.88794,32466.2,352.402,1,1,1,1,1,0
8,97,133.867,265.326,2.03652,2.00548,1178.79,201.64,-20.4161,5.88696,30073.9,393.16,1,1,1,1,1,0
8,98,133.655,265.1,1.86764,1.94895,1210.89,215.01,-17.26,6.2639,27603,384.373,1,1,1,1,1,0
8,99,133.786,265.013,1.87349,2.07328,1320.35,146.953,-6.66589,2.73841,32070.7,337.396,1,1,1,1,1,0
8,100,133.726,265.107,2.02263,2.29277,1223.16,122.527,3.2334,-2.64808,34441.6,327.45,1,1,1,1,1,0
8,101,133.687,265.462,2.14802,2.11623,1174.61,97.116,0.844195,-1.32262,33398.2,298.84,,,,,,0
9,1,132.929,109.895,1.83756,1.98348,499.986,183.651,3.14078,-15.4904,11413.1,256.207,1,2,3,4,5,0
9,2,133.023,108.336,2.29425,1.64391,435.181,164.379,2.9853,-10.1575,10223.2,224.615,1,2,3,4,5,0
9,3,134.024,107.21,2.48358,2.31142,502.435,104.243,-0.630606,-12.8011,18673.1,219.308,1,2,3,4,5,0
9,4,133.477,103.516,0.907112,1.39085,396.272,209.818,2.42322,2.47433,1256.32,216.266,1,2,3,4,5,0
9,5,135.095,101.161,2.51221,1.43398,397.739,155.699,2.14877,-5.09147,8856.09,208.426,1,2,3,4,5,0
9,6,135.697,98.982,1.8988,2.39537,395.706,198.388,6.0474,-4.4977,11159.2,268.041,1,2,3,4,5,0
9,7,135.998,98.218,2.26012,2.66241,433.523,143.628,2.09464,-3.79301,17069.8,247.964,1,2,3,4,5,0
9,8,136.298,98.9531,1.85155,2.09429,458.935,176.002,2.81428,-3.79912,11125.4,244.609,1,2,3,4,5,0
9,9,136.013,101.374,2.12499,3.10291,460.879,152.515,-2.91831,-5.56329,17986.9,266.947,1,2,3,4,5,0
9,10,135.671,102.643,2.55165,2.87197,519.436,139.33,4.41681,-5.97125,22592.2,281.911,1,2,3,4,5,0
9,11,138.956,104.095,3.34509,2.74185,674.29,112.395,-16.7145,-10.9342,35064,338.645,1,2,3,4,5,0
9,12,134.657,101.278,2.36733,2.07551,270.94,248.285,1.4324,15.4422,8468.55,302.982,1,2,3,4,5,0
9,13,134.157,98.6559,1.81383,2.38248,352.308,154.844,-5.27469,2.20749,9444.03,213.29,1,2,3,4,5,0
9,14,133.512,93.7247,3.3678,3.94642,360.233,46.2381,-6.72247,5.54102,25748.8,212.231,1,2,3,4,5,0
9,15,130.85,94.719,1.63223,2.50031,367.412,153.011,9.08806,-3.76277,9198.98,204.45,1,2,3,4,5,0
9,16,133.26,91.4982,2.33682,3.01629,259.915,105.676,-2.83179,10.5101,10417.6,167.485,1,2,3,4,5,0
9,17,134.311,92.9878,1.44006,2.24992,315.268,201.07,-11.3409,13.2165,3036.7,209.734,1,2,3,4,5,0
9,18,133.14,93.6799,2.0838,2.91226,347.078,134.226,1.40564,14.9896,12855,210.213,1,1,2,3,4,0
9,19,132.832,94.0658,2.09473,3.58021,385.16,148.366,-0.218624,16.6007,16406,258.118,1,1,2,3,4,0
9,20,132.451,93.6449,2.21064,2.86637,383.762,174.798,-0.965958,27.8463,14641.6,258.083,1,1,2,3,4,0
9,21,131.465,93.6415,1.9711,2.61414,352.346,184.903,8.446,21.2464,11148.9,245.189,1,1,1,2,2,0
9,22,131.542,93.3478,1.94262,3.71793,259.015,158.877,1.65071,17.0619,10476.4,226.166,1,1,1,2,1,0
9,23,131.423,93.7197,1.60328,1.66925,309.762,197.397,13.7697,12.84,5206.63,219.704,1,1,1,1,1,0
9,24,131.502,93.3918,1.83177,1.63005,296.469,197.092,13.571,17.3605,5809.36,233.325,1,1,1,1,1,0
9,25,131.62,93.3226,1.41441,1.46723,426.21,213.365,14.1027,18.4678,4500.36,237.888,1,1,1,2,2,0
9,26,132.125,93.5592,1.88977,2.24475,586.48,149.757,1.5225,10.3848,15483.3,247.811,1,1,1,2,2,0
9,27,132.159,93.2867,2.2573,2.19233,722.711,130.016,2.70282,-1.82763,22515,263.195,1,1,1,2,2,0
9,28,132.301,93.7565,1.88052,1.87746,627.628,136.287,1.45287,-0.248559,13884.3,215.041,1,1,1,2,2,0
9,29,132.357,93.5506,2.12111,2.04642,430.679,131.74,4.52372,1.44993,12034.2,201.633,1,1,2,2,3,0
9,30,131.79,92.9361,2.10197,1.58668,368.861,145.629,6.77609,6.51953,7697.69,182.769,1,1,1,2,2,0
9,31,132.264,93.1317,2.39881,1.39813,266.138,113.071,-2.19523,0.429723,5541.58,143.704,1,1,1,2,2,0
9,32,131.99,92.9672,2.06461,1.55246,266.214,111.266,1.17626,-1.29668,5241.99,139.527,1,1,1,2,2,0
9,33,131.716,92.8028,1.73042,1.7068,266.29,109.461,4.54776,-3.02308,4942.39,135.349,1,1,2,2,3,0
9,34,131.94,92.6664,2.09004,1.62016,271.524,110.115,4.91107,-1.2485,5754.23,138.941,1,1,2,2,4,0
9,35,131.275,93.3151,1.47124,1.69133,293.302,118.995,5.57781,-0.167648,4585.66,148.03,1,1,2,2,4,0
9,36,131.972,93.3089,1.91314,1.61663,225.197,102.612,0.574801,2.67342,4369.38,131.13,,,,,,0
10,1,155.651,439.962,2.90807,2.6019,933.525,221.217,8.16089,-33.0113,41795.6,486.846,1,2,3,4,5,0
10,2,156.356,438.276,1.80253,1.54156,1378.71,422.877,14.4276,19.0882,23398.9,515.337,1,2,3,4,5,0
10,3,156.266,440.223,2.45602,2.1612,1158.76,214.414,7.94322,-7.81708,37883.7,430.379,1,1,2,2,3,0
10,4,156.357,440.274,2.07571,2.28824,1041.66,288.074,6.27014,9.79241,30692.8,459.154,1,2,2,3,4,0
10,5,156.421,439.356,1.71574,2.50826,1065.56,295.052,3.41706,5.04445,28303.3,463.538,1,2,2,2,3,0
10,6,156.306,439.257,1.93335,2.25068,1165.44,276.084,-0.673711,4.02151,31560.9,459.118,1,2,3,4,5,0
10,7,155.641,442.16,2.35635,1.84513,464.858,225.527,3.86579,-3.58582,10563.5,291.207,1,2,3,4,5,0
10,8,155.861,443.183,2.65211,2.24008,524.044,171.11,6.35788,-7.68821,18975,289.604,1,2,3,4,5,0
10,9,156.852,442.472,3.5027,3.22894,817.075,-15.0293,15.7499,-30.0289,52858.3,343.107,1,2,3,4,5,0
10,10,156.94,440.232,2.19211,2.83327,935.539,185.469,-1.99556,-9.46528,34198,393.095,1,2,3,4,5,0
10,11,154.584,440.651,3.24654,4.23843,800.043,163.034,17.7669,0.557543,41141.4,448.959,1,2,3,4,5,0
10,12,157.399,438.057,1.72368,2.31084,417.072,295.208,8.24328,1.87594,10339.6,350.568,1,2,3,4,5,0
10,13,156.981,437.499,1.97776,2.62825,544.509,254.79,20.1221,1.45966,18328.9,360.935,1,2,3,4,5,0
10,14,155.803,437.409,1.93342,2.94919,531.556,239.958,16.2466,-3.09162,18201.5,343.059,1,2,3,4,5,0
10,15,154.988,434.44,1.6635,2.08819,1060.36,200.489,14.0721,-0.666605,23033.1,339.331,1,2,2,3,4,0
10,16,154.817,433.792,1.90287,2.2122,997.937,197.871,9.34162,-4.23045,27078,355.515,1,1,2,3,4,0
10,17,155.382,433.748,1.85742,2.23336,912.776,192.311,11.4913,-2.82326,25132.3,341.905,1,1,2,3,4,0
10,18,156.324,433.82,1.79106,2.11944,1060.18,213.107,14.4472,-7.67428,25154,362.065,1,1,2,3,4,0
10,19,156.718,434.686,2.06388,2.43188,1073.85,185.472,16.7513,-5.70051,33897.7,388.101,1,1,2,2,3,0
10,20,156.61,434.393,2.15451,2.44848,932.509,207.386,19.3569,-4.62038,30276.9,390.675,1,1,2,2,3,0
10,21,156.84,434.497,1.93986,2.26564,1007.35,214.712,17.1317,-7.36614,27514.6,375.053,1,1,2,2,3,0
10,22,157.087,434.98,2.06654,2.22209,1119.64,217.826,24.6215,-8.79215,32459.9,428.728,1,1,2,3,4,0
10,23,156.848,435.387,1.75839,2.22985,1103.03,254.383,23.1848,-8.32478,26955,410.018,1,1,2,3,4,0
10,24,156.395,434.844,1.84072,2.35805,959.612,222.82,21.1121,-10.0849,26169.8,384.799,1,2,2,3,4,0
10,25,155.4,433.646,1.82186,1.87223,934.207,225.992,12.9434,-8.77652,19970.6,338.586,1,2,2,3,4,0
10,26,153.742,433.5,2.06041,2.02971,1130.52,156.734,11.2636,-7.09068,29491.6,338.55,1,2,2,3,4,0
10,27,153.012,432.994,1.86021,1.66276,1118.26,196.709,2.22021,-7.71434,21703.3,323,1,2,2,3,4,0
10,28,153.053,432.942,2.0544,1.7426,1065.13,177.541,0.287196,-6.70789,23870.6,323.178,1,2,2,3,4,0
10,29,153.696,433.673,2.03798,2.09415,1147.84,183.283,0.481714,-11.6517,31135.5,371.438,1,2,2,3,4,0
10,30,153.993,434.092,1.82543,2.20869,1025.37,233.124,-5.71773,-20.6563,25792.2,385.343,1,2,2,3,4,0
10,31,154.032,432.858,1.85707,1.44403,880.22,287.788,-13.5511,-14.9744,14815.2,368.621,1,2,2,3,4,0
10,32,153.987,432.201,1.97647,1.72486,1077.75,266.537,-9.89484,-12.9199,23025.3,404.041,1,2,2,3,4,0
10,33,153.521,432.462,2.31174,2.0602,934.709,189.876,-12.3842,-14.4529,28171,362.136,1,2,3,4,5,0
10,34,151.448,431.561,3.34409,2.26505,770.111,135.787,-16.015,1.32539,34280.7,351.751,1,2,3,4,5,0
10,35,150.529,430.985,3.81071,2.25266,704.901,136.021,0.0262121,0.767943,33423.6,351.976,1,2,3,4,5,0
10,36,152.225,431.707,3.74027,1.75936,584.569,220.54,1.31887,-13.0924,19894.4,332.734,1,2,3,4,5,0
10,37,152.753,432.226,2.48983,2.14001,794.848,197.155,-0.173205,2.82817,25244,344.012,1,2,3,4,5,0
10,38,152.701,430.668,2.41942,1.65166,654.167,176.278,4.37737,-6.71803,15254.3,265.189,1,2,3,4,5,0
10,39,151.974,429.428,1.96698,2.02884,905.863,152,4.46068,3.49659,22589.1,282.781,1,2,3,4,4,0
10,40,151.956,430.865,2.39448,1.82486,690.897,147.863,3.42707,2.76834,18731.4,264.503,1,2,3,3,4,0
10,41,152.728,431.913,1.85438,1.74356,1085.71,202.995,1.05227,-9.208,20146.4,314.089,1,2,3,3,4,0
10,42,153.929,430.96,2.15991,1.9542,1084.71,158.688,-5.91945,-1.04693,28566.1,328.746,1,2,2,3,4,0
10,43,153.353,431.688,2.76736,2.04134,680.224,158.676,-11.361,1.18643,22611.2,298.089,1,2,2,3,4,0
10,44,152.744,432.603,3.02851,2.10561,857.166,159.062,-19.6806,-11.0955,33364.4,366.633,1,2,2,3,4,0
10,45,153.03,433.142,2.32545,1.85634,919.613,200.076,-7.29742,-16.2002,24683.5,338.296,1,2,2,3,4,0
10,46,152.302,433.011,2.00092,1.82994,1029.85,197.261,-5.99182,-18.4033,23608.1,334.059,1,2,2,3,4,0
10,47,152.301,432.172,2.15954,2.2565,867.341,152.943,1.31389,-3.20758,26211.8,306.799,1,2,2,3,4,0
10,48,152.853,430.419,2.24701,1.90741,876.06,142.232,4.00125,-3.20644,23576.6,282.645,1,2,2,3,4,0
10,49,152.732,429.679,2.32112,2.30294,1005.5,88.7202,-1.04933,-5.49905,34166.9,296.201,1,2,2,3,4,0
10,50,152.742,430.673,2.29165,2.20636,834.924,122.962,-0.57505,-3.65294,26117.9,278.077,1,2,2,3,4,0
10,51,153.269,431.482,2.35095,2.2666,1012.35,84.6809,2.75088,-7.6073,33231.6,290.716,1,2,2,3,4,0
10,52,152.752,431.9,2.36752,2.01062,856.541,88.0664,4.85661,-7.23703,26467.8,249.686,1,2,2,3,4,0
10,53,152.548,431.289,2.47126,1.85289,703.503,122.041,1.72272,-5.59083,20336.5,240.716,1,2,2,3,4,0
10,54,153.05,429.584,2.11231,2.18747,964.608,134.393,0.895343,-5.3988,27705.5,301.923,1,2,2,3,4,0
10,55,153.02,429.416,1.89459,2.15496,1056.29,161.93,5.26334,-0.789861,26903.2,319.781,1,2,2,3,4,0
10,56,154.157,430.54,2.2412,1.92972,1003.92,145.97,0.10211,-7.58926,27027.7,296.675,1,2,2,3,4,0
10,57,154.043,431.129,2.33668,1.8564,939.195,122.089,1.01953,-5.66321,25322.3,270.704,1,2,2,3,4,0
10,58,152.82,432.15,2.46675,2.26555,917.617,99.427,2.80395,-8.31685,31506,289.272,1,2,2,3,4,0
10,59,153.089,432.552,2.55002,2.23293,854.31,119.696,1.43544,-4.55395,29779.1,293.379,1,2,2,3,4,0
10,60,154.58,431.772,2.00794,1.8517,1018,148.293,3.94891,-7.64422,21513.9,274.314,1,2,2,3,4,0
10,61,154.721,430.875,1.93659,2.0176,1273.06,118.86,-0.227708,-8.12018,31108.9,300.615,1,2,2,3,4,0
10,62,154,430.58,2.02141,2.20996,1020.57,124.058,2.99254,-7.53604,29483.9,293.166,1,2,2,3,4,0
10,63,153.413,430.945,2.38071,2.34481,923.073,66.0718,1.26222,-10.8853,33635.6,274.917,1,2,2,3,4,0
10,64,153.163,431.96,2.33906,2.09351,1140.92,83.7144,-0.184664,-4.85595,34941.8,296.982,1,1,2,3,4,0
10,65,153.034,432.72,2.46027,2.11458,1064.69,90.0373,5.91223,-0.208726,34714.2,299.45,1,1,2,3,4,0
10,66,152.946,432.571,2.2549,2.18877,971.662,102.845,6.45866,-1.82517,29712.2,278.911,1,1,2,3,4,0
10,67,153.085,431.939,1.97216,2.10911,1010.33,170.84,-4.73562,-8.99416,24477,310.16,1,1,2,3,4,0
10,68,153.458,432.417,1.95299,2.09374,1051.2,142.942,3.99655,-6.88868,26298.4,297.03,1,1,2,3,4,0
10,69,153.721,432.45,2.11051,2.24465,920.527,141.047,3.61515,-1.007,27489.6,301.426,1,2,2,3,4,0
10,70,153.905,431.611,2.14779,1.69803,949.38,160.113,3.99074,-10.6241,20408,266,1,2,2,3,4,0
10,71,153.183,430.539,2.06482,2.21048,1076.55,112.927,5.82741,-4.68032,30540.4,292.935,1,2,2,3,4,0
10,72,153.509,430.6,1.9192,2.08958,940.067,144.152,5.55944,0.66747,21876.3,274.059,1,2,2,3,4,0
10,73,153.897,430.878,2.09409,2.27162,1055.12,96.8418,-0.887267,-3.02486,30553,281.166,1,2,2,3,4,0
10,74,152.685,430.401,2.07022,2.31459,910.185,104.575,2.96139,-5.27016,27072.3,265.272,1,2,3,4,5,0
10,75,151.862,428.976,1.98447,1.98227,969.244,134.285,1.93986,-0.442236,23848,272.32,1,2,3,4,5,0
10,76,151.78,428.692,1.95228,1.94488,1009.46,139.799,4.33211,7.30519,23773.5,276.089,1,2,3,4,5,0
10,77,152.976,430.897,1.96027,1.53812,800.911,146,2.55872,-0.78669,15141.9,229.775,1,2,3,4,5,0
10,78,154.533,431.633,2.01359,1.9621,1050.88,126.639,-1.93359,-4.94637,25938.4,278.231,1,2,3,4,5,0
10,79,153.545,429.985,2.0005,2.08879,889.406,107.621,2.8645,1.23899,23153.4,241.065,1,2,3,4,5,0
10,80,153.047,428.811,2.08604,2.10157,955.194,89.2529,0.699456,-7.77883,26106.4,246.71,1,2,3,3,4,0
10,81,152.947,428.815,2.03437,1.9813,981.88,106.93,0.361681,-6.81772,24737.3,251.32,1,2,3,4,4,0
10,82,153.756,430.591,1.78,1.70847,786.028,126.414,-2.91616,-5.9596,15000.9,216.302,1,2,2,3,4,0
10,83,153.753,431.382,1.57367,2.02821,1018.43,134.322,-2.64093,-3.28978,20353.7,253.166,1,2,2,3,4,0
10,84,153.203,432.293,1.82802,1.68193,997.207,125.16,-1.58617,-6.5078,19239,236.941,1,2,2,3,4,0
10,85,153.031,433.153,1.86304,2.08066,1117.02,110.4,-5.36807,-3.22091,27075.4,267.077,1,2,2,3,4,0
10,86,153.234,432.615,1.93978,2.09729,968.929,116.876,-6.25969,-2.68101,24424.6,266.941,1,2,2,3,4,0
10,87,154.088,431.908,2.12756,2.07483,895.244,117.936,-2.8498,-6.04498,23992.4,261.497,1,2,2,3,4,0
10,88,154.25,431.234,2.01841,2.18184,999.82,126.404,-2.66847,-4.49245,27425.1,282.509,1,2,2,3,4,0
10,89,153.764,431.436,2.02121,1.99122,1131.26,115.593,-0.300686,-11.4651,27765.2,277.136,1,2,2,3,4,0
10,90,153.588,432.426,1.92008,1.55107,1040.62,117.78,-2.61015,-7.6697,19431.2,228.45,1,2,2,3,4,0
10,91,153.809,433.306,2.03992,2.16312,1008.84,104.705,-4.81858,-5.14906,27727.6,278.272,1,2,2,3,4,0
10,92,154.329,432.993,2.12178,2.18413,941.153,110.12,-0.389151,-2.25316,27058.6,271.361,1,2,3,3,4,0
10,93,155.044,431.934,2.04403,1.83606,867.12,113.57,-0.914876,-6.55191,20365.9,231.361,1,2,3,4,5,0
10,94,156.076,430.462,1.96447,2.13873,947.488,124.796,-5.89195,-5.54695,24820.8,270.012,1,2,3,4,5,0
10,95,157.226,429.824,1.87294,1.93691,892.854,132.728,-4.00306,-1.48118,20288.3,244.775,1,2,3,4,5,0
10,96,159.251,429.936,1.50316,1.90541,816.54,148.102,-8.19537,-0.970406,14672.1,228.763,1,2,3,4,5,0
10,97,160.003,430.97,1.76653,2.08836,955.39,121.755,2.02872,2.69951,22050.3,248.195,1,2,3,4,5,0
10,98,161.067,432.223,2.17375,2.33677,632.869,102.232,-3.67779,0.0207078,19704.8,218.74,1,2,3,4,5,0
10,99,162.006,433.63,1.97698,2.18425,807.489,145.904,-4.3085,0.738237,21724,275.817,1,2,3,3,4,0
10,100,162.353,433.29,1.94175,2.044,764.671,161.857,-1.24281,6.26718,20977.8,289.29,1,2,2,3,4,0
10,101,163.033,432.554,1.66338,1.87658,809.814,176.515,1.05123,6.3497,16647.6,273.87,,,,,,0
11,1,166.013,433.065,1.78693,1.91566,1428.47,261.871,-12.9279,-7.13912,30655.7,438.302,1,1,2,2,3,0
11,2,165.858,432.427,1.61519,1.62607,1566.65,258.042,-1.4518,-16.4249,25841.7,431.272,1,1,2,2,3,0
11,3,165.665,431.85,1.76484,1.78748,1660.69,289.986,-6.6722,-21.0639,31465,461.994,1,1,2,2,3,0
11,4,165.268,431.555,1.6622,1.77576,1752.4,242.873,-3.29007,-12.8846,32461.6,430.639,1,1,2,2,2,0
11,5,165.194,431.125,1.84447,1.76618,1643.37,216.44,-8.07772,0.787454,33582,412.16,1,1,2,2,2,0
11,6,165.4,430.946,2.0494,1.94076,1587.36,215.864,-7.09975,3.26228,39460.6,449.828,1,1,2,2,3,0
11,7,165.72,431.403,1.99888,2.10397,1531.55,147.02,-0.883752,-3.5402,40173.3,388.083,1,1,2,2,3,0
11,8,165.932,431.76,1.81557,1.80367,1786.1,185.33,-0.316139,-0.771666,36100.3,402.284,1,1,2,2,3,0
11,9,166.144,432.649,2.05372,2.10573,1506.16,164.867,-2.90819,-0.752777,41322.1,407.811,1,1,1,2,2,0
11,10,166.321,432.981,1.80947,1.98257,1519.31,181.318,-12.6744,-9.15257,33823.7,378.799,1,1,1,2,1,0
11,11,166.42,432.971,1.81724,1.91064,1528.84,178.668,-9.9586,-6.19925,33196.5,378,1,1,1,2,2,0
11,12,166.312,432.879,1.81867,1.96902,1588.26,195.694,-10.9795,6.7557,35472.1,401.089,1,1,1,2,3,0
11,13,166.03,433.698,1.71987,2.00152,1494.45,235.144,-18.5375,-6.39034,32221.7,418.615,1,1,1,1,1,0
11,14,165.69,433.749,1.71779,2.00419,1385.57,206.12,-8.82901,-7.00897,30305.4,392.497,1,1,1,1,1,0
11,15,165.701,433.597,1.87162,2.15038,1298.45,180.471,-8.80239,-9.64049,33059.5,381.402,1,1,1,1,1,0
11,16,165.966,433.706,1.93261,2.05237,1460.23,191.95,-7.80174,-11.2389,36203.8,413.775,1,1,1,1,1,0
11,17,166.023,433.562,1.9089,1.92544,1317.89,199.964,-11.391,-5.60462,30804.3,376.781,1,1,1,1,1,0
11,18,165.898,433.497,2.06529,2.03871,1262.88,174.691,-10.745,-5.79443,33169.1,381.965,1,1,1,1,1,0
11,19,165.712,433.4,1.82809,2.07867,1248.25,228.401,-5.10979,-13.4542,29647.3,417.148,1,1,1,1,1,0
11,20,165.726,433.348,1.84522,2.03548,1192.33,226.9,-24.4125,-3.79759,27008.8,393.947,1,1,1,1,1,0
11,21,165.698,433.327,2.03283,2.01079,1167.71,191.366,-18.7494,-2.75263,29807.5,378.988,1,1,1,1,1,0
11,22,165.83,433.216,1.93878,1.88364,1216.25,220.435,-21.8788,1.2982,27819,399.704,1,1,1,1,1,0
11,23,165.638,433.393,2.08241,2.02275,1371.92,193.773,-19.9374,-1.03345,36040.7,416.799,1,1,1,1,1,0
11,24,165.667,433.324,1.90777,1.96263,1361.06,181.469,-18.1071,-2.25238,31891.6,378.728,1,1,1,1,1,0
11,25,165.69,433.376,1.83669,2.03606,1466.52,187.86,-12.9613,-7.00403,34302.7,397.118,1,1,1,1,1,0
11,26,165.971,433.689,1.8616,2.01688,1487.45,156.566,-9.74701,-8.93291,34947.2,369.101,1,1,1,1,1,0
11,27,166.092,433.434,1.80891,1.86095,1379.24,157.162,-10.6392,-3.81134,29106.3,320.473,1,1,1,1,1,0
11,28,166.205,433.547,1.90415,1.91792,1326.81,133.766,-13.9806,-3.8879,30372.8,310.87,1,1,1,1,1,0
11,29,166.114,433.935,1.9387,2.05665,1443.54,125.536,-10.1827,-7.93294,35983,334.456,1,1,1,1,1,0
11,30,166.112,434.314,1.88151,1.80887,1437.62,161.159,-10.4527,-7.47721,30674.4,333.793,1,1,1,1,1,0
11,31,166.281,434.475,1.64996,1.92249,1478.72,162.7,-12.2638,-7.13915,29400,333.118,1,1,1,1,1,0
11,32,166.066,434.161,1.72642,2.08947,1346.98,151.921,-9.68979,-9.99146,30399.3,327.266,1,1,1,1,1,0
11,33,165.916,434.158,1.95218,2.09552,1418.25,113.7,-10.6362,-10.4571,36240.9,333.361,1,1,1,1,1,0
11,34,165.828,433.992,1.89922,1.92792,1317.57,133.527,-9.03735,-8.93939,30218,325.645,1,1,1,1,1,0
11,35,165.935,433.964,1.88314,2.01278,1207.48,160.443,-8.22203,-2.29919,28645.3,339.314,1,1,2,2,3,0
11,36,166.503,434.67,1.67203,1.91182,1701.24,211.812,-18.3094,-7.12603,34093.6,410.302,1,1,1,2,3,0
11,37,166.613,434.914,1.84705,2.11527,1442.92,170.949,-19.7285,-1.1807,35226.5,380.929,,,,,,0
12,1,167.636,260.364,1.81608,2.25548,436.136,115.018,4.8049,-1.67014,11719.3,181.036,1,2,3,4,5,0
12,2,165.761,259.192,2.01411,2.36599,926.104,121.233,2.63892,-0.651025,27350.5,282.568,1,2,3,4,5,0
12,3,164.617,258.726,2.00563,2.03568,1361.59,130.252,6.26771,-1.10254,34833.5,334.053,1,2,3,4,5,0
12,4,164.848,259.143,1.81363,1.95901,1345.87,178.06,9.18733,-8.25166,30143.4,350.367,1,2,3,4,5,0
12,5,165.72,260.136,1.80497,1.98087,1248.25,210.889,10.6901,-9.55059,25697.1,356.207,1,2,3,4,5,0
12,6,167.388,261.586,2.27984,2.39896,650.156,156.139,10.6479,-1.74491,22217.5,285.077,1,2,3,4,5,0
12,7,168.166,263.832,1.72613,1.63838,648.663,285.634,23.3464,3.05581,11519.3,347.686,1,2,3,4,5,0
12,8,170.311,265.589,1.52355,2.75291,700.146,260.447,12.5733,5.19404,18788.2,365.035,1,2,3,4,5,0
12,9,170.795,265.449,1.50401,2.45254,679.163,260.708,15.5648,14.8805,15498.7,351.124,1,2,3,4,5,0
12,10,172.065,267.066,2.39363,3.01249,858.759,224.063,1.96,6.67215,39886.6,477.077,1,2,3,4,5,0
12,11,171.468,268.671,2.15074,3.35678,1392.64,154.281,3.74303,-18.5386,57972.7,509.296,1,2,3,4,5,0
12,12,171.134,267.503,1.80663,2.39254,1950.98,241.181,-2.82014,-29.509,52619.3,549.964,1,2,3,4,5,0
12,13,170.867,266.627,2.08162,2.32907,2110.94,155.289,4.02557,-12.9372,66736,558.876,1,2,3,4,5,0
12,14,171.27,267.051,2.45605,2.22371,1497.61,137.978,-0.259135,-10.2945,50317.4,438.172,1,2,3,4,5,0
12,15,174.108,268.624,1.61731,2.2208,920.731,244.276,6.57108,-6.15333,20334,362.982,1,2,3,4,5,0
12,16,176.757,267.52,2.91226,2.39787,633.234,187.42,11.7383,-0.196351,29374.8,358.26,1,2,3,4,5,0
12,17,175.304,265.397,2.53387,2.2076,580.251,206.763,17.8767,3.1494,21474,330.956,1,2,3,4,5,0
12,18,173.851,263.274,2.15548,2.01733,527.268,226.106,24.0152,6.49514,13573.3,303.651,1,2,3,4,5,0
12,19,176.079,266.495,2.68448,2.71175,725.007,186.507,18.4373,5.02197,31189.1,377.763,1,2,3,4,5,0
12,20,177.222,268.661,4.07183,3.4841,894.995,-8.40186,0.0510468,-20.3153,67822.1,438.024,1,2,3,4,5,0
12,21,175.65,268.416,3.58623,2.50841,670.586,194.366,19.3715,1.11343,34973.6,399.876,1,2,3,4,5,0
12,22,174.254,267.707,1.78346,2.0126,719.943,273.54,22.8535,23.4951,12850.2,344.769,1,1,2,3,4,0
12,23,173.912,267.562,1.78217,1.79714,760.994,222.25,18.9547,14.6399,13555,295.544,1,1,2,3,4,0
12,24,174.366,267.912,1.7187,1.89094,641.551,218.781,23.1014,2.94749,13654.2,293.627,1,1,2,3,4,0
12,25,175.357,268.283,2.82728,2.13002,573.209,211.456,28.4653,3.55368,20870.6,340.065,1,1,2,3,4,0
12,26,175.722,267.997,3.61301,2.29804,777.363,138.348,21.5399,0.408228,37333.3,361.953,1,1,2,3,4,0
12,27,175.839,268.162,3.57093,2.40639,699.959,136.204,17.7576,-6.68293,34981,345.426,1,1,2,3,4,0
12,28,174.81,267.82,2.36049,1.96863,723.514,176.964,25.9351,-1.8938,20855.7,296.243,1,1,2,3,4,0
12,29,174.864,267.341,1.86814,2.0017,752.089,201.047,21.4748,8.89334,16590.9,286.219,1,1,2,3,4,0
12,30,175.03,267.507,1.83265,1.96311,700.647,205.668,17.4168,-10.0381,14830.5,300.905,1,1,2,3,4,0
12,31,175.261,266.288,1.72252,1.89247,493.765,183.923,14.4113,14.6302,9145.58,241.58,1,1,2,2,3,0
12,32,175.264,266.25,1.73655,1.99273,520.677,168.447,12.9554,12.0438,9800.64,237.609,1,1,2,2,3,0
12,33,175.119,266.629,1.84963,2.05955,685.413,162.37,11.4311,9.08142,16326.3,272.953,1,1,2,2,3,0
12,34,174.733,267.176,1.81043,1.92048,485.335,135.875,14.0365,1.77468,10575.6,196.302,1,1,1,2,3,0
12,35,174.535,267.423,1.70305,1.74668,451.855,153.767,19.64,-2.28395,7337.82,199.432,,,,,,0
13,1,172.011,410.442,1.73587,2.49921,659.339,216.454,-14.4688,4.87656,19760,341.456,1,1,2,3,4,0
13,2,171.696,410.984,2.25019,3.18335,769.892,159.19,-13.7782,5.6881,31768.1,349.349,1,1,2,3,4,0
13,3,172.258,410.344,1.78994,2.49513,849.756,190.856,-14.7394,14.0217,23162.3,319.852,1,1,2,3,4,0
13,4,172.223,410.021,1.82827,1.77473,860.713,155.25,-22.838,5.21321,17519.5,256.077,1,2,2,4,5,0
13,5,171.228,409.978,3.27467,1.97418,767.9,109.541,-13.9835,1.77051,28787,280.065,1,2,3,4,5,0
13,6,166.993,412.013,2.19242,2.59752,573.415,135.098,-0.193132,-2.6059,19989.2,249.331,1,2,3,4,5,0
13,7,166.878,413.09,2.21421,2.43179,880.937,116.755,-6.12895,-5.48852,29228.5,287.243,1,2,3,4,5,0
13,8,167.241,413.693,2.2392,2.40013,883.693,114.079,-3.16592,-6.65705,29254.8,292.899,1,2,3,4,5,0
13,9,168.181,415.023,2.17345,2.11469,920.932,135.241,-0.548943,-10.9942,26337.9,284.527,1,2,3,4,5,0
13,10,171.59,415.29,2.46668,1.9308,529.989,140.448,-0.295757,0.968891,15581.4,232.74,1,2,3,4,5,0
13,11,172.668,415.628,2.53083,2.57554,764.209,86.705,-1.62208,-0.913376,30733.9,274.302,1,2,3,4,5,0
13,12,171.27,416.404,2.17982,2.48779,818.749,136.23,6.25054,-3.6236,27275.3,297.379,1,2,3,4,5,0
13,13,171.362,416.728,1.96405,2.38954,875.008,132.24,-1.59825,1.74525,25093.7,285.337,1,2,3,4,5,0
13,14,172.118,416.811,1.79859,2.26698,825.597,141.161,5.60887,8.81867,20228.2,259.355,1,2,3,4,5,0
13,15,176.362,419.895,2.48417,2.92299,272.723,96.4059,0.134866,0.532674,11768.5,171.136,,,,,,0
14,1,174.297,102.152,1.49747,1.43319,412.754,86.4022,-7.47565,-8.29059,5566.42,123.077,1,1,1,1,1,0
14,2,174.144,102.051,1.65868,1.24051,400.951,107.749,-8.46908,-2.91863,5182.41,139.189,1,1,1,1,1,0
14,3,174.085,101.893,1.29737,1.4518,409.55,135.057,-10.0825,-2.65513,4846.78,157.574,1,1,1,1,1,0
14,4,173.677,101.671,1.39346,1.6801,325.597,103.06,-3.11853,-4.33776,4794.04,131.444,1,1,1,1,1,0
14,5,173.745,101.961,1.4274,1.60259,323.126,88.3913,0.373673,-0.1039,4643.54,118.225,1,1,1,2,3,0
14,6,173.89,101.641,1.77032,1.78509,306.22,53.5219,1.27064,1.55401,6071.55,92.2485,1,1,2,2,4,0
14,7,173.241,101.152,1.21505,1.27493,458.357,86.935,0.264128,2.97637,4463.76,111.231,1,1,2,3,4,0
14,8,173.995,101.835,1.29615,1.26522,380.723,87.1311,-7.08736,1.6242,3938.91,105.479,1,1,1,2,1,0
14,9,173.831,102.014,1.51626,1.28663,311.564,80.1257,-0.56108,2.73156,3819.03,105.633,1,1,1,1,1,0
14,10,173.95,102.048,1.50032,1.67,296.097,76.7655,1.66503,5.42576,4659.91,108.249,1,1,1,1,1,0
14,11,174.31,102.373,1.68912,1.72362,336.357,73.1056,0.469258,4.97826,6147.16,113.118,1,1,1,1,1,0
14,12,174.217,102.086,1.55322,1.68968,387.532,90.6215,3.72544,7.35464,6387.86,127.402,1,1,1,2,1,0
14,13,174.189,102.251,1.4324,1.69324,457.574,84.7937,1.74055,4.73626,6970.31,127.189,1,1,2,2,3,0
14,14,174.268,101.561,1.16821,1.88833,363.124,84.3988,-0.554799,4.07476,5024.41,114.621,1,1,2,2,3,0
14,15,174.3,101.96,1.07099,2.58398,298.592,90.7661,-3.02417,8.9194,5091.02,119.923,1,1,2,2,4,0
14,16,174.123,102.719,1.2584,2.35128,363.052,81.8221,-5.24486,9.98321,6677.47,118.852,1,1,2,3,4,0
14,17,173.927,101.616,1.08967,1.61308,550.778,89.3309,-4.94925,5.63136,6081.55,129.148,1,1,1,2,3,0
14,18,174.109,101.752,1.28014,1.34271,465.781,82.8337,-3.68465,-3.62832,5033.74,113.716,1,1,1,2,3,0
14,19,173.895,101.652,1.45484,1.47097,413.594,73.8214,-2.62662,-2.61198,5561.3,113.982,1,1,1,2,2,0
14,20,174.238,102.088,1.44308,1.74244,331.993,63.3112,-3.19204,-3.21711,5244.03,93.3905,1,1,1,2,2,0
14,21,174.662,101.728,1.16216,1.32351,455.001,74.9958,-3.72824,-2.63304,4397.26,104.071,1,1,1,1,1,0
14,22,174.144,101.784,1.24613,1.68482,439.638,79.491,-1.62015,-6.06463,5797.54,109.769,1,1,1,1,1,0
14,23,173.969,101.935,1.48198,1.73815,405.423,68.5237,-6.24062,-3.72532,6558.54,111.379,1,1,1,1,1,0
14,24,174.056,101.707,1.46333,1.11245,363.473,80.1819,-8.01003,-1.66008,3722.18,95.5444,1,1,1,1,1,0
14,25,173.991,101.504,1.08344,1.15197,419.991,88.0857,-1.26019,-0.563129,3294.51,110.686,1,1,1,1,1,0
14,26,174.06,101.521,0.939969,1.58034,487.382,79.503,-3.6641,0.414968,4603.33,104.746,1,1,1,1,1,0
14,27,174.155,101.551,1.40891,1.97835,324.194,62.1888,-1.96783,1.28205,5661.8,96.2012,1,1,1,1,1,0
14,28,174.327,101.95,1.79685,2.08844,276.485,61.1397,-2.52922,-2.24406,6489.2,100.018,1,1,1,1,2,0
14,29,173.811,101.362,1.18341,1.51137,427.57,69.8026,-0.92602,2.12756,4804.64,97.1243,1,1,1,1,1,0
14,30,174.117,101.373,1.25359,1.76465,384.846,58.685,1.25655,1.0175,5345.14,89.0414,1,1,1,1,1,0
14,31,174.162,101.583,1.39673,2.05246,316.277,51.6708,-1.35271,0.594009,5675.15,89.7278,1,1,1,1,1,0
14,32,174.325,101.951,0.893596,1.6432,417.167,59.3894,-2.24004,1.84888,3848.15,82.574,1,1,1,1,1,0
14,33,174.397,101.763,1.1604,1.4095,518.94,50.0352,-5.01719,-0.796849,5333.22,84.0296,1,1,1,1,1,0
14,34,174.256,101.586,1.59792,1.26563,424.637,50.1605,-2.85079,-0.858365,5394.97,83.4379,1,1,1,1,1,0
14,35,174.028,101.699,1.44486,2.00522,350.326,45.2599,-0.59223,0.233628,6360.11,82.4734,1,1,1,1,1,0
14,36,174.095,102.021,1.79489,2.24193,332.38,40.3179,-0.956776,-1.61423,8339.23,90.1657,1,1,1,1,1,0
14,37,174.264,102.055,1.99577,2.02336,305.333,54.5652,-2.03109,-2.76079,7705.73,100.071,1,1,1,1,1,0
14,38,173.972,101.927,1.44122,1.73146,399.405,71.5247,-3.16024,-1.64959,6259.47,106.645,1,1,1,1,1,0
14,39,174.283,101.774,1.55569,1.93561,340.533,56.7154,-3.90708,-2.0251,6430.39,95.3432,1,1,1,1,1,0
14,40,174.076,102.069,1.36633,1.65814,338.905,59.193,-3.32542,-1.5737,4937.03,88.4053,1,1,1,2,1,0
14,41,173.868,102.364,1.17696,1.38067,337.276,61.6705,-2.74375,-1.1223,3443.67,81.4675,1,1,1,2,2,0
14,42,173.953,101.806,1.55221,1.74089,365.927,68.7163,-4.42083,-0.0999127,6209.3,112.533,1,1,1,2,2,0
14,43,173.459,101.311,1.78167,1.9363,262.923,94.2807,-9.51642,1.55185,5869.65,128.669,1,1,1,2,2,0
14,44,173.818,101.469,1.54727,1.54638,305.31,114.482,-13.5493,4.8038,4644.1,142,1,1,1,2,2,0
14,45,173.529,102.011,2.74078,1.77379,300.534,110.734,-14.0044,1.77289,8902.6,162.349,1,1,1,2,2,0
14,46,174.014,101.893,2.00743,1.59621,335.546,116.024,-13.0657,-4.65323,6746.57,147.864,1,1,1,2,2,0
14,47,174.161,101.848,1.73613,1.69358,270.802,92.4452,-7.64728,-7.11227,5014.18,121.787,,,,,,0
15,1,178.001,252.209,2.18432,1.93441,415.354,182.171,14.6458,18.2752,10953.5,265.112,1,1,1,2,2,0
15,2,177.87,252.442,1.71716,1.90825,509.756,226.876,9.47664,20.4293,10177.8,282.805,1,1,1,2,2,0
15,3,177.729,252.727,1.65865,2.12936,419.318,216.045,12.57,16.6384,9260.93,260.781,1,1,2,2,2,0
15,4,178.342,252.557,2.19539,1.9546,469.816,153.317,-4.0454,4.89412,14849.6,239.822,1,1,2,2,2,0
15,5,178.061,252.231,2.59628,2.16793,471.663,112.417,-1.3366,8.49274,16255.6,217.846,1,1,2,2,3,0
15,6,178.379,251.924,2.6074,1.80831,494.043,155.974,5.22508,15.6208,14308.2,235.225,1,1,2,2,3,0
15,7,178.458,252.436,2.01663,1.52737,561.763,245.129,14.5777,24.531,12710.7,318.728,1,1,2,3,4,0
15,8,179.057,252.924,2.34875,2.08682,591.367,218.795,-6.82571,9.24152,19066.5,317.692,1,1,2,3,4,0
15,9,178.073,253.355,2.11176,1.84194,916.795,208.899,-9.30899,-1.698,22286.5,333.314,1,1,2,3,4,0
15,10,178.139,253.263,2.05887,2.07367,935.348,168.066,-10.2229,-0.798534,24913.9,313.604,1,2,2,3,4,0
15,11,178.823,252.552,2.61941,2.33863,666.243,116.403,-5.42638,0.0178321,25714.5,272.728,1,2,2,3,4,0
15,12,178.96,251.961,3.18907,2.33275,543.092,144.905,3.36265,-3.16453,24395.9,295.148,1,2,2,3,4,0
15,13,177.826,252.439,1.62161,1.44918,667.263,264.162,17.2745,-21.2408,7609.92,305.462,1,2,2,3,4,0
15,14,178.015,252.042,2.7138,1.40099,472.063,236.518,27.1323,-17.0377,10981.7,309.408,1,2,2,3,4,0
15,15,178.772,250.913,1.62342,1.83958,623.492,221.787,4.88308,8.83554,24072.6,355.657,1,2,2,3,4,0
15,16,179.184,251.147,2.20384,1.88099,770.632,150.813,3.33483,-1.53655,35091.7,382.675,1,2,2,3,4,0
15,17,178.293,251.873,1.91323,1.58402,639.982,242.057,13.415,-2.99491,12164,313.888,1,2,2,3,4,0
15,18,177.456,252.238,1.55629,1.53129,588.314,186.765,6.57641,-0.141106,8807.4,244.237,1,1,1,1,1,0
15,19,177.513,252.116,1.7931,1.56693,485.105,175.649,5.19909,-0.609995,8684.87,224.876,1,1,1,1,1,0
15,20,177.555,251.886,2.12212,1.94504,477.978,146.593,9.2589,7.38766,12089.5,215.568,1,1,1,1,1,0
15,21,178.015,251.914,2.38256,2.1969,481.778,112.128,4.752,3.91052,15574.8,205.988,1,1,1,1,1,0
15,22,178.002,252.333,2.11231,1.74985,596.125,105.626,5.28309,-1.04422,13778.3,192.172,1,1,1,1,1,0
15,23,177.98,252.4,2.1749,1.65991,516.469,121.056,4.27279,3.40743,11647.9,187.284,1,1,1,2,2,0
15,24,177.484,252.084,1.91247,2.04796,460.55,101.82,5.15636,1.05294,12160,171.083,1,1,1,2,2,0
15,25,177.549,251.644,1.84675,2.14119,506.032,113.109,4.54481,10.0964,11571,177.663,1,1,1,2,2,0
15,26,177.812,251.813,2.11102,1.79087,484.094,133.689,3.06556,7.36971,10866.1,190.095,1,1,1,2,2,0
15,27,177.873,252.165,2.03895,1.96574,508.772,129.455,7.95526,1.32637,12747,198.917,1,1,1,2,2,0
15,28,177.072,252.042,1.5607,1.9813,472.754,141.122,12.8743,5.25262,9164.09,191.716,1,1,1,1,1,0
15,29,177.033,251.891,1.78424,2.13184,382.326,114.671,9.18988,4.24143,9090.75,173.935,1,1,1,1,1,0
15,30,177.284,251.582,1.94155,1.90429,368.531,112.072,6.74604,6.61598,8530.45,159.763,1,1,1,1,1,0
15,31,177.5,251.844,1.81133,1.93942,491.676,107.09,3.41315,3.91483,10819.8,168.195,1,1,1,1,1,0
15,32,177.586,251.896,1.92753,1.99447,550.492,110.212,0.291736,4.56265,12903.8,191.491,1,1,1,1,1,0
15,33,177.511,252.103,1.80682,1.68013,715.905,101.534,5.44262,2.74779,15195.8,199.095,1,1,1,1,1,0
15,34,177.644,251.814,2.27433,2.14445,455.779,74.9219,3.53562,4.80762,13423.6,156.521,1,1,1,1,1,0
15,35,177.5,252.24,2.12418,2.03577,443.136,84.41,7.44764,2.54986,11936.9,157.544,1,1,1,1,1,0
15,36,177.686,252.384,2.18336,1.80973,392.456,109.061,3.37193,-0.0964165,9674.43,161.142,1,1,1,1,1,0
15,37,177.696,252.183,2.77919,2.35898,378.328,59.4767,4.27533,-0.54378,14825.2,150.491,1,1,1,1,1,0
15,38,177.365,251.999,2.22634,1.98876,504.586,84.8071,9.18427,2.12847,13652.8,163.959,1,1,1,1,1,0
15,39,177.433,251.994,1.9933,1.73142,558.449,112.462,8.60201,5.02988,12081.5,178.852,1,1,1,2,3,0
15,40,178.045,251.503,2.45302,1.82138,378.26,116.573,5.79819,10.2856,9775.38,174.059,1,1,1,2,2,0
15,41,177.807,251.624,2.27967,2.44897,372.285,62.9132,6.61478,5.27866,14441.3,149.355,1,1,2,2,3,0
15,42,177.119,251.85,2.23785,2.24841,438.078,40.8752,0.48486,3.86602,14256,131.994,1,1,1,2,2,0
15,43,176.967,252.238,2.18021,1.81573,460.542,83.1964,0.602878,0.0296635,11381.9,151.97,1,1,1,2,2,0
15,44,177.257,251.877,2.39296,2.06907,433.015,61.8839,2.1373,2.53814,13881,143.343,1,1,1,2,2,0
15,45,177.01,251.471,2.05175,1.57506,452.725,89.9763,5.40465,6.45388,9162.2,139.438,1,1,1,2,2,0
15,46,176.993,251.814,2.10161,2.21375,427.123,85.5142,4.48054,1.33481,12271.5,159.509,1,1,2,2,3,0
15,47,177.377,251.693,2.40703,2.73876,441.935,38.2167,-0.678057,-1.30109,17548.6,146.479,1,1,2,2,3,0
15,48,177.851,252.101,2.0964,2.36613,468.823,76.0001,-2.15826,-4.40615,14398.2,160.988,1,1,2,2,3,0
15,49,177.845,251.601,2.45865,2.24425,344.795,66.1411,-1.79105,-2.17944,11690.6,132.615,1,1,2,3,4,0
15,50,176.72,251.361,2.68801,1.92939,398.628,41.1993,4.26084,3.72533,14576.8,131.627,1,1,2,2,3,0
15,51,177.277,251.27,2.31426,2.22679,402.961,61.049,3.4556,2.85243,12885.8,138.805,1,1,1,1,1,0
15,52,177.008,251.487,1.95553,2.56074,383.32,76.0089,1.93647,1.51801,11744.5,146.994,1,1,1,1,1,0
15,53,177.016,251.316,2.19603,3.0315,392.714,73.2931,4.2229,-3.36095,15487.5,167.852,1,1,1,1,1,0
15,54,177.049,251.074,2.19462,2.62816,416.004,92.1072,7.11897,-3.24738,14663.5,178.462,1,1,1,1,1,0
15,55,176.67,251.34,1.8923,2.35315,403.751,114.747,6.95422,-5.08189,11154.8,177.207,1,1,1,1,1,0
15,56,176.733,251.517,1.90747,2.21255,385.695,134.204,6.59411,-11.586,9347.06,191.828,1,1,1,1,2,0
15,57,177.176,251.721,2.03599,2.03751,354.323,134.62,4.15073,-16.895,9476.23,195.988,1,1,1,2,2,0
15,58,177.221,251.13,1.81908,2.05713,341.844,144.837,1.76859,-5.90179,8004.52,193.799,1,1,1,1,2,0
15,59,177.396,250.67,2.08961,1.95891,333.42,97.1164,2.99485,1.33517,8518.4,152.911,1,1,1,1,1,0
15,60,177.55,250.761,2.05808,1.82576,379.662,111.697,1.5934,-0.636842,8509.26,163.822,1,1,1,1,1,0
15,61,177.21,251.056,1.95315,2.64169,360.909,120.438,5.64972,-0.334185,11328.4,181.751,1,1,1,1,1,0
15,62,177.053,251.508,2.1531,2.60074,324.882,127.041,7.62612,-1.03497,11428.1,198.923,1,1,1,1,1,0
15,63,177.232,251.183,2.01651,2.2599,419.325,111.943,12.7871,-5.04991,13296.1,190.231,1,1,1,1,1,0
15,64,177.1,251.295,1.77225,2.05784,298.155,153.125,11.6694,-10.7795,6808.16,191.166,1,1,1,1,1,0
15,65,177.272,251.358,1.61703,1.6321,303.754,196.573,12.6499,-18.0996,5044.13,222.822,1,1,1,1,1,0
15,66,176.96,251.152,2.11616,1.90235,384.213,176.135,15.5821,-15.8296,9663.11,226.947,1,2,3,4,5,0
15,67,179.042,249.782,2.4897,3.02427,341.515,158.176,-9.11148,-6.51031,14138.1,231.651,1,2,3,4,5,0
15,68,178.26,250.622,2.50599,2.31326,548.055,132.371,2.26803,-9.43255,19438.5,247.213,1,1,1,2,1,0
15,69,178.18,250.442,2.82477,2.12527,504.883,111.339,2.54023,-8.10069,18895.1,225.213,1,1,1,2,2,0
15,70,177.964,250.715,2.79815,1.69968,496.045,145.451,12.518,-9.87199,14356.4,227.124,1,1,2,2,2,0
15,71,178.358,250.607,3.38615,2.4041,401.003,77.4182,5.90214,-5.80374,20955.8,212.089,1,1,2,2,3,0
15,72,177.523,250.752,1.53843,1.96761,500.446,123.071,5.33083,-5.36527,10314.8,183.379,1,1,2,2,2,0
15,73,177.449,250.376,1.90964,1.72696,413.093,122.697,-1.09527,-3.41111,7774.18,173.024,1,1,1,2,2,0
15,74,177.381,250.109,1.9677,2.00838,468.839,83.6233,0.520553,1.69413,11520.4,148.799,1,1,2,2,2,0
15,75,176.978,250.74,1.79939,2.13978,435.431,96.5284,5.2686,0.830141,10368.2,155.391,1,1,1,2,2,0
15,76,176.962,250.762,2.09682,2.17306,380.332,87.8959,-0.500975,-3.53583,11410.1,155.183,1,1,1,2,1,0
15,77,176.981,250.499,2.1166,2.15734,412.62,103.219,2.29643,-6.82298,11714.8,175.367,1,2,3,4,5,0
15,78,178.768,250.569,4.09271,2.14631,462.768,97.4409,8.00265,-8.54842,23548.4,237.059,,,,,,0
16,1,184.098,267.059,1.74646,1.87504,447.302,173.008,-18.1594,-8.10467,9193.71,226.426,1,1,1,2,2,0
16,2,183.848,267.71,1.65329,2.05954,620.196,209.221,-17.8746,-8.85101,13218,299.018,1,1,1,2,2,0
16,3,184.212,267.662,1.6739,1.78234,612.885,221.71,-21.1196,-15.5943,11478.2,293.947,1,1,1,2,2,0
16,4,184.203,267.942,1.63017,1.64392,616.954,232.246,-26.795,-18.589,10534.9,298.817,1,1,1,2,2,0
16,5,183.856,267.661,1.70855,2.05239,610.887,196.651,-20.2182,-12.6762,14512.3,283.828,1,1,1,2,2,0
16,6,183.509,267.38,1.78694,2.46086,604.819,161.055,-13.6415,-6.76341,18489.7,268.84,1,1,1,2,2,0
16,7,184.061,267.595,1.9798,2.17478,564.399,141.28,-8.17074,-1.972,15140.5,239.462,1,1,1,1,1,0
16,8,184.224,267.585,1.94647,2.1058,532.148,123.824,-10.9839,-2.55606,13612.8,207.828,1,1,1,1,1,0
16,9,183.954,267.909,2.02374,2.06938,491.997,143.011,-16.4272,-0.0226372,12866,227.556,1,1,1,1,1,0
16,10,183.84,267.574,2.21562,2.08354,431.365,170.181,-15.5991,4.79203,12376.7,248.698,1,1,1,1,1,0
16,11,184.106,267.65,2.27533,1.64604,553.783,155.241,-10.6424,-0.839552,12924.8,223.225,1,1,1,1,1,0
16,12,184.162,267.611,1.79214,1.87696,642.817,140.585,-5.95476,-3.10144,13798.4,217.036,1,1,1,1,1,0
16,13,184.185,267.505,1.86053,2.02714,608.838,133.578,-6.92129,1.00927,13880.7,215.657,1,1,1,1,1,0
16,14,183.723,267.621,2.17874,2.0657,556.796,120.265,-9.33625,-1.16436,15917.5,218.964,1,1,1,1,1,0
16,15,183.44,267.5,2.43105,2.14248,524.094,144.409,-21.9558,3.5165,16805,244.373,1,1,1,2,2,0
16,16,182.85,267.567,4.1639,1.98913,528,202.266,-32.3155,2.97975,22120,348.266,1,1,2,2,3,0
16,17,182.722,267.215,3.18537,2.50834,800.915,157.654,-16.9552,-0.310722,37192.9,385.888,1,1,2,2,3,0
16,18,183.586,267.151,3.22841,2.23209,442.263,179.117,-21.4924,0.471718,18612.4,288.243,,,,,,0
17,1,192.587,152.331,1.56602,2.18092,684.427,105.471,-3.74926,1.38438,14505.1,195.722,1,1,1,1,1,0
17,2,192.492,151.882,1.56849,2.0125,463.246,99.1164,-6.29444,0.319882,8813.65,153.314,1,1,1,1,1,0
17,3,192.376,151.997,1.74342,2.13011,450.332,86.7217,-5.88215,2.10231,10454.9,152.237,1,1,1,1,1,0
17,4,192.275,152.474,1.74639,2.21006,321.273,102.383,2.70087,2.02374,7413.16,146.716,1,1,1,1,1,0
17,5,192.082,152.538,1.40031,2.23753,304.686,104.621,3.29951,-0.097208,5949.79,136.728,1,1,1,1,1,0
17,6,192.461,152.486,1.47021,2.06112,438.901,112.362,-1.13275,-1.75827,8321.68,160.846,1,1,1,1,1,0
17,7,192.462,152.365,1.89529,1.74885,547.418,107.762,1.78701,0.956636,11600.4,176.728,1,1,1,1,1,0
17,8,192.173,152.402,1.72519,2.13584,421.568,100.922,5.55191,-0.138461,10028.3,158.083,1,1,1,1,1,0
17,9,192,152.086,1.71961,2.29172,336.798,91.6406,2.56562,-2.01922,8266.63,140.45,1,1,1,1,1,0
17,10,192.166,152.282,1.96456,2.61395,372.772,76.9992,-0.196311,-3.03106,11742.4,148.68,1,1,1,1,1,0
17,11,192.655,152.407,1.89463,2.82587,421.747,58.8683,1.44489,2.06853,13600.4,141.367,1,1,1,1,1,0
17,12,192.281,152.16,1.72523,2.3188,355.434,80.563,0.439988,8.40417,8851.09,132.929,1,1,1,1,1,0
17,13,192.43,152.421,1.76562,2.19777,390.29,86.3978,0.391748,4.68465,9443.22,143.142,1,1,1,1,1,0
17,14,192.406,152.514,1.37369,1.84609,696.386,85.6008,1.57638,0.427962,10777.8,147.047,1,1,1,1,1,0
17,15,192.581,152.767,1.78795,2.42188,312.871,58.3846,3.0075,4.26815,8393.97,114.296,,,,,,0
18,1,200.206,349.259,3.4454,1.54876,430.426,120.739,-16.5483,-2.16886,12738.1,194.509,1,2,3,4,5,0
18,2,197.768,348.952,3.46047,1.70319,571.401,118.995,2.43235,-0.509191,18571.9,226.095,1,2,3,4,5,0
18,3,196.17,349.03,1.98652,2.08423,512.243,126.237,2.78012,3.65824,13245.8,200.225,1,1,2,2,3,0
18,4,196.053,348.909,1.72629,1.99093,559.999,141.556,2.89196,4.80304,12059.5,203.331,1,1,2,3,4,0
18,5,196.525,349.004,2.1188,1.99524,477.448,111.964,-6.947,7.28918,12585.4,182.047,1,1,2,3,4,0
18,6,195.344,349.069,2.45173,2.53373,455.395,55.4792,1.16977,6.0888,19101.8,171.101,1,1,1,1,1,0
18,7,195.465,349.255,1.78737,2.38252,433.344,103.228,-0.799331,3.38826,11746,169.692,1,1,1,1,1,0
18,8,195.761,349.033,1.87192,2.30302,357.591,131.098,-2.09965,4.95976,9590.64,188.704,1,1,1,1,1,0
18,9,195.822,349.403,1.87824,1.88069,391.84,135.723,2.69836,0.480287,8122.51,182.266,1,1,1,1,1,0
18,10,195.814,349.608,1.55092,1.76832,461.892,136.342,0.716552,3.96502,7952.65,179.811,1,1,1,1,1,0
18,11,195.742,349.292,1.69482,2.04553,461.993,126.978,4.3845,6.1397,9928.86,188.799,1,1,2,2,3,0
18,12,196.129,349.444,1.9303,2.02982,460.498,111.295,5.77874,8.07393,12441.7,184.148,1,1,2,3,4,0
18,13,195.901,350.26,2.00167,2.56058,368.569,138.303,5.84802,8.05796,11635,215.183,1,1,2,3,4,0
18,14,196.213,350.883,2.26602,2.91529,516.356,126.637,0.760018,3.30719,21159.1,260.728,1,1,2,3,4,0
18,15,196.525,351.507,2.53036,3.27,664.143,114.97,-4.32799,-1.44357,30683.1,306.272,1,2,2,3,4,0
18,16,196.379,350.096,2.1066,2.34227,879.115,134.14,-4.08362,-3.6845,27144.1,293.746,1,1,2,3,4,0
18,17,196.497,350.195,2.14653,2.49088,808.236,132.033,-2.66889,-4.5938,26960.6,291.101,1,1,2,3,4,0
18,18,197.006,350.939,2.43586,3.08871,684.632,134.671,5.16959,0.894323,29902.7,314.201,1,1,2,3,4,0
18,19,196.367,350.639,2.20346,2.30527,738.434,148.74,3.42917,0.124907,23105.2,288.26,1,1,2,3,4,0
18,20,195.915,349.892,2.11419,2.31722,879.773,152.083,2.81921,-2.74755,26384.4,306.604,1,1,2,3,4,0
18,21,195.778,349.862,2.60926,2.73143,565.71,131.263,-6.72343,-1.06553,24107.3,280.195,1,1,2,2,4,0
18,22,196.374,350.597,1.96745,1.91789,476.363,162.143,-10.657,-3.54998,10386.9,222.053,1,1,2,2,3,0
18,23,196.455,350.367,2.1383,2.11563,504.696,126.628,-5.67157,5.8897,14197.1,209.355,1,1,2,2,3,0
18,24,196.829,350.279,2.45764,2.5531,442.919,122.929,-10.1675,10.5065,16891.8,227.089,1,1,2,2,3,0
18,25,197.238,350.509,2.17945,2.2925,469.616,168.378,-13.7966,9.34907,14513,250.852,1,1,2,2,3,0
18,26,196.418,350.544,2.16124,2.39328,539.212,187.264,-9.84803,14.6512,17191.9,285.272,1,1,1,2,2,0
18,27,196.734,350.576,2.26716,2.2646,455.868,146.412,-7.35975,11.9981,14461.4,234.189,1,1,1,2,2,0
18,28,196.814,350.153,2.06773,2.32096,475.136,107.673,-5.10304,5.51766,14143.4,196.467,1,1,1,2,2,0
18,29,196.695,350.003,1.90767,1.8689,501.643,138.675,-0.906094,5.32682,10583.5,205.03,1,1,1,2,2,0
18,30,197.113,350.31,2.65348,2.74743,379.011,84.4464,-0.51907,5.079,16710.1,182.751,1,1,1,2,2,0
18,31,197.013,350.324,2.65831,2.8067,372.13,77.1917,-3.41627,3.29808,16482.3,174.947,1,1,2,2,3,0
18,32,196.461,350.431,2.2137,2.08379,490.978,134.531,-4.74169,0.383301,14062.4,211.438,1,1,2,2,3,0
18,33,195.793,350.739,2.91675,2.4399,494.491,120.321,-5.45442,-1.72637,20950.9,249.769,1,1,2,2,3,0
18,34,196.669,350.432,2.29796,2.42174,340.828,163.933,-4.7001,-0.198664,11342,230.645,1,1,2,2,3,0
18,35,197.027,350.458,1.71223,2.04196,424.663,143.728,-2.04483,-1.70534,8980.82,194,1,1,1,2,1,0
18,36,196.89,350.721,1.88835,2.15725,460.324,128.912,-8.87807,-6.75697,11706.2,204.343,1,1,1,2,1,0
18,37,197.038,350.922,2.07392,2.01126,402.047,136.059,-12.3294,-8.50362,10517.1,192.089,1,1,1,2,1,0
18,38,197.032,350.711,1.92183,1.77802,465.35,155.357,-16.2979,-12.0159,10962.5,213.988,1,1,2,2,4,0
18,39,196.135,350.062,2.48016,3.1752,438.109,129.099,-9.23835,-12.0162,20211.1,247.213,1,1,2,2,3,0
18,40,196.599,349.819,1.6859,2.01968,524.035,147.207,-2.85016,5.86505,11175.7,218.982,1,1,1,2,2,0
18,41,196.634,349.931,2.23732,2.40231,455.632,90.2802,2.59363,5.79852,14935.4,186.16,1,1,1,2,2,0
18,42,196.549,350.558,2.38568,2.41422,440.38,53.2317,0.594481,-0.183199,15515.7,149.604,1,1,1,1,1,0
18,43,196.396,350.879,2.02366,2.22063,476.043,83.9123,0.235128,-2.23911,13309.9,162.266,1,1,1,1,1,0
18,44,196.417,350.81,1.83413,2.29426,504.713,72.4163,2.36604,0.197551,14290.7,158.988,1,1,1,1,1,0
18,45,196.192,350.711,1.95994,2.44892,399.063,80.0846,1.04021,-4.31951,11874.2,153.219,1,1,1,1,1,0
18,46,196.405,350.464,2.16135,2.44645,443.437,73.7513,0.0775462,-3.72974,14085,158.166,1,1,1,1,1,0
18,47,196.921,350.727,2.07685,2.16082,617.974,79.6844,-1.98955,-2.78162,17268.5,181.456,1,1,1,1,1,0
18,48,196.76,350.814,2.11668,2.15205,551.517,83.1041,-1.30172,-2.42606,15634.8,175.314,1,1,1,1,1,0
18,49,196.618,350.598,2.65194,2.26367,475.57,77.5805,0.353306,-1.36591,17034,179.598,1,1,1,1,1,0
18,50,196.985,350.714,2.89057,2.32744,451.166,80.7926,-2.83605,-1.52788,18183.9,193.172,1,1,1,1,1,0
18,51,196.801,350.533,2.36076,1.94919,437.268,75.4331,-4.41835,0.309769,12476.3,153.083,1,1,1,1,1,0
18,52,196.42,350.65,1.85953,1.93743,418.746,103.129,-5.23366,0.127224,9219.17,159.473,1,1,1,1,1,0
18,53,196.377,350.466,1.77759,2.14566,451.369,110.021,-3.57986,1.13572,10506,173.876,1,1,1,1,1,0
18,54,196.594,350.845,1.96248,2.00227,537.178,84.5076,-0.0658566,1.58933,13196.2,160.722,1,1,1,1,1,0
18,55,196.497,350.579,2.37795,2.2435,530.803,65.7596,0.41703,0.606493,17194.7,169.988,1,1,1,1,1,0
18,56,196.761,350.514,2.37937,2.22677,532.575,78.8007,-5.1913,-1.06894,17387.2,183.225,1,1,1,1,1,0
18,57,196.757,350.579,1.87236,2.37852,535.264,69.0439,-2.86978,-1.08991,15187.3,160.497,1,1,1,1,1,0
18,58,196.732,351.082,1.8687,2.23464,526.274,72.9171,0.119303,-1.17455,13645.4,153.408,1,1,1,1,1,0
18,59,196.858,350.628,2.40609,2.26841,459.574,70.3283,-0.825429,2.73075,15436.4,168.396,1,1,1,1,1,0
18,60,197.117,350.477,2.43337,2.31649,387.11,65.2423,-3.77742,5.66773,13908.7,148.302,1,1,1,1,2,0
18,61,197.195,350.865,1.71038,2.02933,478.339,102.668,-1.33384,3.17781,9888.51,159.858,1,1,1,2,2,0
18,62,196.586,350.855,1.93271,2.25715,518.63,87.1649,-0.781279,0.177439,14079.2,171.278,1,1,1,2,2,0
18,63,196.564,350.893,1.9415,2.37046,513.331,79.5297,-2.81932,4.30548,14649.3,168.521,1,1,1,2,2,0
18,64,197.009,351.388,2.28383,2.51354,463.188,74.6092,-2.1875,0.903969,15951.2,169.26,1,1,1,2,2,0
18,65,197.093,351.378,2.24929,2.40958,464.888,65.2855,0.77377,-2.51495,15509.4,158.509,1,1,1,2,2,0
18,66,197.057,350.844,1.97299,2.17879,511.572,86.8691,-3.30175,0.0717776,13711,168.201,1,1,1,2,2,0
18,67,197.012,350.724,2.45152,2.30013,458.97,93.9637,-4.89072,5.22656,15893,186.343,1,1,1,2,2,0
18,68,197.401,350.711,1.86517,1.99222,519.389,113.061,-2.84443,0.852176,12077.3,180.621,1,1,2,2,3,0
18,69,196.768,350.143,1.92365,2.23107,459.182,97.3532,-3.54874,0.382756,12276.7,170.586,1,1,2,2,2,0
18,70,196.589,350.763,2.25011,2.40115,385.654,82.7458,-5.7011,2.75253,12825.8,160.97,1,1,1,1,1,0
18,71,196.501,351.027,2.10017,2.14007,490.337,82.056,0.36398,-0.0271744,13713.7,164.343,1,1,1,1,1,0
18,72,196.512,350.799,2.35013,2.32493,471.66,73.7516,0.989563,-0.00780228,15827.5,169.142,1,1,1,1,1,0
18,73,196.53,351.159,2.45135,2.4855,383.146,72.3507,-0.140468,0.0802971,14219.8,160.71,1,1,1,1,1,0
18,74,196.676,350.929,2.13758,1.86491,477.986,89.8189,-2.48757,-1.90592,11897.6,157.929,1,1,1,1,1,0
18,75,196.665,351.251,1.99432,1.94447,488.08,87.6729,-1.39313,-2.0126,11836.7,159.521,1,1,1,1,1,0
18,76,196.431,351.287,1.8768,2.08385,571.787,79.6238,0.677753,-6.09592,14351.9,166.45,1,1,1,1,1,0
18,77,196.497,351.043,1.68295,1.99778,659.439,117.376,-0.444501,-8.504,13890.2,196.627,1,1,1,2,1,0
18,78,196.879,351.054,1.68306,1.92724,621.696,156.417,8.35008,-4.00724,12664.3,222.751,1,1,2,2,3,0
18,79,197.712,350.983,2.59401,1.86858,649.956,156.862,10.054,2.07179,19362.5,268.728,1,1,2,2,2,0
18,80,197.194,350.665,2.42277,2.22294,594.366,95.431,0.0665085,5.59609,19712.1,219.053,1,1,1,2,2,0
18,81,196.798,351.039,2.20849,2.02301,573.564,70.0178,-3.46398,-3.03324,16265.8,166.988,1,1,1,1,1,0
18,82,196.73,350.903,1.92433,2.09401,580.886,65.7313,-2.73951,-4.13254,14624.2,159.828,1,1,1,1,1,0
18,83,197.022,350.875,2.06077,2.14644,450.444,87.0575,-3.80553,-3.43394,12417.3,157.272,1,1,1,1,1,0
18,84,196.853,351.131,2.60795,2.31814,438.992,79.8168,-3.37792,-2.76329,16177.7,177.308,1,1,1,1,1,0
18,85,196.513,350.775,2.05761,2.27581,561.849,79.7697,-0.625365,-3.15367,16328.1,179.414,1,1,1,1,1,0
18,86,196.716,350.507,1.82079,1.87339,551.298,92.2165,1.11544,-1.56557,12136.3,164.367,1,1,1,1,1,0
18,87,196.825,350.847,1.98367,1.82205,461.842,93.2167,-0.725665,-0.970452,10454.5,152.746,1,1,1,1,1,0
18,88,196.938,351.156,2.17957,2.02936,419.595,91.4041,-1.45205,-3.41127,11563.2,160.716,1,1,1,2,2,0
18,89,196.6,351.364,2.31198,2.12189,407.295,90.3352,1.04489,-3.96943,12368.4,167.858,1,1,1,2,2,0
18,90,196.776,350.867,2.28303,2.38585,408.404,87.0539,0.615157,-2.22268,13645.8,171.284,1,1,1,2,2,0
18,91,197.169,350.669,1.98353,2.09814,494.878,109.156,-2.84747,-5.92063,12854.4,185.556,1,1,2,3,4,0
18,92,197.712,350.758,2.4697,2.1312,500.657,113.379,3.48627,-5.23801,16405.7,212.16,1,2,2,3,4,0
18,93,198.625,351.274,3.57191,2.7434,523.684,55.0518,5.17401,5.47563,28502.6,236.426,1,2,2,3,4,0
18,94,197.224,350.662,2.51274,2.11831,432.685,135.817,4.83823,9.30019,13652.5,216.402,1,1,1,1,1,0
18,95,197.105,350.786,1.88783,2.00291,487.33,136.97,5.04624,3.06902,11532.3,200.675,1,1,1,1,1,0
18,96,197.326,350.971,1.82611,2.36204,485.557,124.551,5.46268,6.41662,13598.9,201.438,1,1,1,1,1,0
18,97,197.616,350.764,1.92241,2.07835,539.037,170.265,7.44544,12.5449,12124.9,238.296,1,1,1,1,1,0
18,98,197.575,350.82,2.12522,2.02733,588.831,136.631,10.7765,6.04651,14613.5,224.941,1,1,1,1,1,0
18,99,197.413,351.005,2.38008,1.99642,524.849,134.436,12.365,0.782616,15441.6,228.213,1,1,1,1,1,0
18,100,197.302,350.424,2.21193,1.86502,539.07,160.439,8.04798,10.3764,14683,248.669,1,1,1,1,1,0
18,101,197.484,350.435,1.81234,2.107,494.472,167.337,2.12947,8.66035,11900.3,236.905,,,,,,0
19,1,211.055,259.978,2.36415,2.98063,459.127,149.793,9.45404,-21.5641,19928.4,283.74,1,2,3,4,5,0
19,2,212.553,258.344,2.65342,3.02811,625.619,173.447,4.06219,-24.6917,29325.3,346.627,1,2,3,4,5,0
19,3,213.701,257.555,3.29465,3.28253,673.506,81.2338,-12.5723,-5.38906,40769.4,332.219,1,2,2,3,4,0
19,4,212.932,257.205,4.00517,3.36909,763.267,-32.2999,-11.1474,6.96894,55844.4,322.243,1,2,2,3,4,0
19,5,212.318,256.288,2.13266,2.22851,915.27,197.044,2.02375,-12.776,26970.1,354.308,1,2,2,3,4,0
19,6,212.364,255.695,2.72283,3.15843,748.931,170.446,1.78764,-21.4106,36322.1,386.751,1,2,2,3,4,0
19,7,211.199,256.478,2.48638,3.20747,786.263,99.7363,2.9498,-5.62621,37605.1,330.024,1,2,2,3,4,0
19,8,209.95,256.2,2.53673,3.13164,700.842,111.175,3.98643,-4.48732,33046.5,314.855,1,2,2,3,4,0
19,9,208.701,255.922,2.58709,3.05581,615.42,122.613,5.02305,-3.34842,28487.8,299.686,1,2,2,3,4,0
19,10,208.09,255.542,2.86079,2.91565,534.472,109.296,8.08957,-4.51488,25576.9,269.441,1,2,2,3,4,0
19,11,207.479,255.162,3.1345,2.77549,453.524,95.9788,11.1561,-5.68134,22665.9,239.195,1,2,3,4,5,0
19,12,208.703,254.852,2.71486,3.02955,356.052,150.63,11.6949,-9.36467,17184.1,257.053,1,2,3,4,5,0
19,13,210.648,253.121,2.77293,2.68057,656.483,142.741,-1.19308,-7.46398,28984,319.124,1,2,3,4,5,0
19,14,210.602,252.185,3.5222,2.84331,648.327,99.0711,-2.77245,-1.29019,35305.5,316.852,1,2,3,4,5,0
19,15,212.287,253.022,2.90711,2.21269,482.741,154.389,-7.21423,-10.1489,19374.6,266.509,1,2,3,4,5,0
19,16,212.368,253.543,2.51388,2.05843,503.832,161.37,-2.0446,0.863518,17613.6,267,1,2,3,4,5,0
19,17,211.6,254.565,2.44873,2.16988,419.191,229.721,-10.4971,8.92968,13611.8,317.935,1,2,3,4,5,0
19,18,211.217,258.624,2.82093,2.21135,715.133,190.488,-19.5328,-17.3344,26878.1,351.669,1,2,3,4,5,0
19,19,213.774,258.543,2.99153,2.09748,436.86,168.935,-25.8247,2.49715,15472.4,276.142,1,2,3,4,5,0
19,20,213.412,257.256,1.56225,2.41918,354.708,246.316,-12.4916,25.5587,6233.84,268.781,1,2,3,4,5,0
19,21,211.406,260.56,2.27321,2.24115,722.251,206.23,-12.0294,-12.5205,22576.6,339.84,1,2,3,4,5,0
19,22,210.085,260.783,2.34252,2.82756,618.242,188.715,-16.3809,8.21331,23577.5,325.509,1,2,3,4,5,0
19,23,209.255,260.041,2.61057,2.78351,675.169,166.673,-12.5645,1.07371,29255.3,349.822,1,2,3,4,5,0
19,24,208.745,258.383,2.942,4.12133,631.076,88.9371,1.88433,7.07086,39773.5,340.864,1,2,3,4,5,0
19,25,210.035,260.15,3.46306,4.07484,730.668,-39.6777,-10.1275,-12.1888,55562.8,319.071,1,2,3,4,5,0
19,26,210.093,259.541,2.36953,3.62456,550.893,157.693,-10.9464,3.53128,26482,313.065,1,2,3,4,5,0
19,27,208.881,259.859,2.2084,3.7408,498.218,203.27,-1.49869,8.71499,21617.1,337.296,1,2,3,4,5,0
19,28,207.813,259.98,1.47442,1.66866,674.583,223.622,-4.8886,9.35507,10425.6,279.089,1,2,3,4,5,0
19,29,207.62,259.033,1.50666,1.66256,552.452,174.142,-8.33672,5.67705,8692.09,229.793,1,2,3,4,5,0
19,30,208.539,257.299,1.58717,1.97358,482.503,170.949,-3.07313,1.59244,9471.78,226.355,1,2,3,4,5,0
19,31,209.317,257.266,2.17579,1.98699,463.249,156.128,-8.98656,2.51529,12478.4,228.544,1,2,3,4,5,0
19,32,207.541,256.057,2.34198,2.05885,257.435,208.606,-19.3029,11.3532,8867.31,261.947,1,2,3,4,5,0
19,33,206.02,255.661,1.95681,1.81888,517.214,213.808,-14.5012,6.77232,11993.1,273.651,1,2,3,4,5,0
19,34,203.933,257.661,2.33047,3.05547,400.077,205.297,-19.0376,-1.56131,18167.2,320.947,1,1,1,1,1,0
19,35,204.02,257.349,2.64816,2.55877,426.155,236.973,-29.6845,1.74703,17379.9,339.192,1,1,1,1,1,0
19,36,204.106,257.037,2.96585,2.06207,452.234,268.65,-40.3315,5.05537,16592.6,357.438,,,,,,0
20,1,217.121,125.926,1.78702,2.40151,1030.19,166.032,0.263594,-22.8076,27429.3,334.219,1,1,1,2,2,0
20,2,217.383,125.818,1.90899,2.30934,1081.26,152.47,-4.02883,-22.8872,29625.5,338.396,1,1,1,2,2,0
20,3,217.022,125.255,2.078,2.29346,1237.26,180.777,0.515655,-18.6238,36593.5,391.74,1,1,1,1,1,0
20,4,217.384,125.232,2.04105,2.43153,1037.3,172.193,1.89293,-11.3074,33003.6,364.746,1,1,1,1,1,0
20,5,217.604,125.617,1.82058,2.23631,1035.72,210.564,5.03754,-24.7976,26009.4,358.864,1,1,1,1,1,0
20,6,217.418,125.921,2.00028,2.45997,1028.21,193.86,8.73258,-29.4264,31247.4,380.728,1,1,1,1,1,0
20,7,217.125,125.798,1.95899,2.33481,1031.69,137.706,9.26006,-13.9317,29438,322.811,1,1,1,1,1,0
20,8,217.26,125.718,1.92343,2.13632,1102.96,119.941,3.866,-9.51435,27786.5,283.751,1,1,1,1,1,0
20,9,217.337,125.797,1.89085,2.13054,1265.68,92.8954,-3.869,-6.00216,32849.2,289.775,1,1,1,1,1,0
20,10,217.444,125.89,1.80373,2.26771,1325.24,78.3467,10.6029,-1.19648,39328.6,317.97,1,1,1,1,1,0
20,11,217.021,125.935,1.97999,2.12448,1367.89,94.6779,3.50451,-8.72618,36459.9,317.13,1,1,1,1,1,0
20,12,216.979,125.986,1.94582,2.17206,1274.54,111.624,2.50638,-6.9063,33284.2,310.047,1,1,1,1,1,0
20,13,217.339,126.203,2.06678,2.14422,1170.79,90.0953,-0.683821,-7.7001,32013.9,284.166,1,1,1,1,1,0
20,14,217.27,126.189,1.89658,2.31634,1129.21,106.802,3.84861,-7.05922,30397.9,287.467,1,1,1,1,1,0
20,15,217.328,126.002,1.7704,2.07488,1083.75,163.258,-1.34828,-11.3243,24155.6,301.497,1,1,1,1,1,0
20,16,217.418,125.891,1.81535,2.01774,1160.84,160.437,1.8568,-10.5886,25703,311.751,1,1,1,1,1,0
20,17,217.425,126.017,2.06158,2.09456,1226.24,171.315,12.2781,-9.45286,32421,359.935,1,1,1,1,1,0
20,18,217.744,126.155,1.94724,1.91879,1385.72,146.226,2.22147,-7.21847,32413.2,331.899,1,1,1,1,1,0
20,19,217.749,126.264,1.86445,1.78355,1464.16,132.899,1.90771,-6.72959,33384.6,328.101,1,1,1,1,1,0
20,20,217.819,125.948,1.94013,2.11299,1405.77,136.495,1.26486,-10.3744,35334.6,348.876,1,1,1,1,1,0
20,21,217.833,126.126,1.71204,2.00156,1467.65,153.605,0.646721,-7.33322,31508.1,330.574,1,1,1,1,1,0
20,22,217.975,126.249,1.82175,2.11885,1355.9,143.48,-2.31392,-1.84941,32476,329.432,1,1,1,1,1,0
20,23,217.973,126.07,2.04897,2.31813,1264.19,120.921,-9.42847,-3.54199,36882,339.231,1,1,1,1,1,0
20,24,217.767,126.093,2.03303,2.26487,1356.73,119.63,-7.8511,-9.41604,38833.5,346.621,1,1,1,1,1,0
20,25,217.807,126.044,2.2146,2.27684,1214.98,107.688,-5.17227,-4.91134,38638.7,332.763,1,1,1,1,1,0
20,26,217.772,126.125,2.24563,2.37301,1210.99,81.3438,-0.506955,-4.42668,40692.4,324.284,1,1,1,1,1,0
20,27,217.797,126.246,2.12248,2.24109,1316.56,105.549,0.202871,-14.2566,38885.1,339.396,1,1,1,1,1,0
20,28,217.936,126.03,2.10998,2.34286,1276.93,88.9761,0.973219,-7.97673,39871.9,325.402,1,1,1,1,1,0
20,29,217.846,126.11,1.88258,2.22647,1209.17,116.027,-1.84359,-7.68673,32266.9,306.385,1,1,1,1,1,0
20,30,217.878,125.929,1.75184,2.25056,1154.67,131.072,0.0164596,-2.39593,27812.7,299.254,1,1,1,1,1,0
20,31,217.895,126.023,1.88251,2.11907,1109.71,133.306,4.18212,-11.7016,26925,287.917,1,1,1,1,1,0
20,32,217.7,125.954,1.82628,1.92826,1340.92,151.867,4.9292,-6.56139,29315.1,326.657,1,1,1,1,1,0
20,33,217.672,125.954,1.94977,2.31482,1127.37,112.62,-0.76895,-9.11277,31553.3,305.018,1,1,1,1,1,0
20,34,217.816,125.942,1.98005,2.1811,1157.53,107.359,-2.54031,-9.34909,31607.6,297.189,1,1,1,1,1,0
20,35,217.983,125.973,2.17593,2.30858,1116,81.8252,-5.11252,-9.73351,34724.3,293.965,1,1,1,1,1,0
20,36,217.853,125.94,1.92421,2.3766,1189.53,100.311,2.30457,-9.12148,33746.9,306.663,1,1,1,1,1,0
20,37,217.76,125.9,1.93286,2.15878,1288.4,126.901,-0.548132,-9.59004,32872.1,324.574,1,1,1,1,1,0
20,38,217.733,125.996,1.96682,2.27815,1211.79,108.848,0.595988,-9.88892,34609,320.905,1,1,1,1,1,0
20,39,217.605,126.108,1.9369,2.1846,1193.88,109.524,-0.619711,-5.04644,31429.5,295.195,1,1,1,1,1,0
20,40,217.526,126.262,2.04419,2.06689,1167.83,117.915,0.703905,-8.65047,30447.4,298.994,1,1,1,1,1,0
20,41,217.581,126.313,1.86126,2.13932,1281.27,115.984,-3.01745,-11.5952,32328.6,309.225,1,1,1,1,1,0
20,42,217.721,126.187,1.79477,2.35384,1146.18,108.037,-2.86038,-4.13001,32740.9,301.231,1,1,1,1,1,0
20,43,217.593,126.279,1.9126,2.32968,1095.67,113.194,-2.6245,-3.87701,30290.3,291.84,1,1,1,1,1,0
20,44,217.614,126.23,1.94493,2.16637,1067.03,103.745,-5.24106,-6.31165,28031.9,267.059,1,1,1,1,1,0
20,45,217.662,126.36,1.95563,2.08227,1136.95,110.646,-3.01811,-6.84965,28904.8,280.793,1,1,1,1,1,0
20,46,217.855,126.357,1.96569,2.22402,1218.56,110.782,-3.24952,-6.66123,33160.5,304.893,1,1,1,1,1,0
20,47,217.548,126.249,2.21391,2.41278,1007.54,81.6647,-4.51394,-6.19811,34116.6,283.757,1,1,1,1,1,0
20,48,217.485,126.225,2.01865,2.13326,1010.19,113.268,-0.26133,-9.92852,25658.3,260.497,1,1,1,1,1,0
20,49,217.612,126.171,1.9718,2.23317,1232.17,80.3952,-0.293319,-3.06034,33769.1,283.402,1,1,1,1,1,0
20,50,217.689,126.428,2.34948,2.45815,852.586,55.4946,-5.883,-10.1015,30728.6,247.911,1,1,1,1,1,0
20,51,217.434,126.411,2.50829,2.39721,880.769,55.051,1.64967,-11.3104,32484.8,256.361,1,1,1,1,1,0
20,52,217.535,126.26,2.3072,2.42927,1175.43,64.8852,2.28444,-6.42425,40424.3,310.473,1,1,1,1,1,0
20,53,217.423,126.323,2.22458,2.4835,991.489,69.4376,-1.67428,-9.90641,34389.7,276.521,1,1,1,1,1,0
20,54,217.724,126.394,2.3861,2.51401,841.298,73.1547,-3.1563,-11.9214,31013.1,261.432,1,1,1,1,1,0
20,55,217.783,125.953,2.52367,2.42722,979.094,56.4792,-5.40897,-8.12459,36757.7,282.562,1,1,1,1,1,0
20,56,217.482,126.299,2.42084,2.21339,1031.56,89.8352,-6.62587,-14.4923,34000.3,296.935,1,1,1,1,1,0
20,57,217.628,126.388,2.19344,2.2289,998.574,108.755,-5.15428,-13.4825,30241.6,292.32,1,1,1,1,1,0
20,58,217.78,126.481,2.15109,2.31935,1045.69,114.57,-9.66096,-9.51802,32449.1,311.408,1,1,1,1,1,0
20,59,217.767,126.373,1.93864,2.32874,1093.05,108.69,-0.402428,-9.24588,30356,291.402,1,1,1,1,1,0
20,60,217.726,126.307,1.9133,2.30873,1167.6,96.6801,-2.1126,-7.34234,32046.6,292.988,1,1,1,1,1,0
20,61,217.601,126.517,1.96829,2.20004,1241.43,118.203,-4.99165,-8.29492,33135.1,317.343,1,1,1,1,1,0
20,62,217.6,126.717,1.93729,2.29853,1127.07,114.153,-2.61272,-9.8224,31230.5,301.243,1,1,1,1,1,0
20,63,217.879,126.572,1.95474,2.43351,1081.54,92.6323,-4.21849,-13.1626,32423.7,287.858,1,1,1,1,1,0
20,64,217.724,126.139,2.04635,2.31197,1140.16,116.868,-6.61439,-10.8288,33589.3,315.107,1,1,1,1,1,0
20,65,217.7,126.263,1.98781,2.09281,1242.24,111.158,-7.38238,-11.0718,32338.3,303.254,1,1,1,1,1,0
20,66,217.689,126.519,2.00179,1.94932,1213.62,112.978,-6.47481,-7.99857,29865.3,291.769,1,1,1,1,1,0
20,67,217.545,126.641,1.92516,1.95069,1125.44,126.347,-4.74384,-10.6782,26439.9,280.083,1,1,1,1,1,0
20,68,217.571,126.694,1.9493,2.07209,1219.7,121.566,-3.44326,-9.79799,30763.3,306.858,1,1,1,1,1,0
20,69,217.558,126.515,1.79939,1.93485,1305.88,141.89,-0.460279,-8.64078,27700.8,305.272,1,1,1,1,1,0
20,70,217.684,126.381,1.90311,2.05437,1287.9,107.388,-0.843996,-5.37691,31599.2,293.349,1,1,1,1,1,0
20,71,217.812,126.25,1.83496,2.00308,1377.15,126.436,-2.40294,-4.58229,31115.5,311.917,1,1,1,1,1,0
20,72,217.684,126.136,1.94194,2.20454,1179.36,106.628,1.38989,-5.22294,31463.8,299.183,1,1,1,1,1,0
20,73,217.682,126.298,2.08303,2.383,1096.62,123.04,-5.32414,-11.5632,33436.5,324.006,1,1,1,1,1,0
20,74,217.56,126.49,2.24527,2.33747,971.137,107.239,-1.93185,-13.7148,31401.9,301.828,1,1,1,1,1,0
20,75,217.662,126.402,2.06914,2.28047,1051.98,124.456,-5.71366,-13.295,31145.8,318.941,1,1,1,1,1,0
20,76,217.383,126.606,1.82488,2.15687,1199.63,194.222,-22.1681,-35.2832,30403.8,376.657,1,1,1,1,1,0
20,77,217.216,126.374,1.89214,2.22141,1223.72,129.75,-1.3276,-12.6398,32223.7,315.302,1,1,1,1,1,0
20,78,217.392,126.12,2.00831,2.17102,1173.73,90.8598,-1.82687,-2.83987,32790.1,283.716,1,1,1,1,1,0
20,79,217.546,126.012,2.17297,2.16001,1044.07,123.94,-3.9412,-5.55309,30439.2,302.941,1,1,1,1,1,0
20,80,217.744,126.121,2.22293,2.11128,1091.99,110.253,-2.48457,-3.86373,31846.5,301.314,1,1,1,1,1,0
20,81,217.999,126.066,1.96689,2.15906,1119.9,114.049,-3.77454,-8.55564,29916.3,289.219,1,1,1,1,1,0
20,82,217.945,126.238,1.95372,2.40643,1114.49,115.585,-1.45062,-9.98211,32582.7,308.254,1,1,1,1,1,0
20,83,217.721,126.22,1.90785,2.38068,1140.04,152.147,7.20596,-3.95567,32108.5,341.314,1,1,1,1,1,0
20,84,217.903,126.264,2.09784,2.3314,1018.7,133.206,0.445433,-6.43713,30593.3,312.047,1,1,1,1,1,0
20,85,217.68,126.289,2.13429,2.26508,1059.47,132.048,2.97525,-10.0375,31398.5,315.817,1,1,1,1,1,0
20,86,217.842,126.093,1.94124,2.24131,1102.85,142.607,-2.34545,-9.06759,29883.1,318.26,1,1,1,1,1,0
20,87,217.665,126.29,2.07174,2.28414,957.733,156.37,-2.29638,-17.2558,28120.9,323.118,1,1,1,1,1,0
20,88,217.295,126.206,1.93678,2.20763,1044.79,175.373,-1.48422,-17.1209,27835.5,330.876,1,1,1,1,1,0
20,89,217.514,126.159,1.87539,2.62001,1009.88,190.513,2.73909,-24.9388,29234.8,360.521,1,1,1,1,1,0
20,90,217.548,126.293,2.10119,2.62781,843.516,160.14,13.5002,-33.0381,28469.6,333.675,1,1,1,1,1,0
20,91,217.306,126.198,1.95812,2.12975,912.73,175.23,16.9308,-22.3197,23421,308.698,1,1,1,1,1,0
20,92,217.306,126.387,1.98597,2.20426,918.34,155.265,11.7097,-14.0119,25211.2,301.047,1,1,1,1,1,0
20,93,217.654,126.9,2.05595,2.23005,993.678,127.654,2.10911,-21.5935,28329.2,303.864,1,1,1,1,1,0
20,94,217.497,126.566,2.11062,1.9566,1142.54,154.514,0.40335,-17.3213,28822.1,325.639,1,1,1,1,1,0
20,95,217.533,126.482,1.9435,2.28634,1052.33,132.18,5.43408,-18.7179,28796.1,305.852,1,1,1,1,1,0
20,96,217.653,126.239,1.89039,2.35735,1026.94,117.198,1.60593,-10.26,28400.5,280.615,1,1,1,1,1,0
20,97,217.655,126.142,1.93117,2.17908,1014.71,120.262,-2.86959,-5.558,26627.3,271.799,1,1,1,1,1,0
20,98,217.584,126.341,1.98085,2.18762,1059.61,105.917,-3.20088,-6.9796,27999.2,272.544,1,1,1,1,1,0
20,99,217.734,126.4,2.14855,2.20103,1173.8,93.9088,-0.896552,-8.47773,34269.9,302.751,1,1,1,1,1,0
20,100,217.912,126.409,2.12789,2.1634,1167.82,103.221,-2.37611,-9.51725,33427.4,306.379,1,1,1,1,1,0
20,101,217.725,126.464,2.00957,2.20631,1138.79,109.533,-1.3826,-10.0823,31405.9,295.994,,,,,,0
21,1,217.544,150.97,1.9665,2.57639,1354.51,162.964,-15.3343,-3.30302,43456,419.331,1,1,1,1,1,0
21,2,217.63,151.021,1.7111,2.19043,1522.81,163.087,-7.61162,-2.08997,36502.9,376.521,1,1,1,1,1,0
21,3,217.551,150.622,1.79785,2.05455,1259.71,187.854,0.0581291,1.24597,29618.6,357.876,1,1,1,1,1,0
21,4,217.481,150.517,1.87462,2.12978,1300.44,147.422,8.19517,1.129,33548.3,346.183,1,1,1,1,1,0
21,5,217.56,150.723,1.76422,2.00337,1389.72,166.436,5.54473,-4.0425,30752.9,347.095,1,1,1,1,1,0
21,6,217.541,150.672,1.91117,1.99383,1309.47,149.892,1.75452,-1.78529,31305,333.769,1,1,1,1,1,0
21,7,217.703,150.637,1.88838,2.07542,1084.41,120.411,-2.43597,-5.47372,26556.2,273.864,1,1,1,1,1,0
21,8,217.757,150.834,1.71495,2.0902,1118.12,156.758,-1.8881,-8.89422,25074.5,295.16,1,1,1,1,1,0
21,9,218.008,151.161,2.02938,2.50111,1361.88,159.727,6.89163,4.12824,43329.2,427.479,1,1,2,2,3,0
21,10,218.318,151.608,2.29559,2.4733,1355.95,157.795,4.87265,-3.03536,47276.8,442.586,1,1,2,2,3,0
21,11,217.606,150.951,1.85887,1.85897,1262.34,265.099,23.5781,-11.0331,27337,419.882,1,1,2,2,3,0
21,12,217.486,150.611,1.77656,1.89399,1096.53,258.074,22.3249,7.29306,18760,374.734,1,1,2,2,3,0
21,13,218.107,150.756,2.79689,1.99097,1016.66,206.344,30.2895,-7.61631,33700.2,427.497,1,1,2,2,3,0
21,14,218.639,150.7,3.14122,1.96193,1153.04,262.316,32.229,-17.3272,42964,512.041,1,1,2,2,4,0
21,15,217.684,150.616,1.84411,2.22595,1089.08,364.986,23.9996,16.8453,21903.4,479.982,1,1,2,2,3,0
21,16,217.52,151.088,1.97617,1.94541,1287.65,277.657,26.0744,7.56792,30006,450.142,1,1,1,1,1,0
21,17,217.609,150.99,2.12083,2.13622,1234.46,260.298,18.7952,10.6663,33319.6,453.473,1,1,1,1,1,0
21,18,217.894,150.999,2.23915,2.2728,1215.31,317.64,23.2459,-21.9772,32101.4,489.071,1,1,1,1,1,0
21,19,217.415,151.016,1.88073,2.21453,1549.47,248.536,20.808,10.8101,38597,462.325,1,1,1,1,1,0
21,20,217.446,150.908,1.83852,2.34792,1432.02,167.18,1.56246,9.16845,38595.4,396.213,1,1,1,1,1,0
21,21,217.378,150.758,1.81617,2.00752,1430.16,183.627,0.99918,0.473369,32639.7,374.84,1,1,1,1,1,0
21,22,217.476,150.956,1.78438,1.76029,1330.24,226.26,-7.14738,-2.41249,26212.9,373.231,1,1,1,1,1,0
21,23,217.507,151.131,1.72272,1.85558,1427.26,199.631,-6.84479,-11.3307,28443.5,366.497,1,1,1,1,1,0
21,24,217.444,150.971,2.04795,2.20746,1301.06,162.315,-6.70611,-8.27841,36590,383.947,1,1,1,1,1,0
21,25,217.243,150.942,2.03916,2.08915,1354.16,174.764,1.25787,-3.43367,35996.6,393.408,1,1,1,1,1,0
21,26,217.376,151.03,1.93974,1.90105,1342.79,183.366,0.691226,-5.40476,31001.6,364.172,1,1,1,1,1,0
21,27,217.468,151.071,1.88274,1.9943,1090.08,160.001,-2.44422,-6.54524,25611.3,309.639,1,1,1,1,1,0
21,28,217.607,151.02,2.13026,2.10256,1133.45,111.141,-6.87336,2.68797,33595.8,312.071,1,1,1,1,1,0
21,29,217.49,150.974,1.82931,1.94211,1430.53,130.328,-7.15612,-2.98985,31198.4,315.716,1,1,1,1,1,0
21,30,217.553,150.808,1.70462,1.98689,1408.21,138.794,-5.74338,-4.63721,29879.6,317.686,1,1,1,1,1,0
21,31,217.392,151.11,1.94442,2.13039,1072.11,121.999,-0.44763,-5.97887,27716.1,284.722,1,1,1,1,1,0
21,32,217.228,151.106,1.95709,1.99548,1112.51,130.669,5.98912,-5.45259,27176.1,288.846,1,1,1,1,1,0
21,33,217.738,150.883,1.78852,1.67629,1340.27,171.293,1.94351,0.0725754,25220.4,314.941,1,1,1,1,1,0
21,34,217.782,150.91,1.82685,1.71043,1086.93,240.849,-6.27923,14.0459,21311.2,359.503,1,1,2,3,4,0
21,35,217.171,151.531,2.29171,2.19349,1112.68,218.555,-18.2407,-9.34912,35040.9,419.213,1,1,2,3,4,0
21,36,216.727,151.17,3.64153,2.3972,1427.65,73.6539,-29.9317,2.78107,72016.9,522.278,1,1,2,3,4,0
21,37,216.226,151.065,3.39074,2.1482,1270.51,167.541,-22.2165,-4.84042,54934.3,489.503,1,2,2,3,4,0
21,38,217.551,150.811,2.10993,1.87154,1224.79,240.124,-29.6372,-0.0905283,29369.9,416.716,1,1,2,3,4,0
21,39,217.385,150.965,2.62101,2.12751,1069.63,153.944,-24.3423,-7.00926,36473.4,375.065,1,1,2,3,4,0
21,40,217.131,150.975,2.25033,2.08281,1070.24,188.609,-13.3417,3.84783,30311.9,361.751,1,2,2,3,4,0
21,41,218.343,151.705,3.91831,2.93032,1072.07,170.719,8.53966,4.88357,39315.9,403.58,1,2,2,3,4,0
21,42,217.005,150.859,2.60929,2.24581,1100.45,185.701,-30.1435,15.4532,41360.5,430.402,1,1,1,1,1,0
21,43,216.946,151.143,2.77311,2.00644,1072.82,209.672,-24.9725,-11.1218,36311.3,425.562,1,1,1,1,1,0
21,44,217.462,151.305,2.36663,2.00757,1111.65,197.389,-22.6724,-15.4871,33553.3,394.509,1,1,1,1,1,0
21,45,217.511,151.124,2.34879,1.99522,1062.66,195.127,-20.2032,-16.4702,30854.9,390.278,1,1,1,1,1,0
21,46,217.007,151.148,2.69213,1.8812,1075.38,184.312,-16.0631,-14.5548,35663.3,386.615,1,1,1,1,1,0
21,47,216.877,151.11,2.87046,1.97656,1104.2,192.458,-21.5755,-12.6807,39146.4,424.364,1,1,1,1,1,0
21,48,216.748,151.072,3.04878,2.07191,1133.02,200.604,-27.088,-10.8065,42629.4,462.112,1,1,2,3,4,0
21,49,215.617,151.143,0.0633404,1.49113,2999.27,516.819,-39.6079,3.34945,53.5391,461.183,1,1,2,3,4,0
21,50,216.31,151.152,4.07764,2.1422,1020.63,105.985,-14.7335,-11.1923,49047.1,403.864,1,1,2,3,4,0
21,51,217.386,150.988,2.91835,2.29231,901.33,131.995,-17.7277,-19.6529,38910.4,370.142,1,1,1,1,1,0
21,52,217.605,151.128,2.17016,2.08792,924.98,181.69,-21.8407,-16.9351,26137.6,346.219,1,1,1,1,1,0
21,53,217.566,151.209,2.11007,1.98405,1148.49,178.18,-21.2067,-10.9636,29997.2,362.74,1,1,1,1,1,0
21,54,217.594,151.135,2.28286,1.98574,1134.39,195.393,-23.3244,-15.1166,31959.6,391.911,1,1,2,2,3,0
21,55,216.786,150.935,3.22835,2.14911,1073.49,165.257,-16.14,-11.5473,46755.8,473.018,1,1,2,2,3,0
21,56,217.476,151.266,2.29288,1.76607,1222.17,213.621,-27.4357,-9.37065,30835.4,390.627,1,1,1,1,1,0
21,57,217.626,151.253,2.12148,1.55633,1228.49,200.353,-22.3664,-7.12808,25360.6,351.491,1,1,1,1,1,0
21,58,217.521,151.171,2.03792,1.80784,1185.75,158.149,-6.56195,-7.36474,27323,321.444,1,1,1,1,1,0
21,59,217.59,150.959,2.02371,1.99158,1361.77,146.855,-9.70527,-6.62508,34426.6,358.237,1,1,1,1,1,0
21,60,217.582,150.861,2.18057,2.06968,1194.78,186.742,-9.34587,1.82638,33427.1,388.763,1,1,1,1,1,0
21,61,217.578,150.835,2.27028,1.94702,1158.51,243.61,-12.5063,4.89321,33488.6,443.592,1,1,1,1,1,0
21,62,217.617,150.979,2.78188,1.88095,1292.48,289.633,10.0667,2.92401,43171.3,557.55,1,1,2,3,4,0
21,63,218.202,151.396,2.17798,2.00448,1417.41,391.089,-10.2965,21.0994,34926.9,560.604,1,1,2,3,4,0
21,64,217.956,152.374,1.8634,2.49625,1382.48,240.557,-20.1186,-10.418,39685.4,480.101,1,1,2,2,3,0
21,65,218,152.27,1.82886,2.61126,1312.08,231.913,-12.7685,-7.98518,38490.6,468.556,1,1,2,2,3,0
21,66,218.083,151.548,1.89289,2.24828,1650.45,251.487,-1.78324,11.3262,41619.1,488.976,1,1,1,1,1,0
21,67,218.141,151.552,2.44174,2.41278,1327.36,196.744,0.882087,0.93957,46826.2,477.68,1,1,1,1,1,0
21,68,218.303,151.577,2.62441,2.55507,1220.02,212.81,1.89973,-0.329612,48545.4,502.343,1,1,1,1,1,0
21,69,217.858,151.244,1.81408,1.9306,1251.76,268.681,-3.39286,8.31128,27472.1,430.124,1,1,1,1,1,0
21,70,217.794,151.13,1.88167,1.9414,1134.37,263.704,-8.56917,8.88557,25955,423.219,1,1,1,1,1,0
21,71,217.774,151.102,1.98146,1.86739,1215.5,252.953,-14.8879,5.59243,28159.5,423.479,1,1,1,1,1,0
21,72,217.686,151.124,1.68994,1.86037,1391.71,201.745,-15.7422,-2.21222,27449.7,367.953,1,1,1,1,1,0
21,73,217.709,150.757,1.65024,1.83059,1411.26,222.114,-18.0788,-1.44588,26752.8,388.041,1,1,1,1,1,0
21,74,217.68,150.811,1.80096,1.786,1189.65,258.757,-23.2814,3.39106,24004.4,404.213,1,1,1,1,1,0
21,75,217.77,151.113,2.15798,2.24479,1067.88,236.171,-27.8414,0.759512,32102,439.568,1,1,1,1,1,0
21,76,217.493,151.179,2.87892,2.80538,1328.35,57.1025,-49.9312,14.8903,67818,498.793,1,2,3,4,5,0
21,77,214.339,153.332,2.52458,2.16169,1282.2,369.226,33.5199,-33.9897,39914.3,575.941,1,2,3,4,5,0
21,78,213.044,153.053,3.27298,1.89792,940.456,341.004,39.4265,-30.6422,35133.5,538.272,1,2,3,4,5,0
21,79,211.396,152.341,2.28944,2.34767,1161.78,231.234,13.8274,-13.5343,42367.5,510.527,1,1,2,3,4,0
21,80,212.021,152.037,3.62026,2.59269,1101.25,147.865,9.91627,-14.6666,62704.2,548.42,1,1,2,2,3,0
21,81,212.479,152.224,4.06754,3.1064,1062.23,63.7979,4.88895,-23.324,72456.6,545,1,1,2,2,4,0
21,82,211.958,151.577,4.10335,2.97204,951.558,183.275,17.4825,-15.7278,61861.3,556.32,1,1,2,2,3,0
21,83,211.6,152.151,2.98955,2.94307,960.587,109.842,-4.74519,-19.1082,55227.1,443.763,1,1,2,2,3,0
21,84,211.409,152.762,3.31519,2.62471,981.353,74.168,-7.4007,-8.09171,46496.1,366.574,1,1,2,2,3,0
21,85,211.131,152.692,2.82675,2.22222,1068.25,82.0273,-16.0294,-6.16637,41209.8,337.385,1,1,2,2,3,0
21,86,210.901,152.634,2.34919,2.16806,1063.23,140.749,-5.57738,-8.15997,33921.8,344.45,1,1,2,2,3,0
21,87,210.731,152.538,2.15501,2.44913,1122.56,104.238,-4.23124,-9.48556,38387.3,340.509,1,1,2,2,4,0
21,88,211.325,151.603,1.92538,2.66669,1122.29,145.77,-17.8336,-16.1346,36067.3,359.586,1,1,2,2,3,0
21,89,211.346,152.191,2.59509,3.34379,930.387,73.389,-20.4819,-11.6563,45852.5,358.562,1,1,2,2,3,0
21,90,211.611,152.113,2.76019,2.63462,654.603,223.857,-5.64781,10.7135,17397.5,318.278,1,1,2,2,3,0
21,91,211.955,152.598,1.77464,1.76659,1062.07,189.168,-20.4654,-5.66187,19685.6,309.343,1,1,1,2,2,0
21,92,211.586,152.99,2.78327,2.1228,1014.79,122.136,-5.11969,-12.8026,35587.3,343.302,1,1,1,2,2,0
21,93,211.351,153.462,2.57499,2.218,600.611,141.805,4.50271,-2.56477,20425.2,257.284,1,1,1,2,1,0
21,94,211.435,153.519,2.44066,2.26309,654.117,105.892,-4.12855,-1.12339,22441.8,242.627,1,1,1,1,1,0
21,95,211.295,153.172,2.29514,2.24176,1000.64,96.4384,-7.60594,-8.27778,31829.9,287.68,1,1,1,1,1,0
21,96,211.1,152.944,2.23338,2.19722,1338.4,113.965,-4.2381,-13.5165,41062.2,360.651,1,1,1,1,1,0
21,97,210.692,152.726,2.53349,2.73911,1202.12,42.5736,3.80329,-10.842,51179.7,358.763,1,1,1,1,1,0
21,98,210.977,152.862,2.22588,2.43524,1254.74,79.2723,3.32383,-7.24343,42520.6,333.166,1,2,2,3,4,0
21,99,210.546,154.313,1.77935,1.96836,681.47,114.212,4.02626,-10.7766,14421.2,197.231,1,1,2,3,4,0
21,100,210.856,154.23,1.87876,2.05972,534.932,94.1394,-0.823586,-7.65079,12330.1,166.077,1,1,2,3,4,0
21,101,211.393,154.085,2.26914,2.30123,476.224,67.3184,-1.64487,-3.94685,15564.7,158.74,,,,,,0
22,1,219.096,178.221,2.12504,2.09043,1059.94,88.8481,9.14303,-10.5746,30407.2,274.817,1,2,3,4,5,0
22,2,219.464,178.822,2.08083,1.66674,941.877,133.186,-1.10076,-3.00325,20321.6,259.018,1,2,3,4,5,0
22,3,218.63,180.019,2.51639,2.58521,868.52,-17.6147,23.7434,-18.2856,39180.9,232.515,1,2,3,4,5,0
22,4,216.461,179.963,2.91577,2.00437,1481.5,28.9832,10.6771,-12.8429,33257.2,238.988,1,2,3,4,5,0
22,5,218.613,180.013,1.85656,1.93513,955.2,131.976,-2.58789,-4.62959,21130.3,247.479,1,1,2,2,2,0
22,6,218.536,180.183,1.8611,1.91516,1044.46,135.171,0.913033,-11.6867,23317.7,271.331,1,1,2,2,3,0
22,7,217.736,180.43,1.92755,1.9638,843.038,128.699,-4.21721,-9.46957,19963.5,247.178,1,1,1,2,2,0
22,8,217.332,180.608,2.10024,2.14851,820.133,90.575,-3.72622,-6.05978,23021.6,230.03,1,1,1,2,2,0
22,9,216.896,180.711,1.80161,2.24399,873.138,86.0752,0.371362,-8.22651,21996.1,218.71,1,1,1,2,2,0
22,10,216.662,180.923,1.78381,2.00898,958.834,106.665,3.42908,-7.35001,21516.9,236.414,1,1,1,2,1,0
22,11,217.007,180.692,1.83472,2.14283,944.928,101.607,2.35425,-7.46146,23199.8,238.095,1,1,1,1,1,0
22,12,216.966,180.457,2.0361,2.08412,879.576,83.2281,1.49913,-4.78189,23278,221,1,1,1,1,2,0
22,13,216.957,181.026,1.91761,2.2583,802.145,96.9153,0.790917,-11.5334,21631,226.438,1,1,1,1,1,0
22,14,216.982,180.883,1.89843,2.20443,774.211,113.263,1.79423,-14.1212,20205.1,232.284,1,1,1,1,1,0
22,15,217.292,180.778,1.91962,1.91884,810.856,108.398,1.74644,-7.53868,18701.5,215.154,1,1,1,2,2,0
22,16,217.812,181.175,1.89716,2.05464,759.037,85.9683,-0.865501,-2.54396,18501.8,194.757,1,1,1,1,1,0
22,17,218.061,181.381,1.67073,1.94281,785.65,99.8097,-2.90035,-8.10015,15983.9,194.509,1,1,1,1,1,0
22,18,218.291,181.353,1.41279,1.94848,789.784,110.735,-4.9669,-10.951,13630.9,192.864,1,1,1,1,1,0
22,19,218.553,181.224,1.65758,1.79296,708.501,137.151,-13.0119,-24.01,13719.9,215.527,1,1,1,2,2,0
22,20,218.821,180.776,1.81406,1.80198,858.501,107.052,-5.6411,-11.0303,17603.3,214.497,1,1,2,3,4,0
22,21,218.967,180.321,1.75514,1.89304,891.735,110.383,1.55416,-5.01675,18576.9,223.107,1,2,2,3,4,0
22,22,218.693,179.156,1.89689,1.80794,847.603,114.554,-2.86934,-2.92307,18543.8,222.982,1,2,2,3,4,0
22,23,217.915,178.095,1.9939,1.99627,873.748,95.0684,-4.02595,1.14162,21747.2,225.462,1,2,2,3,4,0
22,24,218.009,177.404,1.75658,1.9621,930.602,112.465,-4.41917,-2.19337,20092.5,228.272,1,2,2,3,4,0
22,25,218.973,177.399,1.78401,2.14904,842.057,94.1139,-1.21021,-7.55717,20157.6,216.124,1,1,2,1,1,0
22,26,219.216,177.485,1.94582,2.36142,832.372,82.0554,-0.781338,-8.57809,23693.1,224.178,1,1,2,1,1,0
22,27,219.104,177.488,1.92028,2.28173,836.655,119.354,-5.73656,1.5395,22777.4,259.035,1,1,2,3,1,0
22,28,219.359,177.693,2.01917,2.11251,783.011,203.105,-46.4822,19.0868,23430.7,349.799,1,1,2,3,4,0
22,29,218.579,177.183,1.50946,1.6182,977.489,188.454,-12.1441,4.11696,14997.8,273.438,1,1,2,3,4,0
22,30,218.424,176.56,1.58322,1.823,1091.31,113.78,5.04364,-1.23296,19691.7,228.142,1,2,2,3,4,0
22,31,217.634,176.329,1.42845,1.9671,750.162,95.6458,-1.99873,-5.24576,13214.5,169.071,1,2,2,3,4,0
22,32,216.251,175.589,2.03682,1.84512,846.328,86.6748,-0.090948,-3.42909,19584.7,203.361,1,1,2,3,4,0
22,33,216.744,175.484,1.80528,2.00319,920.041,73.9491,-3.10231,-1.75069,20819.6,194.172,1,1,2,3,4,0
22,34,217.194,176.349,1.72274,1.99066,995.255,81.999,-0.896057,-7.5258,21377.8,208.183,1,1,2,2,2,0
22,35,216.983,176.462,1.57461,1.96137,1005.72,85.8943,1.6388,-7.0902,19463.3,199.456,1,1,2,2,2,0
22,36,216.928,176.357,1.67934,2.12018,918.835,77.3044,0.997579,-5.96161,20709.4,199.633,1,1,2,2,3,0
22,37,217.705,175.973,1.79397,2.19646,848.701,82.1837,1.23534,-5.37068,20871.7,208.337,1,1,1,1,1,0
22,38,217.75,176.259,1.67773,1.68284,914.595,96.8307,0.370479,-3.15276,16213.6,188.195,1,1,1,1,1,0
22,39,217.784,176.373,1.62353,1.67427,763.866,84.3222,-1.70653,-1.58547,13038.7,158.231,1,1,1,1,1,0
22,40,217.617,176.241,1.70759,1.8423,726.258,80.2029,0.283782,-5.4671,14132.4,161.899,1,1,1,1,1,0
22,41,217.035,175.965,1.64447,1.95912,832.072,93.2048,4.08096,-8.96985,16806.6,193.71,1,1,1,1,1,0
22,42,216.783,175.862,1.74984,1.96874,888.052,86.2164,0.829399,-5.11149,19170.7,201.491,1,1,1,1,1,0
22,43,216.379,175.613,1.96412,2.01581,1027.02,78.4357,0.35912,-3.40908,25549.7,230.047,1,1,1,1,1,0
22,44,216.404,175.628,1.87322,1.94241,894.368,80.0304,0.496125,-3.79356,20504.6,202.893,1,1,1,1,1,0
22,45,216.133,175.563,1.83564,1.91866,799.761,95.2955,1.46001,-5.66364,17690.8,195.959,1,1,1,1,1,0
22,46,216.053,175.415,1.85581,1.94708,938.556,97.6584,1.50069,-5.34122,20626.1,214.763,1,2,2,3,4,0
22,47,217.459,175.788,1.91113,1.8342,766.343,85.2416,-5.45098,-7.75408,16264.8,178.953,1,2,2,3,4,0
22,48,218.089,176.245,1.57533,1.84115,845.716,86.6145,-1.88518,-5.63009,15393.9,174.296,1,2,2,3,4,0
22,49,217.738,176.401,1.54102,2.09786,735.32,96.7324,-0.517635,-4.90677,14866.8,181.047,1,2,2,3,4,0
22,50,216.755,175.806,1.91698,1.99189,889.111,107.6,-2.86391,-7.34734,20878.3,231.805,1,1,2,3,4,0
22,51,216.465,174.992,2.16881,2.20023,899.857,69.7816,2.01538,-4.5378,26413.5,231.432,1,1,2,3,4,0
22,52,216.224,175.069,1.85003,1.96102,910.371,105.896,2.43842,-2.2937,20611.8,221.722,1,1,2,3,4,0
22,53,216.278,175.872,1.81888,1.83901,1003.64,77.9827,-2.01725,-5.39772,21346.4,208.373,1,1,1,1,1,0
22,54,216.176,175.994,1.83099,1.96315,997.499,69.8862,-2.15589,-7.17756,22506,206.361,1,1,1,1,1,0
22,55,216.177,175.712,1.88494,1.97047,899.661,79.812,-2.97983,-2.95329,20583.3,202.036,1,1,1,1,1,0
22,56,216.408,175.585,1.95292,2.07611,972.752,75.3882,-2.37886,-3.98333,24618.5,222.888,1,1,1,1,1,0
22,57,216.3,175.366,1.8989,1.86215,1044.53,101.936,2.56056,-5.51397,23138.3,233.254,1,1,1,1,1,0
22,58,216.302,175.455,1.99036,1.75291,1118.16,101.718,3.68024,-7.49065,23869.7,234.982,1,1,1,1,1,0
22,59,216.398,175.749,1.89069,2.01062,959.123,110.028,0.0763898,-9.46223,22443.9,238.201,1,1,1,1,1,0
22,60,216.259,175.598,1.70251,1.91393,943.435,135.941,1.22158,-4.67337,18865.4,240.675,1,1,1,1,1,0
22,61,216.138,175.715,1.74972,2.142,1031.77,98.1407,-2.49699,-7.77539,24554.3,242.521,1,1,1,1,1,0
22,62,216.06,175.7,1.66091,1.8926,1119.11,114.506,0.417493,-11.9892,21653.9,241.408,1,1,1,1,1,0
22,63,216.101,175.281,1.77033,2.19279,1018.29,88.3947,4.14189,-10.9374,24640.7,234.355,1,1,1,1,1,0
22,64,216.027,175.441,1.63293,1.88768,990.462,191.167,16.0254,-22.4162,17459,287.42,1,1,1,1,1,0
22,65,216.037,175.808,1.69633,2.15107,917.668,141.861,-2.29167,-16.5746,20777,262.041,1,1,1,1,1,0
22,66,216.349,175.431,1.74347,2.3036,885.473,95.3354,-1.84388,-8.20685,22174.6,226.172,1,1,1,1,1,0
22,67,216.581,174.986,1.90283,2.23554,992.935,106.956,1.69396,-8.98265,25558.9,260.84,1,1,1,1,1,0
22,68,216.424,174.983,1.96599,2.23928,1014.37,91.5784,2.0493,-11.9519,27793.9,257.586,1,1,1,1,1,0
22,69,216.476,175.419,2.0857,1.90366,915.049,85.8513,2.71735,-6.73781,22657.3,216.367,1,1,1,1,1,0
22,70,216.624,175.639,1.97491,1.94694,933.536,87.0366,-0.459592,-5.9377,21891,217.012,1,1,2,3,4,0
22,71,217.239,175.995,1.76498,1.88877,1072.36,103.52,1.13354,-8.38229,22417.6,235.864,1,2,2,3,4,0
22,72,217.863,176.571,1.49554,1.95677,1108.07,116.178,-0.520578,-12.3364,19639.3,225.74,1,2,2,3,4,0
22,73,218.715,177.083,1.8839,1.9573,1182.9,47.179,3.71593,1.6271,32148.3,240.302,1,2,2,3,4,0
22,74,219.529,177.047,2.02672,2.31592,973.912,57.1093,-0.13948,-6.3317,28518.5,224.385,1,2,2,3,4,0
22,75,219.314,176.091,2.13325,2.0728,750.754,81.2271,3.07076,-8.59429,20919.1,203.367,1,2,2,3,4,0
22,76,219.477,176.18,1.81871,1.74446,786.191,117.715,3.86435,-7.76177,15645.2,203.112,1,2,3,4,5,0
22,77,220.538,177.326,1.98403,2.17786,834.338,103.237,0.737124,-11.4954,22451.1,235.396,1,2,3,4,5,0
22,78,222.097,177.153,2.12699,2.45707,699.376,102.291,0.218433,-10.8647,22540.2,232.527,1,2,3,4,5,0
22,79,224.492,177.987,1.95337,2.51775,547.761,111.441,-3.01599,-13.5471,16605.3,221.166,1,2,3,4,5,0
22,80,224.844,179.486,1.8264,2.21782,661.323,103.325,-1.36142,-6.84884,16855.9,202.178,1,2,3,4,5,0
22,81,223.768,180.436,2.09536,2.34759,973.249,71.3171,-1.1671,-3.07121,30029.7,250.053,1,1,1,2,2,0
22,82,223.307,180.518,1.90198,1.86158,961.836,101.758,-0.675649,-5.93125,21329.5,225.201,1,1,1,1,1,0
22,83,223.059,180.63,1.90868,1.64822,1068.31,102.828,1.57877,-1.95824,20795.6,227.42,1,1,2,1,1,0
22,84,223.537,180.805,1.5413,1.8181,1136.22,113.329,3.58146,-4.62957,19984.7,230.805,1,1,2,1,1,0
22,85,223.663,180.882,1.62542,1.87571,1170.04,121.485,0.223547,-1.31121,22380.5,253.053,1,2,2,3,4,0
22,86,222.463,181.351,1.72884,2.14419,1158.18,117.503,-0.0937206,-3.35914,26814.7,272.657,1,2,2,3,4,0
22,87,222.456,180.246,1.93943,1.9623,918.936,98.2435,-4.13682,-5.05325,21875.7,227.266,1,1,2,3,4,0
22,88,222.244,180.18,1.80128,1.66697,1067.06,104.776,-0.661314,-9.81764,20109.3,222.349,1,1,2,3,4,0
22,89,222.281,180.423,1.89531,1.84137,1016.55,109.499,-4.98639,-11.582,22228.1,243.391,1,2,2,3,4,0
22,90,223.009,179.579,1.87647,1.82671,1077.13,143.382,-9.00647,-10.5767,23677.1,275.657,1,2,2,3,4,0
22,91,222.409,179.127,1.8145,2.05033,1035.55,102.777,-5.73693,-9.2404,24103.7,244.272,1,2,2,3,4,0
22,92,222.346,179.841,1.55945,1.72783,1026,127.459,0.834798,-6.74017,16863.8,221.757,1,2,3,3,4,0
22,93,224.022,180.667,1.8393,2.11247,1054.7,135.412,-1.83604,-8.58296,24531.7,273.834,1,2,3,3,4,0
22,94,223.614,179.893,1.71305,1.92645,1000.39,132.992,-3.91444,-9.00756,21201.3,258.728,1,2,3,3,4,0
22,95,223.013,178.894,2.19744,2.21946,983.921,84.1686,-3.35296,-5.1394,29779.9,263.118,1,2,3,3,4,0
22,96,224.52,177.911,1.7816,1.64371,847.429,133.356,-6.04833,-13.1595,15648.3,232.456,1,2,3,3,4,0
22,97,225.634,177.163,1.63637,2.01791,818.463,138.022,-1.35709,-12.5066,16787.4,236.467,1,2,2,3,4,0
22,98,226.197,176.19,1.69669,1.88619,1297.75,146.913,-5.46587,-17.0534,26049.9,297.118,1,2,2,3,4,0
22,99,225.693,175.839,1.98048,2.32118,1040.72,107.637,0.357202,-14.5234,29740.5,289.112,1,2,2,3,4,0
22,100,225.234,175.122,1.77944,2.10822,1023.77,105.777,-1.53898,-9.91809,23628.2,242.799,1,1,2,3,4,0
22,101,224.766,174.825,2.01882,2.07349,983.539,81.3246,-4.82691,-8.40147,26049.8,241.746,,,,,,0
23,1,210.433,286.987,2.77858,1.79179,389.263,155.73,-7.5988,-12.8007,12010.2,236.757,1,2,3,4,5,0
23,2,212.166,283.173,2.22155,3.03289,760.955,175.828,-1.94816,-4.60927,31027.7,364.343,1,2,3,4,5,0
23,3,210.967,283.428,2.20081,2.6473,741.286,217.976,2.43118,-4.23165,26316.2,374.935,1,2,3,3,4,0
23,4,210.538,282.419,2.05178,2.05218,1017.87,269.919,0.719718,9.25789,26069.3,418.379,1,2,3,3,4,0
23,5,211.621,281.943,2.27347,1.79207,1128.7,271.369,4.2294,0.733309,28182.1,436.154,1,2,3,3,4,0
23,6,211.131,280.855,3.73695,2.20633,792.538,160.342,-9.4027,-1.72961,36415.1,378.107,1,2,3,3,4,0
23,7,211.078,279.987,2.5568,2.27915,676.366,236.269,-26.7614,27.0207,26193.2,383.308,1,2,3,3,4,0
23,8,210.191,279.993,2.2416,3.46977,519.297,222.991,-2.9642,16.9816,21915.8,348.911,1,2,3,3,4,0
23,9,209.022,280.274,2.24947,3.91736,567.991,222.87,12.3663,4.16448,27045.8,384.757,1,2,3,4,5,0
23,10,209.805,278.534,1.92193,3.08656,592.234,252.441,15.5925,5.60888,19938.8,366.112,1,2,3,4,5,0
23,11,210.363,279.107,3.03596,3.74443,528.351,55.626,27.233,-18.0953,40993.6,318.053,1,2,3,4,5,0
23,12,209.243,279.225,1.52191,2.74689,292.998,222.188,12.7185,9.6545,8293.47,269.219,1,2,3,4,5,0
23,13,206.1,277.653,1.90628,2.4896,470.44,153.083,8.55752,3.91817,14757,244.32,1,2,3,4,5,0
23,14,205.669,277.646,2.12896,2.42704,537.641,140.284,6.37554,-2.01525,17847.3,245.982,1,2,3,4,5,0
23,15,206.618,278.237,2.25618,3.25003,579.671,155.779,20.5924,7.22335,23439.9,302.834,1,2,3,4,5,0
23,16,208.319,276.733,2.25939,2.81864,399.061,179.746,20.0433,21.4342,16497.3,275.219,1,2,3,4,5,0
23,17,209.879,277.596,2.30759,2.57866,538.167,215.302,17.3236,14.714,19711.9,324.935,1,2,3,4,5,0
23,18,211.44,278.459,2.35578,2.33868,677.274,250.858,14.6039,7.99374,22926.6,374.651,1,2,3,4,5,0
23,19,213.513,279.853,2.34097,2.81237,564.666,176.697,2.94055,2.897,21652.5,300.207,1,2,3,4,5,0
23,20,215.585,281.248,2.32616,3.28606,452.057,102.537,-8.72277,-2.19975,20378.5,225.763,1,2,3,4,5,0
23,21,215.613,281.539,2.02371,3.01043,592.865,93.923,-5.6868,-0.147517,21538.8,220.84,1,2,3,4,5,0
23,22,214.347,283.179,2.37658,2.49793,575.114,114.735,-3.04197,-5.60404,20861.3,237.231,1,2,3,4,5,0
23,23,210.235,283.562,2.16577,2.30603,543.618,171.972,9.3138,3.74841,16797,266.899,1,2,3,4,5,0
23,24,209.673,283.814,3.2809,4.13045,527.613,47.7022,-1.49133,1.61738,35997.9,274.047,1,2,3,4,5,0
23,25,210.454,283.47,2.41932,2.68556,518.653,112.106,-4.91995,-0.726928,20314.2,236.639,1,2,3,4,5,0
23,26,211.458,281.26,2.11721,1.92308,438.278,118.539,-4.8785,-7.35128,11135.1,185.639,1,2,3,4,5,0
23,27,211.419,279.236,2.07535,2.36232,545.282,121.538,-2.04486,-9.65574,16544.2,219.142,1,2,3,4,5,0
23,28,211.636,280.04,2.55834,2.25813,423.967,93.2561,-5.35783,-8.60617,15286.5,180.704,1,2,3,4,5,0
23,29,209.206,280.838,1.89159,2.32733,637.758,84.7944,-4.67217,-8.26108,17447.6,189.793,1,2,3,4,5,0
23,30,208.702,280.147,1.99344,2.60149,656.993,89.0408,-7.17468,-4.11026,20923.6,213.734,1,2,3,4,5,0
23,31,207.114,278.526,2.79794,1.99012,385.791,112.212,-4.70885,-5.48066,12976.2,190.444,1,2,3,4,5,0
23,32,203.186,278.256,2.60663,2.02093,255.45,125.018,5.63315,-5.36406,8254.29,167.148,1,2,3,4,5,0
23,33,200.542,277.077,2.1752,2.16548,397.958,127.351,0.0425323,-4.24414,11603.8,191.03,1,2,3,4,5,0
23,34,200.648,278.671,1.81997,1.96727,510.316,111.238,-3.03205,2.122,12012.8,185.142,1,2,3,4,5,0
23,35,199.757,282.051,2.28584,3.16733,375.852,82.993,1.176,4.22061,16186.1,188.089,1,2,3,4,5,0
23,36,199.07,283.467,2.06873,2.42381,413.521,116.514,0.092617,-3.02094,11421.7,186.402,1,2,3,4,5,0
23,37,196.845,285.159,1.79881,2.3158,353.956,119.162,-4.13224,-4.70884,9172.28,170.568,1,2,3,4,5,0
23,38,195.826,284.75,2.00997,2.40279,517.558,96.8026,2.3117,-1.57124,15469.9,193.935,1,2,3,4,5,0
23,39,196.5,285.335,2.61041,2.53646,452.527,92.2413,8.22036,4.45171,19137.8,209.036,1,2,3,4,5,0
23,40,197.726,286.543,2.72442,2.49438,521.47,74.341,-0.176748,-2.03648,21279.8,201.331,1,2,3,4,5,0
23,41,198.661,286.153,2.04472,2.0984,614.039,103.591,-2.4304,0.285565,16430.8,202.604,1,2,3,4,5,0
23,42,198.335,286.539,1.91605,2.30968,551.975,114.663,-2.12868,2.15745,15163.7,207.207,1,2,3,4,5,0
23,43,196.297,288.348,3.54217,2.69339,327.281,72.7809,-0.0450906,2.55791,18291.8,187.178,1,2,3,4,5,0
23,44,194.759,292.204,2.28611,3.7331,421.461,106.792,-1.44261,1.46309,20755.9,235.722,1,2,3,4,5,0
23,45,194.077,293.658,2.35103,2.65656,718.759,88.1821,0.294745,-6.33067,27242.4,254.686,1,2,2,3,4,0
23,46,194.259,293.245,2.24754,2.29808,810.025,75.1203,-5.92254,-3.43203,25858.9,234.87,1,2,2,3,4,0
23,47,194.044,292.257,2.05561,2.26107,887.772,92.0502,-4.33338,-2.30339,25970.7,249.249,1,2,2,3,4,0
23,48,193.564,291.215,1.98904,2.2064,952.212,108.93,-2.73569,-11.8744,26015,265.876,1,2,2,3,4,0
23,49,192.916,290.196,1.94502,2.15408,1310.19,102.811,0.213102,-5.17844,34250.8,306.308,1,2,2,3,4,0
23,50,192.581,289.963,1.99593,1.93205,1278.75,120.634,-3.94186,-1.27605,30316.3,300.107,1,2,2,3,4,0
23,51,192.131,289.91,2.11156,2.23043,1041,122.479,-8.72635,-2.78412,30652,301.834,1,2,3,4,5,0
23,52,190.95,290.608,2.68047,2.91916,641.29,103.671,-2.90133,-4.23492,29509.3,284.266,1,2,3,4,5,0
23,53,189.026,288.487,2.13379,1.75436,507.378,181.931,-7.00013,-7.41782,11870.4,249.45,1,2,3,4,5,0
23,54,187.927,288.873,1.91928,1.76008,520.21,175.809,-5.45653,-14.5377,11021,251.893,1,2,3,4,5,0
23,55,186.564,288.489,1.63383,1.95478,535.669,198.891,-7.71788,-7.53105,11604.3,271.231,,,,,,0
24,1,226.881,265.141,2.3908,2.19987,940.691,114.127,10.4438,-7.3255,30351.2,290.888,1,2,3,4,5,0
24,2,225.733,266.433,2.02441,2.17322,443.789,139.782,9.85748,-1.85267,12154.5,211.249,1,2,3,4,5,0
24,3,225.059,271.035,2.15367,2.25012,338.656,133.297,0.950537,-1.29057,10190.8,191.692,1,2,3,4,5,0
24,4,221.791,271.682,1.95653,2.47918,407.592,119.959,-0.14581,2.4623,12765.6,192.402,1,2,3,4,5,0
24,5,221.115,271.705,2.2218,1.93754,592.466,100.213,-17.9723,8.86406,19597.1,218.988,1,2,3,4,5,0
24,6,220.521,269.644,2.20661,2.35647,447.145,86.5867,-1.73157,4.64604,13739.7,171.503,1,2,3,4,5,0
24,7,219.424,268.829,1.97611,2.01127,515.553,119.199,-4.42573,5.49961,12805.8,193.751,1,2,3,4,5,0
24,8,218.127,270.183,2.49625,2.03613,296.11,107.23,-11.0498,5.94886,9282.25,160.343,1,2,3,4,5,0
24,9,215.818,271.595,2.30301,1.89962,311.741,177.792,-20.6785,22.5813,9367.74,240.219,1,2,3,4,5,0
24,10,217.081,272.111,1.69036,1.97484,387.603,186.726,-16.4182,14.662,8109.58,230.521,1,2,3,4,5,0
24,11,218.069,272.08,1.62873,1.93297,456.719,182.859,-13.0671,13.0739,9017.47,229.521,1,2,3,4,5,0
24,12,219.928,271.355,1.82052,2.27519,426.671,99.3269,-2.82553,3.11145,10999,162.976,1,2,3,4,5,0
24,13,220.29,270.824,2.07337,2.35763,485.618,85.4552,-1.66048,-3.56595,14701.4,176.923,1,2,3,4,5,0
24,14,218.696,269.543,2.37954,2.47702,291.52,91.6117,-5.75543,-4.15127,10942,156.639,1,2,3,4,5,0
24,15,217.859,263.496,1.30728,3.42711,342.342,110.275,1.33824,-4.54355,7947.76,156.414,1,2,3,4,5,0
24,16,217.206,261.183,1.82193,1.56191,430.443,155.739,-7.94299,-15.4924,7691.55,198.166,,,,,,0
25,1,231.951,149.554,1.93385,2.27896,504.597,121.598,-0.398833,-3.77878,13856.3,205.716,1,1,1,1,1,0
25,2,231.756,149.719,1.56548,2.0658,578.437,118.056,-1.40503,-2.72081,11709.2,188.799,1,1,1,1,1,0
25,3,231.74,149.466,1.92714,1.95641,598.195,120.336,-7.14671,-0.366353,14109.3,201.302,1,1,1,1,1,0
25,4,231.836,149.617,2.17728,2.2175,592.977,84.6907,-13.7792,-0.116649,17398.2,195.645,1,1,1,1,1,0
25,5,231.943,149.708,2.26425,2.34771,553.636,81.9113,-10.9013,-2.49531,17492.6,195.367,1,1,1,1,1,0
25,6,231.982,149.153,1.90991,2.3536,511.442,114.211,-6.36191,0.674575,13367.8,190.243,1,1,1,1,1,0
25,7,232.129,149.39,2.07826,2.23838,499.771,109.178,-3.24261,-2.7776,14091.4,187.947,1,1,1,1,1,0
25,8,231.989,149.736,1.99335,1.79598,594.709,112.006,-2.82154,-5.18574,13335,191.071,1,1,1,1,2,0
25,9,232.142,149.335,2.02193,1.99226,541.678,90.6314,-6.35092,-3.36738,13635,168.592,1,1,1,2,2,0
25,10,232.522,149.564,2.51213,1.90871,480.412,72.8786,-11.788,-5.27844,14949.9,163.846,1,1,1,2,2,0
25,11,231.818,149.62,2.33651,1.77551,537.325,99.6412,-11.2963,-7.09148,14421.1,194.047,1,1,1,2,2,0
25,12,231.644,149.099,1.98111,1.70869,497.306,178.438,-20.138,3.0158,10558.3,244.799,1,1,1,1,1,0
25,13,231.898,149.223,1.90494,1.68844,513.633,173.164,-18.1991,0.751647,10355.2,230.896,1,1,1,1,1,0
25,14,232.151,149.346,1.82877,1.6682,529.96,167.889,-16.2603,-1.51251,10152.1,216.994,1,1,1,1,1,0
25,15,232.039,149.378,1.61756,1.6968,658.691,150.489,-13.7274,4.6565,11352.5,208.633,1,1,1,1,1,0
25,16,232.166,149.623,1.70005,2.10021,690.623,124.778,-9.01036,1.4015,15475,211.172,1,1,1,1,1,0
25,17,231.917,149.465,2.08981,2.21579,496.769,104.823,-9.51519,1.69054,15189.5,202.947,1,1,1,1,1,0
25,18,232.178,149.232,2.08135,1.94348,520.563,99.9227,-12.1884,-3.43613,13155.7,174.828,1,1,1,1,1,0
25,19,232.158,149.304,1.49786,1.7586,704.441,133.634,-7.45623,-4.8486,11650.9,195.568,1,1,1,1,1,0
25,20,232.251,149.357,1.70238,1.98201,637.86,85.9725,-1.04793,-4.67603,13681.9,162.781,1,1,1,1,1,0
25,21,232.366,149.204,2.11965,2.14031,554.213,70.4959,-2.49931,-1.88851,15644.5,162.609,1,1,1,1,1,0
25,22,232.369,149.434,1.9398,2.09126,592.982,77.1711,-3.05818,-4.46172,15013.6,168.284,1,1,1,1,1,0
25,23,232.335,149.356,2.05344,1.98964,573.394,86.9996,-4.37295,-4.69744,14862.5,175.059,1,1,1,1,1,0
25,24,232.381,149.38,2.20003,2.14218,498.514,92.4852,-7.27024,-2.52108,15045.9,176.03,1,1,1,1,1,0
25,25,232.439,149.182,2.11196,2.20351,473.685,93.6466,-6.26329,1.51962,13696.3,171.396,1,1,1,1,1,0
25,26,232.295,149.296,1.77446,1.92507,584.84,104.739,-5.22887,-0.293089,12297,174.911,1,1,1,1,1,0
25,27,232.23,149.408,1.66254,1.96022,591.976,102.204,-0.325891,-3.68082,12088.6,170.663,1,1,1,1,1,0
25,28,232.296,149.138,1.90617,1.64918,630.44,87.8951,-3.82425,-4.17741,12429,160.408,1,1,1,1,1,0
25,29,232.245,149.08,1.73014,1.68263,688.071,87.2303,-2.98787,-3.16352,12579.5,155.822,1,1,1,1,1,0
25,30,232.24,149.359,1.87701,1.95384,569.935,86.0726,-1.47473,-0.938925,13086,160.13,1,1,1,1,1,0
25,31,232.14,149.783,1.80566,1.97623,563.541,73.1128,-2.28984,-2.77591,12596.2,148.225,1,1,1,1,1,0
25,32,232.388,149.785,1.33649,1.7466,719.168,104.669,2.42896,-5.59816,10542.2,162.627,1,1,1,1,1,0
25,33,232.588,149.498,2.00252,1.79676,642.516,85.8564,-3.2598,0.470394,14466,170.361,1,1,1,1,1,0
25,34,232.785,149.356,1.93841,1.66498,608.782,109.95,-8.52775,2.35881,12317.8,190.231,1,1,1,1,1,0
25,35,232.678,149.215,1.90837,1.59626,561.14,124.676,-10.9225,2.50825,11293.7,193.041,1,1,1,1,1,0
25,36,232.657,149.294,2.10554,1.88235,438.79,99.0374,-5.62441,3.17645,10861.9,165.846,1,1,1,1,1,0
25,37,232.475,149.604,2.04903,2.1381,472.482,101.176,-9.17917,4.01141,12885.4,180.391,1,1,1,1,1,0
25,38,232.161,149.868,1.92035,2.22347,558.778,130.545,-11.939,6.28039,14867.6,215.396,1,1,1,1,1,0
25,39,232.133,149.687,2.14723,2.18628,592.725,85.5405,-0.572159,-4.03075,17290.8,189.503,1,1,1,1,1,0
25,40,232.22,149.441,2.09148,1.8176,575.817,119.378,2.8713,-5.84606,13683.3,196.959,1,1,1,2,2,0
25,41,232.96,149.525,2.86403,1.91644,468.079,106.371,-3.95128,-6.75467,15895.3,205.811,1,1,1,2,2,0
25,42,232.43,149.302,2.01331,1.83126,508.616,126.179,-3.213,-1.58492,12082.5,196.373,1,1,1,2,2,0
25,43,232.278,149.761,1.80618,2.05731,473.26,140.349,0.84149,-1.86527,11001.7,200.846,1,1,1,2,2,0
25,44,232.771,149.745,1.85877,2.11088,491.844,125.627,-10.1797,4.05431,12889,200.97,1,1,1,1,1,0
25,45,232.467,149.649,1.7231,2.14848,446.242,124.469,-4.65747,6.2251,10271.6,186.923,1,1,1,1,1,0
25,46,232.281,149.31,1.6846,1.81153,561.986,145.934,-4.98777,9.20816,10761.8,210,1,1,1,1,1,0
25,47,232.231,149.209,1.65087,1.97711,680.42,153.754,-8.26164,9.46056,13918.7,235.237,1,1,1,1,1,0
25,48,232.319,149.205,1.75245,2.06083,648.939,117.525,-7.71349,8.83675,14665.7,206.698,1,1,1,1,1,0
25,49,232.328,149.017,1.75405,1.95554,569.262,117.328,-9.00598,9.52051,12222.6,195.456,1,1,1,1,1,0
25,50,232.388,149.338,1.77587,1.76894,585.881,115.224,-11.101,4.37688,11546.3,189.947,1,1,1,1,1,0
25,51,232.39,149.629,1.80772,1.9599,465.482,116.991,-12.5937,6.09734,10327.3,179.314,1,1,1,2,2,0
25,52,231.995,149.058,1.83513,1.63227,470.176,120.743,-3.87538,5.07809,8839.26,176.284,1,1,1,2,2,0
25,53,232.386,148.881,1.77497,1.46542,501.544,134.675,-6.51857,4.62148,8189.95,176.852,1,1,1,2,2,0
25,54,232.437,149.317,1.86727,2.26917,499.318,113.167,-9.86048,8.12607,12688.8,192.734,1,1,1,2,2,0
25,55,232.342,148.903,2.12088,2.21099,525.325,117.268,-9.44269,8.30273,15307.1,205.929,1,1,2,2,3,0
25,56,233.02,149.065,2.3462,2.17138,345.656,88.3519,-9.94432,4.85931,10895.8,159.527,,,,,,0
26,1,230.705,212.947,3.91091,1.66495,327.97,156.278,7.51013,4.39138,11930.2,229.243,1,2,3,3,4,0
26,2,231.855,212.477,2.90497,1.67569,259.569,236.539,19.0768,-0.351457,7635.39,269.142,1,2,3,3,4,0
26,3,232.32,212.16,2.39737,2.21295,508.815,176.871,12.2609,2.89274,16645,276.793,1,2,3,4,5,0
26,4,233.159,212.921,2.71058,2.43376,485.415,161.496,22.4545,-0.887919,19857.1,290.817,1,2,3,4,5,0
26,5,234.775,214.228,1.88815,1.76638,1094.13,321.965,24.7464,3.57961,22881.3,444.959,1,2,3,4,5,0
26,6,234.285,215.793,2.80367,2.01316,1078.18,353.879,26.7768,5.36343,34949.3,579.26,1,2,3,4,5,0
26,7,235.983,217.956,4.03733,1.95741,720.723,333.246,-4.19864,12.3429,35482.2,542.97,1,2,3,4,5,0
26,8,233.516,220.474,2.79936,2.79334,986.895,156.431,14.1075,-21.5045,45295,438.426,1,2,3,4,5,0
26,9,232.482,221.002,2.34639,2.29046,1028.8,177.49,7.03956,-22.5616,34053.5,377.793,1,2,3,4,5,0
26,10,233.031,220.896,2.0454,2.52382,683.936,228.313,2.32523,-31.2907,22951.8,383.479,1,2,3,4,5,0
26,11,232.929,216.706,2.95107,3.0021,901.362,165.559,26.7762,12.152,45563.4,443.834,1,2,3,4,5,0
26,12,233.951,216.947,2.69029,2.2352,945.272,197.122,7.09423,-3.6047,34807.7,400.965,1,2,3,4,5,0
26,13,234.536,217.165,1.89074,2.10961,988.187,239.49,15.021,-17.7171,26178.4,382.479,1,2,3,4,5,0
26,14,235.98,217.962,2.60623,1.9878,1132.92,218.147,7.11177,-26.6468,37979.1,454.278,1,2,3,4,5,0
26,15,234.308,218.961,1.86506,1.90829,880.82,135.266,2.68132,-13.8859,19642.3,259.012,1,2,2,3,4,0
26,16,233.275,218.932,2.16217,2.0227,913.196,86.8447,-3.56218,-10.652,24887.6,247.183,1,2,2,3,4,0
26,17,233.112,218.782,1.78689,1.80719,781.848,138.941,-7.60395,-10.0945,15116.8,226.302,1,2,2,3,4,0
26,18,232.393,219.275,2.32437,1.78591,582.602,82.2085,-1.40813,-4.09347,15124.2,171.438,1,2,2,3,4,0
26,19,231.568,220.3,2.35301,2.31673,514.783,63.5009,0.899063,-4.43998,17261.3,166.533,1,2,2,3,4,0
26,20,231.688,221.741,1.72607,1.93533,593.525,91.3059,-2.7551,-8.96556,12427.7,161.959,1,1,2,3,4,0
26,21,231.873,221.386,1.96849,2.21666,539.854,109.698,-6.02693,-5.52235,14664.3,194.243,1,1,2,3,4,0
26,22,231.943,221.359,1.86497,2.66812,533.567,103.85,-5.35231,-2.73079,16246.7,199.527,1,2,2,3,4,0
26,23,232.496,222.456,1.85365,2.74821,542.25,88.9056,-4.41083,-6.87695,16804.2,189.982,1,2,2,3,4,0
26,24,232.966,222.634,2.05316,2.68956,551.836,88.2039,-1.54008,-12.5305,18744.3,203.923,1,2,3,4,5,0
26,25,231.761,221.435,2.06406,2.82387,442.759,93.9586,0.53401,-7.84916,15457.9,188.979,1,2,3,4,5,0
26,26,230.556,220.237,2.07497,2.95818,333.682,99.7134,2.6081,-3.16783,12171.5,174.036,1,2,3,4,5,0
26,27,229.869,222.109,2.34641,2.17313,402,80.0656,-0.683664,-1.02196,12680.5,156.692,,,,,,0
27,1,232.033,278.147,1.84159,2.03955,607.341,93.8416,-2.30241,-8.58202,14275.6,173.296,1,2,3,4,5,0
27,2,234.955,276.443,2.32007,1.7653,581.665,116.66,-6.86227,-2.91978,14819,201.828,1,2,3,4,5,0
27,3,237.907,276.085,1.72435,1.99381,745.237,123.224,-3.32717,-10.7243,16053.2,213.911,1,2,3,4,5,0
27,4,239.281,275.644,1.74001,2.36934,704.618,122.219,-0.980513,-14.8642,18029.6,239.509,1,2,3,4,5,0
27,5,240.359,276.087,1.93084,2.25527,1163.58,138.763,1.37048,-22.449,30836.6,313.059,1,2,3,4,5,0
27,6,239.693,275.96,2.12288,2.2438,1133.75,100.149,0.519964,-19.1219,33363.2,313.432,1,2,3,4,5,0
27,7,239.948,275.961,1.99082,2.15447,1048.03,123.438,-1.87119,-10.9667,28334.8,301.834,1,2,3,4,5,0
27,8,241.734,276.31,1.83326,2.31328,707.299,143.387,2.0643,-12.6109,18646.8,250.231,1,2,3,4,5,0
27,9,244.089,276.053,2.07965,2.3234,536.06,161.916,-1.63714,-18.386,16087.1,247.379,1,2,3,4,5,0
27,10,245.673,276.743,1.90665,2.11843,616.051,116.149,-3.16063,-9.31829,15536.9,216.095,1,2,3,4,5,0
27,11,245.529,277.626,2.31837,2.78981,536.064,67.2138,-4.28922,-2.50167,21348.8,201.485,1,2,3,4,5,0
27,12,243.849,279.345,2.30334,1.98085,769.197,105.93,7.11839,-0.326269,21231.3,228.325,1,2,3,4,5,0
27,13,244.4,279.893,1.87548,2.0657,807.133,118.477,0.0150028,-5.27692,19177.6,230.349,1,2,3,4,5,0
27,14,244.471,278.77,2.2733,2.37935,666.743,108.127,0.457814,-3.92916,22194.8,243.817,1,2,3,4,5,0
27,15,246.459,278.046,2.0037,2.19701,585.438,122.87,2.77722,-0.0312289,16047,225.083,1,2,3,4,5,0
27,16,247.212,278.098,1.91488,1.80538,526.574,190.93,18.0777,7.85789,11417.6,267.663,1,2,3,4,5,0
27,17,247.591,280.444,2.17121,1.54547,486.403,181.352,12.8886,-8.22697,10605,239.917,1,2,3,4,5,0
27,18,245.634,282.121,2.55814,2.15365,536.121,105.091,3.40293,-4.95207,18106.2,209.817,1,2,3,3,4,0
27,19,245.416,283.008,1.93178,2.1692,745.237,94.5243,2.90532,-6.89526,21021.4,218.308,1,2,2,3,4,0
27,20,245.136,282.586,1.79983,2.47782,667.759,93.696,-1.51337,-7.56701,19005.7,211.101,1,2,2,3,4,0
27,21,244.514,281.921,2.13484,2.47965,628.435,83.8418,-1.56512,-6.83925,20474.6,215.669,1,2,2,3,4,0
27,22,245.438,280.821,2.36509,2.02792,627.696,91.0515,-1.82448,-7.68181,18635.5,200.84,1,2,2,3,4,0
27,23,246.372,279.854,1.87587,2.06391,657.302,96.8499,-1.81406,-3.17805,15911.3,192.219,1,2,2,3,4,0
27,24,247.503,278.942,2.41851,2.17913,424.976,88.9406,-1.32401,-4.4277,13794.3,177.148,1,2,2,3,4,0
27,25,247.564,278.212,2.37716,2.22678,481.638,107.126,-0.477163,-2.00206,15712.6,197.343,1,2,2,3,4,0
27,26,247.516,279.056,2.36012,2.25847,617.602,84.3331,-1.764,1.17804,20282.6,206.994,1,1,2,3,4,0
27,27,247.742,278.949,2.03509,2.1621,700.678,94.934,-0.295421,-0.567924,19211.6,211.183,1,2,2,3,4,0
27,28,248.206,279.428,1.88893,2.32098,574.857,98.0955,-1.33831,-5.85052,15648.9,192.254,1,2,3,4,5,0
27,29,248.379,280.6,2.16988,2.20817,492.339,86.1887,-0.320712,-4.7928,14572.1,170.834,1,2,3,4,5,0
27,30,247.398,282.653,2.5289,2.39486,540.271,48.5106,-4.03786,-6.21065,20400.5,173.071,1,2,3,4,5,0
27,31,247.344,283.668,1.83959,2.17519,803.148,88.1379,-3.97508,-7.35181,20049.3,206.521,1,2,3,4,5,0
27,32,246.624,280.857,2.25453,2.80753,407.181,63.1211,4.23368,-4.60608,15624.3,160.757,1,2,3,4,5,0
27,33,247.093,278.581,2.04897,2.32885,532.148,94.856,1.1088,-2.52422,15736.1,189.402,1,2,3,4,5,0
27,34,248.78,279.078,2.01204,1.72662,625.625,107.411,2.22618,-5.19685,13612.7,184.58,1,2,3,4,5,0
27,35,249.027,279.112,2.05229,1.9786,637.782,74.717,1.12066,-1.12047,16185,171.669,1,2,3,4,5,0
27,36,248.199,281.474,2.44605,1.16932,351.38,101.329,-1.96006,-2.46215,5959.26,135.124,1,2,3,4,5,0
27,37,246.451,283.619,1.9961,2.25573,589.71,80.7909,0.0254685,-2.48104,16496.9,180.337,1,2,3,4,5,0
27,38,246.219,284.47,2.28805,2.05179,569.682,79.4631,0.74873,-2.88369,16419.7,178.053,1,2,3,4,5,0
27,39,246.297,285.554,1.88118,2.38249,613.149,108.427,1.55222,-4.62565,16467.3,203.87,1,2,3,4,5,0
27,40,246.782,286.584,1.57368,2.22198,557.079,111.461,-3.80723,-6.59061,12503.1,179.639,1,2,3,4,5,0
27,41,247.272,288.266,1.61718,2.23453,715.776,91.1141,0.741669,-6.05622,16132,188.71,1,2,3,4,5,0
27,42,248.238,288.563,2.30239,2.95444,551.135,33.5704,-5.47395,-2.53823,23517.3,179.189,1,2,3,4,5,0
27,43,249.167,287.976,1.80914,2.04258,609.806,99.2471,0.148177,-2.26506,14104.7,185.379,1,2,3,4,5,0
27,44,251.8,289.241,1.53056,2.37545,494.351,141.178,1.70689,-9.60012,11165.1,202.982,1,2,3,4,5,0
27,45,254.229,288.186,1.77067,2.0826,600.452,122.087,1.92296,-4.63035,13850.9,200.041,1,2,3,4,5,0
27,46,256.444,287.905,2.2392,2.41323,487.363,113.485,-1.82607,-1.84583,16211.7,212.107,1,2,3,4,5,0
27,47,257.687,288.856,2.24679,2.38824,534.856,80.4124,-2.1776,-7.32431,18459.7,195.533,1,2,3,4,5,0
27,48,258.332,289.533,2.17823,2.27108,689.341,79.4402,2.41562,-8.36256,22135.4,220.757,1,2,3,4,5,0
27,49,260.117,288.022,3.98275,2.31667,479.729,111.256,10.2363,-5.2445,23898.6,260.101,1,2,3,4,5,0
27,50,259.585,287.631,3.49308,2.39157,444.15,130.577,10.1984,0.326705,20781.4,256.852,1,2,3,4,5,0
27,51,259.851,287.773,3.36095,2.3881,496.062,113.674,7.53471,-6.51814,23912.8,258.272,1,2,3,4,5,0
27,52,259.912,284.477,1.47093,1.94828,373.536,196.427,12.6415,13.7869,7020.12,231.426,1,2,3,4,5,0
27,53,258.679,282.703,1.57867,1.66714,476.622,177.446,15.2298,15.3318,7924.58,220.095,1,2,3,4,5,0
27,54,257.723,282.264,1.83557,2.13985,517.956,161.86,5.51484,10.0757,12346.6,232.929,1,2,3,4,5,0
27,55,256.583,282.352,2.40964,2.48556,672.789,139.664,-1.33985,5.67587,24453.8,283,1,2,3,4,5,0
27,56,254.713,282.006,2.17718,2.51353,820.473,129.366,-2.99484,-8.48512,27590.2,286.846,1,2,3,4,5,0
27,57,252.915,282.355,2.23732,2.08031,1266.09,99.5046,0.365584,-5.91986,37549.9,322.083,1,2,3,4,4,0
27,58,251.982,282.367,3.00392,2.51382,1047.83,48.8361,-1.97802,-3.17368,47350.2,339.166,1,2,3,3,4,0
27,59,251.586,282.27,2.72304,2.41304,1028.74,88.5437,-1.07673,-7.48023,40944.2,335.769,1,2,3,3,4,0
27,60,252.726,281.66,2.2871,2.48652,952.927,101.165,0.146592,-5.97346,33595.7,300.456,1,2,3,3,4,0
27,61,254.444,280.971,2.03097,2.36593,943.494,144.592,-9.38407,-3.58687,27456.5,308.615,1,2,2,3,4,0
27,62,254.187,279.87,2.36831,2.3728,832.863,128.364,-1.81721,-9.12755,28766.2,302.633,1,2,2,3,4,0
27,63,253.926,279.465,2.38922,2.23743,930.045,127.915,-4.02646,-7.28233,30630.7,309.047,1,2,2,3,4,0
27,64,254.477,280.279,2.28557,2.25377,757.471,150.519,-10.4345,-5.31249,23400.1,289.266,1,2,2,3,4,0
27,65,255.492,279.974,2.23261,3.17944,491.225,111.374,-0.344391,7.16401,20785.2,235.976,1,2,2,3,4,0
27,66,256.076,279.067,2.51773,2.10994,364.269,106.924,2.79926,5.40594,11908.8,186.941,1,2,2,3,4,0
27,67,257.434,278.963,2.56144,1.92417,278.634,94.1722,6.2184,4.76525,9046.98,147.923,,,,,,0
28,1,236.942,138.172,2.14202,1.67525,436.712,144.724,5.16137,3.41146,9797.04,204.462,1,2,3,4,5,0
28,2,237.936,137.373,2.94805,3.38812,435.428,53.6483,-4.6317,-3.67812,24183.7,204.716,1,2,3,4,5,0
28,3,236.142,136.283,2.41111,2.64916,345.261,87.4224,-2.1664,-2.44645,14952.3,179.811,1,2,3,4,5,0
28,4,234.348,135.193,1.87418,1.91021,255.095,121.197,0.298905,-1.21479,5720.89,154.905,1,2,3,4,5,0
28,5,236,134.031,2.08613,2.22172,241.754,125.16,3.56519,0.0422743,6969.2,165.751,1,2,3,4,5,0
28,6,238.974,132.379,2.05632,2.00968,321.017,117.855,1.23668,-3.20277,8049.07,166.136,1,2,3,4,5,0
28,7,241.947,130.727,2.0265,1.79765,400.28,110.549,-1.09182,-6.44781,9128.95,166.521,1,1,1,1,1,0
28,8,242.139,130.563,2.17837,1.95755,383.292,110.159,-0.253579,-10.5964,10187.3,171.047,1,2,2,3,4,0
28,9,241.864,130.884,3.05446,2.56323,352.751,102.154,4.35978,-6.15626,16200.6,202.941,1,2,3,4,5,0
28,10,240.761,131.239,2.94998,2.23858,338.924,95.4004,6.72259,-5.14734,13455.8,178.68,1,2,3,4,5,0
28,11,239.658,131.594,2.84551,1.91393,325.097,88.6469,9.0854,-4.13842,10711,154.42,1,2,3,4,5,0
28,12,241.108,131.562,2.94247,1.49608,316.434,88.2778,2.88545,1.00113,8396.51,140.083,1,2,3,4,5,0
28,13,242.953,131.998,2.50866,1.77968,277.339,101.534,5.92187,-3.34783,7290.27,144,1,2,3,4,5,0
28,14,245.506,130.759,2.26107,2.46508,334.315,98.8498,4.41959,-8.37007,11304.6,167.444,1,2,3,4,5,0
28,15,248.058,129.521,2.01348,3.15048,391.291,96.165,2.91731,-13.3923,15319,190.888,1,2,3,4,5,0
28,16,247.916,130.054,2.11784,2.47512,352.293,98.1173,7.18498,-9.63548,11385.2,160.604,1,2,3,4,5,0
28,17,249.542,130.775,1.62901,1.85383,265.938,130.184,5.63486,-8.89569,5339.11,158.923,1,2,3,4,5,0
28,18,250.974,129.48,2.02943,2.24701,290.568,126.989,7.91495,-3.52274,8997.56,179.405,1,2,3,4,5,0
28,19,252.406,128.186,2.42984,2.64018,315.199,123.794,10.195,1.85021,12656,199.888,1,2,3,4,5,0
28,20,252.46,127.84,2.42971,2.55542,294.561,101.437,10.1936,2.82803,11497.7,171.917,1,2,3,4,5,0
28,21,252.86,126.903,2.14327,1.98195,271.787,148.383,8.29129,-0.641608,7202.89,181.781,1,2,3,4,5,0
28,22,253.176,124.077,1.87962,2.41401,282.171,148.498,8.65211,14.1757,8150.59,192.988,1,2,3,4,5,0
28,23,254.887,123.515,2.05305,2.79571,289.83,115.91,0.111404,2.0265,9823.72,171.87,1,2,3,4,5,0
28,24,255.323,123.856,2.36525,2.34224,385.799,101.852,0.145132,2.58027,13144.4,179.722,1,2,3,4,5,0
28,25,254.173,124.538,2.25176,2.43538,342.114,117.091,4.66888,6.36738,11332.7,180.87,1,2,3,4,5,0
28,26,255.408,126.307,2.33118,3.43616,245.648,121.188,0.918716,4.62732,10448.3,185.118,1,2,3,4,5,0
28,27,255.354,123.39,1.86476,2.29213,273.716,113.062,2.48939,-1.36047,6422.67,152.083,1,2,3,4,5,0
28,28,255.3,120.473,1.39833,1.1481,301.783,104.937,4.06006,-7.34825,2397.06,119.047,1,2,3,4,5,0
28,29,255.292,117.295,1.66486,1.82317,230.865,105.063,-1.09313,2.09735,4426.02,126.296,1,2,3,4,5,0
28,30,258.124,117.749,2.06957,1.94262,328.957,77.4602,-0.373912,-1.78509,8264.66,128.396,1,2,3,4,5,0
28,31,258.892,118.67,2.15282,2.37137,302.985,91.1797,3.05233,-0.731516,9558.35,148.018,1,2,3,4,5,0
28,32,258.184,122.113,2.24995,2.78378,267.583,90.2188,10.1269,2.0498,10477.2,157,1,2,3,4,5,0
28,33,259.132,122.369,2.42842,2.91579,287.738,89.5615,13.117,11.5779,13474.8,174.917,1,2,3,4,5,0
28,34,260.078,122.967,2.1923,1.94376,345.251,111.607,8.28199,2.0512,9174.27,165.633,1,2,3,4,5,0
28,35,259.16,123.101,2.01965,1.77009,319.126,98.1046,4.20945,2.24195,7144.32,143.911,1,2,3,4,5,0
28,36,257.139,121.901,2.24281,2.30089,344.215,85.527,5.31387,-1.09318,10985.9,148.083,1,2,3,4,5,0
28,37,259.578,121.501,2.48677,2.0122,294.7,107.994,3.19346,3.34209,9020.17,161.272,1,2,3,4,5,0
28,38,262.017,121.101,2.73074,1.7235,245.184,130.461,1.07304,7.77736,7054.43,174.462,1,2,3,4,5,0
28,39,260.148,122.46,2.48067,2.80419,326.535,136.307,0.903774,7.91468,13582.1,217.68,1,2,3,4,5,0
28,40,261.667,121.55,2.14267,2.5096,306.506,110.923,-4.86724,2.63434,10058.9,174.704,1,2,3,4,5,0
28,41,262.66,120.705,2.07315,1.67544,305.209,91.2864,-2.51066,0.385595,6633.29,131.373,1,2,3,4,5,0
28,42,264.537,122.483,1.47497,1.52788,306.473,115.284,-1.89201,3.07824,4656.54,142.604,,,,,,0
29,1,241.34,266.19,2.13394,1.92645,1320.84,156.638,-3.06645,-16.439,33885.4,363.793,1,1,2,2,3,0
29,2,240.673,266.24,1.94209,1.84504,1441.13,180.401,3.91525,-19.3224,32343.1,371.834,1,1,2,2,3,0
29,3,240.761,266.189,1.86011,1.86957,1503.59,223.077,-12.8862,-9.24696,31212,406.101,1,1,2,2,3,0
29,4,241.106,266.163,1.82418,2.02319,1496.99,213.078,-9.62757,3.26178,34618.5,423.846,1,1,2,2,3,0
29,5,241.871,266.347,1.67766,1.97779,1286.77,299.486,-0.646447,-2.8177,25225.4,449.225,1,1,2,2,3,0
29,6,242.426,266.145,1.77105,2.04472,1528.92,236.434,-1.56818,-6.49093,34650.7,450.385,1,1,2,2,3,0
29,7,242.733,266.174,1.87227,2.05618,1672.89,207.742,-4.38486,-9.43121,40371.7,456.107,1,1,2,2,3,0
29,8,242.751,266.754,1.84977,2.10639,1430.59,214.283,-1.67247,-8.78099,34176.4,412.337,1,1,2,2,3,0
29,9,243.434,266.984,1.93935,2.23104,1500.27,197.637,1.96875,-2.38184,40182.7,432.497,1,1,2,2,4,0
29,10,243.69,266.037,1.83947,1.98869,1569.46,209.277,-2.47976,-12.5666,35950,417.527,1,1,2,2,3,0
29,11,243.462,265.55,1.76241,1.97437,1764.31,260.417,17.3974,-23.9604,39104,486.503,1,1,1,2,1,0
29,12,243.388,265.531,1.82244,2.01206,1646.63,182.282,6.17464,-9.51822,37770,407.083,1,1,1,2,1,0
29,13,243.039,265.429,1.71206,1.96215,1753.7,152.716,1.84692,-6.02656,37260.8,371.828,1,1,1,2,1,0
29,14,242.89,265.632,1.90521,2.10536,1499.98,141.019,-4.98982,-5.62479,37574.7,366.479,1,1,1,2,2,0
29,15,243.276,265.889,1.91407,2.3453,1422.76,132.837,-5.86765,-9.67324,39273.7,368.509,1,1,1,2,2,0
29,16,243.341,265.603,1.94515,2.14943,1561.85,138.202,-5.69955,-12.2011,40712.9,377.604,1,1,1,2,3,0
29,17,242.773,265.835,2.00755,1.92514,1639.76,146.366,-3.41006,-12.3389,39476.3,381.775,1,1,1,2,3,0
29,18,242.975,265.766,1.78154,2.04123,1698.77,152.953,0.641722,-7.20747,39050.2,381.231,1,1,2,2,3,0
29,19,243.501,265.408,1.8877,2.12812,1654.63,143.039,-2.83969,-4.75009,41471.4,386.201,1,1,2,2,3,0
29,20,243.984,266.229,1.84992,2.07504,1345.44,141.182,0.802604,-7.2032,32297,329.107,1,1,2,2,3,0
29,21,243.991,266.185,2.00878,2.2652,1225.89,103.203,-1.89775,-5.05321,34687.2,312.751,1,1,2,2,3,0
29,22,243.4,265.517,2.03091,1.783,1662.26,161.348,5.90411,-8.59371,37399.8,376.467,1,1,1,2,1,0
29,23,243.329,265.388,1.94444,1.96025,1825.38,134.499,2.51129,-10.7189,43519.7,389.533,1,1,1,1,1,0
29,24,243.215,265.335,1.94474,2.0026,1738.05,141.475,3.68698,-9.94108,42328.1,388.639,1,1,1,1,1,0
29,25,243.303,265.26,2.06487,2.33948,1647.53,118.023,-2.94708,-10.6624,49877.7,419.68,1,1,2,3,4,0
29,26,244.142,265.991,1.82071,2.20847,1398.2,110.651,-3.23191,-6.55058,36164.7,328.509,1,1,2,3,4,0
29,27,244.679,266.248,1.9606,2.1161,1546.85,109.625,-0.0595014,-3.96312,41212.3,356.391,1,1,1,1,1,0
29,28,244.613,266.099,2.01051,2.08148,1562.34,120.23,2.99961,-2.61715,40805.2,359.148,1,1,1,1,1,0
29,29,244.783,266.049,2.07307,2.08749,1768.92,108.389,3.87249,-6.35888,47743.8,392.982,1,1,1,1,1,0
29,30,244.944,266.071,1.94675,2.07343,1663.86,121.472,-3.99411,-4.02324,42796.9,373.509,1,1,1,1,1,0
29,31,244.872,266.072,1.88545,1.92054,1657.83,96.3654,-6.54263,-6.98453,37537.7,317.367,1,1,1,1,1,0
29,32,244.82,266.018,2.00827,2.0327,1641.44,106.388,-6.98134,-5.99461,41870,349.675,1,1,1,1,1,0
29,33,244.825,266.367,1.91936,2.15241,1829.54,139.62,-1.33784,-9.8012,46505.9,414.361,1,1,1,1,1,0
29,34,244.765,266.233,1.89168,2.09738,1786.86,158.563,-0.514253,-2.34596,44297.5,419.604,1,1,1,1,1,0
29,35,244.847,266.101,1.93008,1.87421,1714.11,126.873,-3.68177,-7.70629,38845,356.592,1,1,1,1,1,0
29,36,244.73,266.19,2.02022,1.94087,1681.42,79.1587,0.147168,-8.38187,41225.1,328.509,1,1,1,1,1,0
29,37,244.713,266.229,2.05316,2.07818,1754.23,96.8857,1.13273,-6.69772,46690.2,375.769,1,1,1,1,1,0
29,38,244.839,266.12,1.95198,2.15609,1609.69,109.231,-6.97019,-8.99324,42268.2,358.012,1,1,1,1,1,0
29,39,244.809,265.959,1.92627,1.9887,1517.49,134.695,-4.45518,-1.80728,35543.1,346.947,1,1,1,1,1,0
29,40,244.721,266.106,1.98011,2.01992,1483.99,122.582,0.875276,-2.60099,36762.5,338.053,1,1,1,1,1,0
29,41,244.774,266.172,2.14359,2.19598,1546.84,118.767,-8.9016,-9.87906,45249.6,386.077,1,1,1,1,1,0
29,42,244.74,265.974,2.06669,2.15248,1799.99,102.249,-6.93226,-7.66174,49882,404.148,1,1,1,1,1,0
29,43,244.744,266.224,2.03538,1.83746,1805.64,130.211,-7.03771,-10.8991,42253.3,378.544,1,1,1,1,1,0
29,44,244.732,266.289,1.90283,1.87904,1751.62,140.09,-5.20416,-7.11784,39233.2,367.965,1,1,1,1,1,0
29,45,244.678,266.495,1.88934,1.95313,1688.5,136.912,-0.639574,-14.3771,38355.1,361.201,1,1,1,1,1,0
29,46,244.83,266.438,1.87674,2.0545,1445.95,115.84,-3.02696,-10.5642,34248.9,321.396,1,1,1,1,1,0
29,47,244.909,266.293,1.93093,2.15333,1444.27,115.963,-2.27122,-8.51324,37466.5,340.101,1,1,1,1,1,0
29,48,244.615,266.195,1.84879,1.95658,1784.34,135.952,4.33426,-8.96993,40419.8,374.911,1,1,1,1,1,0
29,49,244.787,266.471,1.86279,2.17869,1404.85,124.984,-1.33502,-14.1121,34487.5,327.302,1,1,1,1,1,0
29,50,245.024,266.542,1.85721,2.23562,1514.38,116.328,-6.34858,-12.7509,39148.4,344.243,1,1,1,1,1,0
29,51,244.901,266.459,1.86773,1.94927,1590.17,122.284,-4.00586,-10.2204,34052.8,324.308,1,1,1,1,1,0
29,52,244.82,266.426,1.91418,1.9346,1657.62,109.634,-0.060524,-10.5277,37542.1,333.065,1,1,1,1,1,0
29,53,244.99,266.359,1.85272,1.89436,1656.71,145.663,-4.92719,-14.3139,36000.9,355.639,1,1,1,1,1,0
29,54,244.929,266.32,1.79125,2.0294,1473.97,140.983,-7.41983,-8.8925,33535.7,334.456,1,1,1,1,1,0
29,55,244.683,266.062,1.97425,1.91835,1501,148.113,4.61217,-0.971695,35055.5,347.438,1,1,1,1,1,0
29,56,244.696,266.014,2.09114,2.05034,1539.88,126.078,4.513,-3.79901,41182.4,370.45,1,1,1,1,1,0
29,57,244.948,266.24,2.15442,2.18729,1470.8,102.448,-3.09891,-8.21607,43074.2,358.911,1,1,1,1,1,0
29,58,244.879,266.335,2.14894,2.28863,1521.2,96.6611,-3.47902,-7.7044,46359,375.615,1,1,1,1,1,0
29,59,244.739,266.161,2.00202,2.25287,1622.21,123.533,-0.0473594,-2.59458,45509.7,391.142,1,1,1,1,1,0
29,60,244.883,266.316,1.9746,2.22678,1715.69,113.221,0.349485,-4.4222,46959.3,395.124,1,1,1,1,1,0
29,61,244.937,266.727,1.97051,2.18031,1566.04,130.007,0.248791,-9.23726,42074.7,378.55,1,1,1,1,1,0
29,62,244.966,266.705,2.09202,2.12918,1366.67,162.605,-2.34236,-11.8302,37919.4,384.562,1,1,1,1,1,0
29,63,244.824,266.535,2.02832,2.19329,1343.3,185.373,5.86298,-15.6482,37179.1,396.16,1,1,1,1,1,0
29,64,244.804,266.519,2.01953,2.09814,1443.02,182.599,3.4554,-14.7647,41286.7,429.26,1,1,1,1,1,0
29,65,244.78,266.201,1.94877,1.95308,1723.88,180.677,13.2662,-13.7475,41061.4,415.189,1,1,1,1,1,0
29,66,244.734,266.378,1.88356,2.05891,1540.74,164.794,6.01021,-14.3316,37572.8,386.178,1,1,1,1,1,0
29,67,244.787,266.486,1.93224,2.15192,1302.17,146.766,9.51961,-21.6405,33753.5,354.195,1,1,1,1,1,0
29,68,244.819,266.414,1.97776,2.17877,1252.27,177.543,9.46149,-24.9533,33614,376.609,1,1,1,1,1,0
29,69,244.842,266.285,2.09175,2.32836,1560.83,118.185,2.10874,-17.2114,47104.5,397.669,1,1,1,1,1,0
29,70,244.872,266.245,2.06627,2.29074,1567.73,101.914,-3.98423,-6.30158,46062,376.396,1,1,1,1,1,0
29,71,244.812,266.294,2.06312,2.1665,1516.75,118.542,-4.12907,-9.93674,42408.2,371.325,1,1,1,1,1,0
29,72,244.806,266.237,1.99116,2.01392,1607.64,170.64,-3.78597,-14.0055,40293.9,404.136,1,1,1,1,1,0
29,73,244.769,266.216,1.94811,1.91816,1752.8,138.041,-2.40978,-13.9421,41003.4,380.006,1,1,1,1,1,0
29,74,244.917,266.338,1.93133,1.9221,1731.65,117.114,1.58646,-11.8445,40067,358.065,1,1,1,1,1,0
29,75,244.987,266.463,1.9296,2.17997,1518.61,110.639,4.03733,-15.209,39806.1,352.444,1,1,1,1,1,0
29,76,244.954,266.347,1.74447,2.22571,1420.63,144.961,-0.532086,-10.5089,34323.5,346.692,1,1,1,1,1,0
29,77,245.018,266.196,1.59066,1.94144,1759.9,187.925,-1.88591,-8.87515,34079.8,381.444,1,1,1,1,1,0
29,78,245.015,266.35,1.86242,2.04489,1762.09,156.793,-2.65476,-9.14239,41971.6,400.402,1,1,1,1,1,0
29,79,244.889,266.305,1.81656,1.94022,1741.69,132.653,0.346127,-7.99102,38330.9,358.391,1,1,1,1,1,0
29,80,245.057,266.214,1.81365,1.96634,1706.49,126.716,-4.4125,-3.76051,38124.2,344.858,1,1,1,1,1,0
29,81,244.927,266.254,1.89906,1.81713,1503.03,154.835,-1.03851,-12.0528,32281.4,339.503,1,1,1,1,1,0
29,82,244.95,266.282,1.91965,2.0508,1420.08,151.66,-1.16276,-10.3417,35243.4,355.846,1,1,1,1,1,0
29,83,244.908,266.642,2.046,2.20844,1457.93,125.865,1.88943,-10.4483,41155.7,371.899,1,1,1,1,1,0
29,84,244.774,266.438,2.05246,2.20215,1459.36,144.442,3.94683,-9.84796,40534.2,382.272,1,1,1,1,1,0
29,85,244.734,266.394,1.80247,2.02416,1486.95,150.034,4.85249,-17.5269,33946.3,348.308,1,1,1,1,1,0
29,86,244.827,266.327,1.79048,2.10752,1587.29,119.053,-1.22835,-12.3706,37062.9,338.112,1,1,1,1,1,0
29,87,244.703,266.625,2.10772,1.99278,1360.47,122.065,-1.16494,-11.1851,34931.8,331.331,1,1,1,1,1,0
29,88,244.772,266.835,1.98884,1.55689,1436.25,143.063,-3.93509,-9.2444,31332.3,328.769,1,1,1,1,1,0
29,89,244.684,266.627,1.90898,1.87185,1415.34,146.041,-1.65973,-13.5234,31355.4,329.633,1,1,1,1,1,0
29,90,244.838,266.549,1.88817,1.87082,1360.19,151.403,-0.765318,-10.3244,29660.8,322.982,1,1,1,1,1,0
29,91,244.99,266.486,1.88865,1.91229,1402.14,155.951,-2.18478,-11.7564,31451.5,337.13,1,1,1,1,1,0
29,92,244.883,266.43,2.01824,2.094,1244.35,131.688,-3.05804,-9.09003,32726.7,322.781,1,1,1,1,1,0
29,93,244.749,266.454,1.95302,2.14884,1236.64,140.704,2.66986,-7.06127,32330.3,327.698,1,1,1,1,1,0
29,94,244.802,266.589,1.9483,2.05853,1516.51,164.623,8.36837,-6.01056,37912.6,392.669,1,1,1,1,1,0
29,95,244.712,266.649,1.99479,1.84206,1263.17,163.51,8.85056,-10.1135,29092.5,335.787,1,1,1,1,1,0
29,96,244.763,266.733,1.99384,1.83855,1278.9,170.938,7.15391,-16.3809,28663.3,337.864,1,1,1,1,1,0
29,97,244.977,266.413,2.00276,2.07884,1581.88,218.428,2.83969,-23.4304,41406.1,456.592,1,1,1,1,1,0
29,98,244.778,266.068,1.96882,2.16588,1355.41,209.351,13.0657,-19.6648,34134,400.053,1,1,1,1,1,0
29,99,244.851,266.197,1.84118,2.03858,1334.2,216.438,15.7613,-15.2106,29420.6,377.497,1,1,1,1,1,0
29,100,244.868,266.56,1.97035,2.06645,1534.29,154.501,4.87853,-15.8648,39006.3,381.266,1,1,1,1,1,0
29,101,244.817,266.486,1.8742,1.93795,1623.56,149.546,0.0303843,-10.2609,37011.6,367.006,,,,,,0
30,1,243.214,444.39,2.25689,3.18029,611.859,84.3156,1.75096,-3.44296,25738.4,240.497,1,2,3,4,5,0
30,2,242.862,443.033,1.9465,2.42263,501.307,129.086,-0.405563,3.96723,14638.5,210.314,1,2,3,4,5,0
30,3,242.503,443.247,2.29703,2.26688,494.398,102.099,2.01251,4.08835,15758.3,194.213,1,2,3,4,5,0
30,4,242.871,445.069,2.05289,2.02658,474.885,134.036,1.06606,-1.52118,12339,203.219,1,2,3,4,5,0
30,5,242.618,446.095,1.93054,1.77,458.619,125.245,4.82985,-0.257252,9797.37,178.101,1,2,3,4,5,0
30,6,244.338,447.158,2.68561,2.21949,277.747,84.8126,-2.86904,-4.41284,10075,145.716,1,2,3,4,5,0
30,7,245.925,448.08,2.28868,2.22796,268.504,95.9844,-1.49473,-1.97002,8474.79,146,1,2,3,4,5,0
30,8,246.653,448.369,1.70907,1.73065,526.94,137.954,3.08312,0.436326,9782.53,190.982,1,2,3,4,5,0
30,9,248.433,450.041,2.69129,2.33334,400.854,97.8613,-2.94123,-4.85089,15244.9,189.929,1,2,3,4,5,0
30,10,248.176,451.438,2.17004,2.19638,607.602,96.4299,-0.936716,-5.35843,16961.2,197.604,1,2,3,4,5,0
30,11,247.673,450.102,2.07082,2.49145,475.36,98.1047,-0.395055,-1.00799,15113.8,187.456,1,2,3,4,5,0
30,12,248.252,448.394,2.60937,2.34047,433.447,86.3246,-4.22096,3.40938,16299.5,188.456,1,2,2,3,4,0
30,13,247.213,448.436,2.61503,2.31043,362.947,56.6827,-0.346796,0.428898,13347,133.669,1,2,2,3,4,0
30,14,246.842,449.16,2.81913,2.66432,377.527,38.291,-4.23556,-2.23937,16734.1,142.562,1,1,2,3,4,0
30,15,246.122,449.459,2.17577,2.06436,472.035,82.306,-0.430115,-2.0692,13193.6,155.846,1,1,2,3,4,0
30,16,245.614,449.182,1.66546,2.09524,359.508,73.5532,1.15753,-3.23787,7848.15,117.692,1,1,2,3,4,0
30,17,245.833,448.701,1.57882,1.75617,293.984,86.979,2.95126,-0.981819,5117.32,115.769,,,,,,0
31,1,252.902,284.423,1.95812,1.53936,337.877,95.6993,4.09748,-4.62945,6385.67,136.893,1,2,3,4,5,0
31,2,256.612,288.852,2.20741,2.44221,541.37,125.721,-4.05049,-4.96081,17964.3,229.834,1,2,3,4,5,0
31,3,255.708,290.35,2.10451,1.48644,501.919,154.595,-0.347567,-0.955381,9030.74,202.657,1,2,3,4,5,0
31,4,255.824,293.9,2.09276,2.38673,648.79,102.637,-0.345418,-3.37086,19865.6,218.45,1,2,3,4,5,0
31,5,257.098,295.864,2.46682,3.55611,542.378,63.5496,-3.29714,0.744057,24791.6,218.953,1,2,3,4,5,0
31,6,258.536,296.021,2.1772,2.21041,524.136,169.755,-1.83784,-2.29281,15647.9,254.041,1,2,3,4,5,0
31,7,257.68,296.447,2.296,2.47151,446.027,125.956,-3.11606,-8.80132,15503.9,223.249,1,2,3,4,5,0
31,8,254.483,293.979,2.53143,2.01011,359.554,124.822,1.70977,-5.5484,11247.1,188.663,1,2,3,4,5,0
31,9,254.418,293.251,2.1993,1.84846,854.778,131.875,-2.24072,-5.74895,21304.1,252.426,1,2,3,4,5,0
31,10,256.067,292.321,1.66183,2.26072,528.984,117.558,-0.182397,-3.13332,12383.1,190.456,1,2,3,4,5,0
31,11,257.806,292.124,2.28906,2.2257,580.094,132.088,-2.8527,-7.25673,18057.1,233.882,1,2,3,4,5,0
31,12,255.838,292.584,2.49304,2.30327,480.643,112.382,6.00454,-7.68054,16903.5,214.467,1,2,3,4,5,0
31,13,256.82,290.399,1.96598,2.11849,330.218,154.693,-8.63442,-5.45005,7807.63,191.018,1,2,3,4,5,0
31,14,256.358,284.376,2.03726,1.14952,519.403,129.408,0.371734,-4.62858,7616.82,169.219,1,2,3,4,5,0
31,15,255.788,283.114,2.27159,2.17292,545.303,104.315,-3.8649,-5.8564,15973.4,203.266,1,2,3,4,5,0
31,16,254.804,283.81,1.86581,1.6969,853.309,176.028,-13.8904,-18.7854,16948.2,278.663,1,2,3,4,5,0
31,17,255.462,283.06,2.55847,2.01157,537.263,137.397,-6.0502,-9.77868,17692.4,241,1,2,3,4,5,0
31,18,258.123,282.302,1.37579,2.2916,397.06,136.487,-1.147,0.204086,7802.41,181.266,,,,,,0
32,1,266.533,214.28,2.3146,2.3223,798.903,127.96,-4.73895,-6.36333,26485.6,285.87,1,2,3,4,5,0
32,2,265.798,214.973,2.47834,2.453,866.899,124.913,-1.42074,-6.07344,32163.3,316.337,1,2,3,4,5,0
32,3,267.078,215.362,2.2755,2.38954,692.59,146.625,-7.44742,-7.15982,23426.3,278.118,1,2,3,4,5,0
32,4,267.14,217.165,2.34564,2.22034,662.094,114.914,-3.68777,-9.97099,21306.5,240.195,1,2,3,4,5,0
32,5,264.432,219.037,2.6661,2.2303,652.757,141.874,-8.51127,-4.40567,23756,282.071,1,2,3,4,5,0
32,6,264.68,219.542,2.18793,2.36671,760.654,127.22,-9.15482,-4.10145,23975.3,274.13,1,2,3,4,5,0
32,7,265.041,218.942,2.03148,2.88429,579.88,115.195,-3.23846,-3.21672,20508.8,242.852,1,2,3,4,5,0
32,8,264.618,216.594,2.03163,2.51919,466.204,140.085,-2.44083,1.51748,13806.2,225.024,1,2,3,4,5,0
32,9,260.917,218.22,2.54664,2.89644,499.861,76.4392,-1.95859,0.548078,22576.7,213.189,1,2,3,4,5,0
32,10,257.48,219.169,3.16862,3.08433,285.536,77.7447,4.94296,-2.26926,15854.3,174.799,1,2,3,4,5,0
32,11,255.282,218.244,1.98666,2.36555,555.156,152.228,0.77118,4.38031,15202.2,232.97,1,2,3,4,5,0
32,12,257.246,219.635,1.84749,2.30416,522.131,119.592,4.08313,-5.52646,13968.8,204.142,1,2,3,4,5,0
32,13,259.078,220.007,1.86613,1.63645,836.578,159.944,1.06194,-6.42133,16030.8,246.994,1,2,3,4,5,0
32,14,259.363,219.404,1.94195,1.7322,908.27,149.224,-0.779379,-4.48232,19144.2,261.391,1,2,3,4,5,0
32,15,258.46,219.543,2.05658,2.01306,735.203,107.802,2.25653,-6.54376,18870.5,219.586,1,2,3,4,5,0
32,16,258.218,218.46,2.14821,2.80641,696.099,76.4326,4.35781,-9.69217,25962.2,233.391,1,2,3,4,5,0
32,17,257.219,219.73,1.76475,2.36123,379.74,130.302,2.72248,0.890242,9925.85,186.521,1,2,3,4,5,0
32,18,255.02,222.318,1.86219,2.14808,717.531,168.36,-2.70957,-1.71602,17918.6,267.811,1,2,3,4,5,0
32,19,253.934,221.84,2.19394,1.8362,806.632,170.706,-3.49418,-12.2589,19617.5,284.929,1,2,3,4,5,0
32,20,253.163,221.931,1.88291,1.66399,807.517,137.068,2.72038,0.154362,15726.7,225.101,1,2,3,4,5,0
32,21,252.994,222.871,1.7555,2.02879,1067.37,134.903,0.58985,-0.376945,22932.6,266.953,1,2,3,4,5,0
32,22,253.221,222.061,2.13757,2.18322,1124.55,115.003,-4.48703,-6.47853,32631.7,308.55,1,2,3,4,5,0
32,23,254.688,221.249,1.14867,1.51327,900.791,144.868,-0.913042,1.9778,9838.85,198.645,1,2,3,4,5,0
32,24,258.393,223.572,3.40601,2.16516,229.623,91.738,2.68252,-3.77804,11061.4,158.888,1,2,3,4,5,0
32,25,262.453,224.874,1.93151,1.88817,551.499,121.19,1.96589,-3.13622,12592.8,196.893,1,2,3,4,5,0
32,26,262.228,221.63,2.25322,2.67264,491.732,90.0422,0.492581,-9.73902,17756.8,195.982,1,2,3,4,5,0
32,27,261.221,220.263,2.39524,2.37399,618.608,93.7603,0.271948,-7.26153,21661.4,222.994,1,2,3,4,5,0
32,28,262.005,219.01,1.99675,1.57043,558.812,143.984,4.57943,-10.4799,10982.6,197.604,1,2,3,4,5,0
32,29,263.219,216.191,2.57164,2.2017,527.005,96.9291,-0.967729,-4.18736,18272.7,206.142,1,2,3,4,5,0
32,30,257.733,215.113,1.83852,2.43232,259.439,93.1869,4.88527,5.5783,7190.96,133.107,1,2,3,4,5,0
32,31,256.591,218.355,2.77865,2.24941,375.462,79.304,3.08087,-3.60823,14074.3,163.432,1,2,3,4,5,0
32,32,257.155,221.382,2.87393,2.38576,534.562,69.9406,2.7297,-5.86368,21027.8,195.994,1,2,3,4,5,0
32,33,258.902,221.842,1.91457,2.24565,558.77,93.118,-1.18862,-4.86858,14548.5,185.391,1,2,3,4,5,0
32,34,259.801,219.826,1.97702,2.07072,496.006,108.981,1.62451,-1.60759,12940.4,180.604,1,2,3,4,5,0
32,35,260.818,219.369,1.73321,1.97958,609.201,131.042,0.265757,-1.3768,13092.8,203.036,1,2,3,4,5,0
32,36,260.058,222.283,1.71074,2.1827,383.544,136.869,-4.05253,-11.3968,8959.59,187.663,1,2,3,4,5,0
32,37,258.948,222.951,1.85162,2.14231,615.303,133.367,-2.27743,-10.685,15247.4,224.349,1,2,3,4,5,0
32,38,259.289,221.327,2.13966,2.48951,707.795,92.7448,-3.40888,-1.44335,23188.9,229.302,1,2,3,4,5,0
32,39,260.881,221.258,1.83393,2.12114,439.037,112.37,0.342318,-3.15984,10671.4,170.314,1,2,3,4,5,0
32,40,261.825,221.61,2.13746,2.27113,524.762,106.711,-0.30257,-4.548,15661.9,200.846,1,2,3,4,5,0
32,41,261.922,224.897,1.68273,1.42244,393.108,138.815,4.3317,0.32831,5911.38,169.728,1,2,3,4,5,0
32,42,262.579,227.037,2.34263,1.95704,589.465,108,0.733519,-3.42983,16759.4,205.538,1,2,3,4,5,0
32,43,263.125,227.976,2.12593,2.13481,494.421,92.0192,-0.0256836,-4.32105,13971.9,174.923,1,2,3,4,5,0
32,44,263.357,227.791,1.92966,2.02221,492.411,117.937,0.846463,-7.82872,12014.5,183.243,1,2,3,4,5,0
32,45,262.746,225.555,2.35994,2.02803,475.078,89.3932,-6.01857,-3.82055,14631.2,174.911,1,2,3,4,5,0
32,46,258.47,225.95,2.067,1.66041,350.078,118.362,-4.66541,-1.26702,7515.58,163.805,1,2,3,4,5,0
32,47,255.225,229.396,2.81617,3.12786,514.161,95.6414,-1.92557,-14.126,25983.8,257.444,1,2,3,4,5,0
32,48,253.864,229.116,2.02638,2.35675,718.905,136.707,-0.605954,-7.32121,21286.6,262.053,1,2,3,4,5,0
32,49,253.341,228.455,2.16936,2.2868,836.709,140.512,-2.92956,-6.28415,26089.5,295.272,1,2,3,4,5,0
32,50,252.623,227.072,1.95995,1.52327,1008.92,183.638,-0.221339,-12.71,18880,286.314,1,2,3,4,5,0
32,51,252.825,224.597,2.05339,2.2783,1255.04,160.685,0.182388,-18.2265,36441.3,376.053,1,2,2,3,5,0
32,52,252.639,225.24,1.93107,1.89164,1013.9,141.875,3.76107,-20.3019,24123.8,280.497,1,2,2,3,4,0
32,53,252.795,225.243,1.91904,1.90649,976.323,151.415,-2.42333,-19.1964,22417.1,278.178,1,2,2,3,4,0
32,54,253.661,224.297,1.89466,2.2708,1214.26,132.947,-0.828792,-14.6535,31478.4,321.533,1,2,3,4,5,0
32,55,254.035,224.58,2.00082,2.37241,980.789,128.933,-2.00427,-13.9189,28826.9,294.231,1,2,3,4,5,0
32,56,255.447,223.458,1.63516,2.61689,646.924,123.361,5.95191,-4.82883,16698.1,220.905,1,2,3,4,5,0
32,57,256.965,225.897,2.31442,1.99962,421.064,123.133,5.66832,-2.17137,12103.9,188.533,1,2,3,4,5,0
32,58,257.609,228.521,2.45554,2.34709,629.79,119.295,-0.496707,-2.88774,22522.8,252.219,1,2,3,4,5,0
32,59,255.321,228.651,1.36733,2.20775,413.27,153.055,5.19924,1.20562,7785.55,192.491,1,2,3,4,5,0
32,60,253.739,227.617,2.33713,2.39474,784.039,101.449,1.16999,-3.92,26933.7,258.521,1,2,3,4,5,0
32,61,254.973,228.934,1.95075,1.67168,685.695,147.828,0.29001,-10.4669,14020,229.189,1,2,3,4,5,0
32,62,255.999,229.551,2.05576,2.42766,480.807,105.882,-1.17435,-9.33893,14681.4,194.118,1,2,3,4,5,0
32,63,256.68,227.561,1.9702,1.78022,504.772,136.943,0.729104,2.46343,10942,199.314,1,2,3,4,5,0
32,64,256.471,227.837,1.92482,1.72298,450.865,137.312,1.58946,3.37567,9371.54,186.03,1,2,3,4,5,0
32,65,255.21,229.705,1.81836,2.71283,473.509,124.579,3.79718,-0.00349341,14266.6,202.888,1,2,3,4,5,0
32,66,253.024,232.47,1.86746,1.80481,527.219,133.05,7.03396,-6.08189,11152.9,194.586,1,2,3,4,5,0
32,67,251.696,232.983,2.19282,1.9078,638.67,146.759,-0.103586,-8.73572,16023.8,242.183,1,2,3,4,5,0
32,68,249.754,232.302,2.11422,2.27353,1443.1,109.942,-2.99005,-11.7837,43424,367.953,1,2,3,4,5,0
32,69,249.486,231.761,2.09641,2.19899,1539.62,87.9136,-4.20556,-11.4512,44566.5,360.041,1,2,3,4,5,0
32,70,249.644,231.614,1.99876,2.20647,1470.08,112.173,-1.43934,-4.67721,39697.9,352.308,1,2,3,4,5,0
32,71,251.775,233.108,1.96186,1.98831,396.834,107.057,6.51903,-2.8015,9682.83,164.982,1,2,3,4,5,0
32,72,254.024,236.496,2.6978,1.93696,275.556,83.0009,-0.0501047,-3.8084,8799.53,137.432,1,2,3,2,2,0
32,73,253.944,236.84,2.67854,1.91654,341.645,87.3757,1.0833,1.43537,10519.2,147.917,1,2,2,2,3,0
32,74,254.123,236.449,2.49824,2.45518,436.55,68.5032,-0.494243,-1.71021,15504.2,162.414,1,2,3,4,5,0
32,75,253.972,235.45,2.61197,2.0901,350.165,70.284,-0.78505,-2.6303,12644.9,145.846,1,2,3,4,5,0
32,76,250.538,232.809,2.19764,2.22204,1052.68,100.455,6.74065,-5.08721,31857.7,290.882,1,2,2,4,5,0
32,77,250.168,232.435,1.91106,2.32226,1103.9,108.423,1.35638,-5.24561,31185.7,294.71,1,2,2,3,4,0
32,78,249.357,231.549,2.0704,2.01817,1487.64,104.29,-3.49899,-5.03539,38571.9,333.888,1,1,2,2,3,0
32,79,249.144,231.232,2.02903,1.98101,1674.3,105.709,0.605296,-2.41965,43923.7,359.243,1,1,1,1,1,0
32,80,249.191,231.649,1.86542,2.08198,1726.78,113.014,-2.43736,-8.41366,41234.7,362.219,1,1,1,1,1,0
32,81,249.298,231.85,1.84363,1.90246,1949.08,102.992,5.60624,-6.40668,42841.1,360.491,1,2,3,4,5,0
32,82,250.939,232.943,2.03758,2.21159,596.177,120.47,-2.98876,-4.17931,16103.7,214.675,1,2,3,4,5,0
32,83,250.698,235.283,2.31116,2.33259,543.791,95.0614,1.3307,0.427834,18567.7,205.012,1,2,3,4,5,0
32,84,250.187,235.657,2.16158,2.39198,674.466,104.558,-1.16364,3.78805,21526,236.799,1,2,3,4,5,0
32,85,249.437,236.381,2.42346,2.57969,503.359,96.043,1.77837,-2.55001,19091.7,213.947,1,2,3,4,5,0
32,86,248.604,237.585,2.53003,3.05572,269.889,85.6739,1.23365,-2.531,12217.6,155.083,1,2,3,4,5,0
32,87,246.894,238.598,2.09216,2.65737,281.35,80.0745,2.92322,-5.11624,9955.11,136.621,1,2,3,4,5,0
32,88,246.715,237.044,2.19952,2.77811,345.189,63.1605,2.99342,3.12832,12766.9,140.219,1,2,3,4,5,0
32,89,246.948,236.168,2.10252,2.54038,357.363,104.562,3.49068,3.72924,11734.1,174.533,1,2,3,4,5,0
32,90,246.485,236.944,2.58224,2.35843,290.024,119.877,4.21419,1.04868,10745.9,182.899,1,2,3,4,5,0
32,91,245.575,236.773,2.50477,2.56244,231.553,119.77,4.24019,-0.899353,9004.02,168.929,1,2,3,4,5,0
32,92,245.065,234.904,2.24466,2.56771,534.027,101.511,1.15631,0.160687,18930,212.805,1,2,3,4,5,0
32,93,244.109,233.889,2.28411,2.53801,484.431,99.762,-1.90142,-4.89608,16917.7,200.586,1,2,3,4,5,0
32,94,243.483,231.835,2.01172,1.88907,896.283,110.563,4.22298,-7.4255,20899.3,228.13,1,2,3,4,5,0
32,95,243.063,229.641,1.78381,2.22674,1156.16,133.428,7.28687,-7.25531,28388.6,295.769,1,2,3,4,5,0
32,96,241.05,229.131,1.83328,2.19326,1025.34,117.272,3.64325,-7.63134,25727.8,267.195,1,2,3,4,5,0
32,97,239.969,228.16,2.03338,2.05786,1021.11,101.176,-0.770165,-8.28002,26679.9,258.45,1,2,3,4,5,0
32,98,239.346,226.825,1.9248,2.03925,1282.41,104.927,0.784508,-9.03574,32907,304.361,1,2,3,4,5,0
32,99,239.053,225.897,1.75539,2.05974,1660.64,135.082,4.98468,-11.33,37581.3,354.544,1,2,3,4,5,0
32,100,239.841,225.162,2.04364,2.0366,1524,130.841,-5.02039,-12.0414,39610.3,363.154,1,2,3,4,5,0
32,101,240.699,223.285,1.8879,2.10277,1206.79,146.591,-7.16017,-10.1378,29926.5,324.124,,,,,,0
33,1,265.903,235.663,1.33351,1.91066,549.017,216.565,29.0906,-25.7029,10262.5,270.609,1,2,3,4,5,0
33,2,266.592,233.682,2.72524,3.91004,684.253,2.21704,13.0729,-8.57363,41480.4,273.101,1,2,3,4,5,0
33,3,265.797,235.047,2.17026,3.11196,541.747,110.407,-7.09502,-4.85918,21655,237.55,1,2,3,4,5,0
33,4,264.933,235.689,2.48181,2.80108,556.548,91.7699,2.26354,-4.75888,23171.4,233.402,1,2,3,4,5,0
33,5,265.549,234.828,2.38984,2.9006,510.653,99.2393,-3.12571,-9.34029,21085.8,229.402,1,2,3,4,5,0
33,6,265.508,232.246,2.31405,2.01144,554.644,131.909,-7.52733,2.0624,16004.8,225.095,1,2,3,4,5,0
33,7,264.414,231.6,2.32216,2.15705,589.139,127.42,1.94434,-0.711107,18243.5,234.438,1,2,3,4,5,0
33,8,263.664,230.358,2.84114,2.5097,311.856,124.154,-2.55565,-4.21101,13250.5,206.876,1,2,3,4,5,0
33,9,265.174,229.372,2.82536,2.26179,355.114,91.4584,-6.59741,-0.903735,13436.6,169.846,1,2,3,4,5,0
33,10,267.392,230.508,2.13052,2.30132,423.721,121.937,-2.65065,-1.08958,13290.5,195.556,1,2,3,4,5,0
33,11,268.865,230.955,1.81392,2.14791,645.042,133.943,-4.88685,0.958269,15701.3,225.272,1,2,3,4,5,0
33,12,268.585,230.168,1.82187,1.93094,672.992,136.382,-7.25086,-3.14416,14832.9,221.876,1,2,3,4,5,0
33,13,267.3,231.078,1.88329,2.18333,519.569,139.349,-1.38706,0.711399,13328.8,220.84,1,2,3,4,5,0
33,14,266.832,232.185,2.09314,2.75724,385.793,164.177,-3.15328,10.8125,13530.4,242.527,1,2,3,4,5,0
33,15,266.206,234.901,2.37854,2.9949,483.386,119.68,0.589153,3.51084,21478.1,249.885,1,2,3,4,5,0
33,16,265.58,237.618,2.66393,3.23255,580.98,75.1826,4.33158,-3.7908,29425.7,257.243,1,2,3,4,5,0
33,17,265.744,236.374,2.66116,3.62259,397.262,115.15,4.81841,11.6989,21176.4,244.556,1,2,3,4,5,0
33,18,265.264,235.934,2.66658,3.40922,338.029,109.234,10.9474,10.5678,18117,219.805,,,,,,0
34,1,268.461,172.543,2.12377,2.03963,657.885,116.146,0.432533,1.04722,17647.7,220.284,1,2,2,3,4,0
34,2,268.261,173.04,2.34504,2.2006,555.546,132.632,-1.38945,4.77481,17457.1,232.26,1,2,2,3,4,0
34,3,267.655,173.634,2.69639,1.99262,635.394,128.17,-6.5603,-2.57808,20825.7,251.065,1,2,2,3,4,0
34,4,266.096,173.624,2.74353,2.19113,726.111,81.2578,0.194655,-7.6987,27032.5,246.183,1,2,2,3,4,0
34,5,265.189,172.688,2.39336,2.33688,789.87,103.648,2.99708,-2.32597,27181,263.13,1,2,2,3,4,0
34,6,264.567,171.945,2.0779,2.12372,789.677,130.91,1.66145,3.25094,21475.7,255.805,1,2,2,3,4,0
34,7,263.976,171.051,1.74051,2.07621,788.211,132.698,-0.930521,-2.72665,17851.6,234.071,1,2,2,3,4,0
34,8,264.203,170.916,1.62592,2.25711,826.168,137.309,-1.59129,-8.675,17986.9,242.97,1,2,2,3,4,0
34,9,264.791,171.515,2.1004,2.37833,676.313,107.854,2.86175,-1.50307,20870.8,239.574,1,2,3,4,5,0
34,10,266.262,171.374,2.28083,2.75988,432.87,127.047,4.5524,3.01613,17241.5,232.101,1,2,3,4,5,0
34,11,269.216,170.961,2.45299,2.5289,460.624,148.572,-4.88481,0.844917,17170.1,245.935,1,2,3,4,5,0
34,12,268.635,173.389,2.27863,2.34091,357.643,150.5,-1.03997,-2.70905,11852.8,217.941,1,2,3,4,5,0
34,13,268.261,174.849,3.00532,2.94468,638.23,48.7659,-4.54119,-13.6507,35049.5,272.03,1,2,3,4,5,0
34,14,268.675,175.823,2.24576,2.64968,469.709,122.578,-4.15769,-7.82221,17634.3,230.799,1,2,3,4,5,0
34,15,268.658,178.826,2.34341,2.87156,531.452,99.2013,-7.64926,-7.85623,22216.9,235.136,1,2,2,3,5,0
34,16,267.992,179.468,2.15956,2.58152,605.826,127.784,0.387395,-5.68623,20662.5,244.609,1,1,2,3,4,0
34,17,268.287,179.803,2.13501,2.49954,608.546,135.992,-4.58089,-3.27797,18244.7,248.598,1,1,2,3,4,0
34,18,267.581,179.835,2.10871,2.09118,716.462,129.509,-3.20274,-14.8579,19899.1,250.882,1,1,2,3,4,0
34,19,267.743,180.084,1.94387,2.16418,776.525,124.723,-5.37297,-3.53389,20378.8,240.172,1,2,3,3,5,0
34,20,266.88,181.893,2.14626,2.49883,666.646,97.6946,0.290701,-8.17809,22072.9,233.473,1,1,2,3,4,0
34,21,266.919,182.115,2.14651,1.83257,749.735,140.665,-2.97775,-6.06591,19280.5,255.645,1,1,2,3,4,0
34,22,266.633,182.271,2.09847,1.79452,627.028,184.04,-1.91538,-6.91244,14231.8,260.544,1,2,2,3,4,0
34,23,265.167,182.039,2.01982,2.18588,699,127.532,3.95074,-11.192,19227.9,243.296,1,1,2,3,4,0
34,24,264.731,182.326,1.72859,1.9874,739.048,139.965,7.25369,-12.8417,15903,232.509,1,1,2,3,4,0
34,25,264.781,182.861,2.00856,2.14722,645.193,149.483,4.63097,-15.4538,17351.1,251.509,1,1,2,3,4,0
34,26,264.063,182.542,1.86961,2.20735,636.441,157.43,10.3889,-18.0743,16280.1,256.408,1,2,2,3,4,0
34,27,263.979,181.413,1.88892,2.64125,598.866,138.281,5.40667,-9.79904,18462.3,242.592,1,1,2,3,4,0
34,28,263.763,180.781,1.89148,2.43871,659.374,127.399,3.62421,-5.96171,18635.7,241.065,1,1,2,3,4,0
34,29,263.152,181.337,1.74485,1.73097,797.698,152.77,3.96347,-13.5635,14805.8,236.071,1,1,2,3,4,0
34,30,263.361,181.903,1.83822,2.26463,655.694,133.509,3.52237,-11.5473,16999.8,238.893,1,1,2,2,1,0
34,31,263.325,181.741,1.89493,2.20038,611.894,131.787,5.01096,-11.0026,15904,223.598,,,,,,0
35,1,269.032,95.4808,1.9615,2.0357,569.993,147.357,-6.80849,-6.90026,13156.2,223.497,1,2,3,4,5,0
35,2,267.52,94.277,2.41339,1.73066,498.102,183.668,-13.5979,-5.57985,12890,257.68,1,2,3,4,5,0
35,3,265.985,92.6843,4.15182,2.59343,524.768,113.957,4.40012,-12.0617,28872.7,293.935,1,2,3,4,5,0
35,4,266.689,91.6921,3.33986,2.29229,769.083,200.091,11.4524,-10.6945,26446.2,362.367,1,2,3,4,5,0
35,5,266.141,91.4146,2.56252,2.6392,748.318,164.834,-1.18239,-4.58052,29806.4,343.811,1,2,3,4,5,0
35,6,260.717,91.0792,1.79438,1.00836,484.788,131.581,16.8049,-4.59101,5507.1,161.864,1,1,1,1,1,0
35,7,260.988,91.0209,1.7045,1.15403,432.55,109.11,10.5541,-2.77465,5345.65,138.13,1,1,1,1,1,0
35,8,261.445,90.9977,1.86857,1.58897,455.692,102.995,9.50423,0.874411,8486.95,150.947,1,1,1,1,1,0
35,9,262.061,91.1088,2.59041,1.55719,412.517,116.811,9.44987,-3.40669,10247.6,181.604,1,1,1,1,1,0
35,10,262.208,91.3618,2.75042,1.57159,266.898,98.4682,5.28531,-2.25043,7039.52,145.231,1,1,1,1,1,0
35,11,262.013,91.3075,2.17182,1.40854,327.922,99.8929,3.92494,-1.07971,5943.94,136.503,1,1,1,1,1,0
35,12,261.818,91.2533,1.59323,1.24549,388.947,101.318,2.56456,0.0910084,4848.36,127.775,1,1,1,1,1,0
35,13,261.532,91.2135,1.40518,1.65625,464.46,81.1959,2.37957,-0.860069,6790.85,121.976,1,1,1,1,1,0
35,14,261.568,91.5419,1.3477,1.52486,449.074,91.5145,6.53877,-4.11691,5797.97,123.917,1,1,1,1,1,0
35,15,261.431,91.5263,1.91679,1.49467,344.204,80.791,4.7907,-4.66751,6594.88,121.118,1,1,1,1,1,0
35,16,261.511,91.3494,1.97509,1.33858,392.697,82.0561,2.26828,-0.903623,7000.63,121.385,1,1,1,1,1,0
35,17,261.522,91.4404,1.62513,1.51939,395.908,78.8065,3.01949,-0.712611,6115.84,113.367,1,1,1,1,1,0
35,18,261.57,91.604,1.66294,1.81317,387.713,65.9076,2.54926,-1.95798,7538.14,108.87,1,1,1,1,1,0
35,19,261.577,91.3899,1.44023,1.38583,491.392,84.9331,3.02413,-2.1135,6163.63,120.325,1,1,1,1,1,0
35,20,261.725,91.2599,1.57876,1.20599,440.268,93.9695,0.775535,-2.20535,5266.16,122.018,1,1,1,1,1,0
35,21,261.467,90.9805,1.47932,1.32674,361.929,112.122,3.15715,-0.443438,4463.05,133.438,1,1,1,1,1,0
35,22,261.547,91.1615,1.56118,1.41016,452.105,92.2908,1.41318,-0.531125,6254.6,126.331,1,1,1,1,1,0
35,23,261.383,91.5158,1.74625,1.39159,451.649,85.5762,3.26778,0.284242,6891.43,128.396,1,1,1,1,1,0
35,24,261.32,91.922,1.22928,1.28884,614.878,96.8044,-0.0384448,-1.56222,6121.94,134.988,1,1,1,2,1,0
35,25,261.373,91.4304,1.64635,1.42575,417.076,68.4984,-0.539513,-2.55087,6149.19,109.811,1,1,1,2,2,0
35,26,261.559,91.3545,1.83059,1.42556,379.334,68.9437,1.29754,-0.191201,6211.98,104.852,1,1,2,2,2,0
35,27,260.985,91.6141,1.78468,1.5754,397.393,78.491,3.38224,-1.09811,7014.89,118.533,1,1,2,2,3,0
35,28,261.489,90.9546,1.09184,1.33653,423.168,90.4265,0.787152,-3.5526,3896.3,110.533,1,1,1,2,2,0
35,29,261.56,91.2198,1.51037,1.23417,335.121,81.727,4.38829,0.902416,3942.79,104.083,1,1,1,2,2,0
35,30,261.398,91.7287,1.87474,1.52551,328.538,72.0086,3.00951,0.490191,5895.13,111.521,1,1,1,2,2,0
35,31,261.297,91.2709,1.77812,1.55005,275.683,90.6838,1.35965,0.859093,4770.23,116.13,1,1,1,2,2,0
35,32,261.566,91.4439,1.85851,1.76713,282.421,69.7431,-1.2282,3.09701,7315.73,110.16,1,1,1,2,2,0
35,33,261.399,91.4424,1.49341,1.59816,336.825,75.2785,-0.465349,3.30939,5672.98,109.041,1,1,1,2,2,0
35,34,261.354,91.0065,1.45259,1.17881,456.637,75.7481,-3.78857,-0.464371,4913.67,104.136,1,1,1,2,2,0
35,35,260.857,90.6164,1.37984,1.63188,271.109,75.9037,-1.55214,0.422041,3834.6,98.0237,,,,,,0
36,1,273.331,136.836,1.8505,1.40812,658.037,245.606,16.7917,9.91305,10762.4,310.787,1,2,3,4,5,0
36,2,271.288,135.191,3.47583,2.50532,335.355,159.355,-9.13963,4.6874,16531.4,256.917,1,2,3,4,5,0
36,3,268.646,135.043,2.1055,3.28549,457.486,154.894,-2.39904,12.1605,18008.4,254.71,1,2,3,4,5,0
36,4,268.298,135.895,2.24971,2.38152,565.46,129.227,2.59871,-6.77525,18700.4,240.888,1,2,3,4,5,0
36,5,267.847,135.646,2.28745,1.7736,657.95,134.353,7.63465,-8.13388,16619.2,230.03,1,2,3,4,5,0
36,6,269.006,135.022,2.42252,1.85139,585.393,143.868,3.77936,2.61978,16271.5,244.888,1,2,3,4,5,0
36,7,270.792,134.045,1.75171,2.21752,347.557,144.5,4.57382,7.35557,8424.34,187.763,1,2,3,4,5,0
36,8,271.88,130.681,1.91483,2.65622,277.367,115.563,3.46173,1.61444,8370.75,165.278,1,2,3,4,5,0
36,9,270.924,132.927,0.979975,1.11188,477.541,135.819,-0.932383,-8.74035,3336.24,150.479,1,2,3,4,5,0
36,10,270.555,134.084,1.97836,2.25058,507.654,123.336,2.93032,1.24715,13349.7,203.308,1,2,3,4,5,0
36,11,270.487,133.344,1.88029,2.80243,428.852,121.361,-2.10562,8.2414,13711,194.083,1,2,3,4,5,0
36,12,269.83,134.312,2.06854,2.3907,443.042,124.146,-3.0566,1.74005,14076.9,201.97,1,2,3,4,5,0
36,13,267.612,137.311,1.96963,2.43448,384.898,120.548,-3.09325,-2.1408,11407.3,181.018,1,2,3,4,5,0
36,14,266.297,137.761,2.52244,2.76176,552.17,57.3054,-2.14003,-0.424615,23145,198.852,1,2,3,4,5,0
36,15,265.705,139.09,2.12291,2.43378,509.735,106.552,-0.951931,-3.63506,16490.8,205,1,2,3,4,5,0
36,16,264.32,138.403,2.71204,2.6132,404.993,83.8131,-0.566341,4.28876,17719,192.74,1,2,3,4,5,0
36,17,265.294,136.88,3.02168,2.29387,378.273,99.7394,-5.90293,-1.86286,15565.2,192.527,1,2,3,4,5,0
36,18,264.239,136.113,2.64562,1.61752,378.739,126.85,-7.18116,-8.33624,9947.71,179.491,1,2,3,4,5,0
36,19,264.97,134.863,2.35376,1.34581,326.746,131.075,-4.34597,-7.18185,6445.65,168.219,1,2,3,4,5,0
36,20,265.192,133.424,2.07846,2.0332,431.017,107.152,-3.16716,-5.91918,11362.2,170.225,1,2,3,4,5,0
36,21,262.661,133.943,2.44123,1.93987,373.214,166.806,-6.06601,-16.4229,10942.9,229.142,1,2,3,4,5,0
36,22,261.989,134.594,2.03418,2.04694,417.36,145.553,-8.07129,-11.9138,10854.7,213.13,1,2,3,4,5,0
36,23,261.95,135.969,1.6636,1.20898,458.038,133.386,-2.0584,1.16578,5794.11,167.101,1,2,3,4,5,0
36,24,262.14,139.506,2.25534,2.25368,472.681,110.632,3.88992,-9.26853,14852.9,196.367,1,2,3,4,5,0
36,25,259.847,140.282,2.62845,2.40757,370.599,119.591,-1.03915,-4.42812,13648.9,198.781,1,2,3,4,5,0
36,26,257.231,141.505,2.17617,2.10203,293.401,163.131,10.671,1.33049,6733.92,196.254,1,2,3,4,5,0
36,27,259.518,142.751,2.1173,2.16477,314.811,152.796,-3.88024,5.83438,9597.73,204.899,1,2,3,4,5,0
36,28,262.632,139.944,2.73888,2.66096,427.654,100.133,3.01482,-1.7444,18570.9,212.769,1,2,3,4,5,0
36,29,263.071,137.874,2.26872,2.47915,427.118,123.1,5.56802,0.776699,14754.1,214.97,1,2,3,4,5,0
36,30,264.269,137.305,2.76971,2.58621,510.929,105.163,3.30011,-0.421529,22613.1,242.456,1,2,3,4,5,0
36,31,266.03,136.445,2.54093,3.92739,427.788,125.503,2.79487,-4.65265,22527.1,259.42,1,2,3,4,5,0
36,32,267.147,136.614,2.12978,2.81472,572.112,87.2495,-1.14083,-5.28854,21013.1,215.704,1,2,3,4,5,0
36,33,266.795,136.864,2.05717,2.90577,411.649,99.3733,-2.77513,-5.27055,14820.3,187.592,1,2,3,4,5,0
36,34,265.006,137.265,2.63113,3.29353,458.305,45.5267,8.75446,-11.9317,24308.2,197.101,1,2,3,3,4,0
36,35,265.648,137.031,1.81571,2.44415,560.314,108.647,5.6356,-14.4958,15843.1,201.462,1,2,3,4,4,0
36,36,265.875,135.795,1.95886,2.91323,489.626,104.905,5.06359,-16.5506,17483.4,214.278,1,2,3,4,5,0
36,37,265.563,136.055,2.15362,2.94896,479.993,83.324,8.79618,-24.6835,19495.4,201.243,1,2,3,4,5,0
36,38,266.642,134.287,2.06182,3.34374,346.522,141.723,10.5498,-24.3711,13866,226.172,1,2,3,4,5,0
36,39,269.652,133.151,2.81338,3.10037,390.167,90.6537,2.71502,-12.7542,19387.1,208.302,1,2,3,4,5,0
36,40,272.662,132.015,3.56493,2.85701,433.813,39.5845,-5.11976,-1.13725,24908.2,190.432,1,2,3,4,5,0
36,41,270.559,132.097,2.49027,2.60352,368.454,89.1504,-4.04542,0.833847,15589.1,185.533,1,2,3,4,5,0
36,42,268.455,132.18,1.41561,2.35003,303.095,138.716,-2.97108,2.80494,6269.87,180.633,1,2,3,4,5,0
36,43,266.63,131.46,1.91724,2.28083,350.182,132.257,-1.7114,-0.963699,9713.93,190.988,1,2,3,4,5,0
36,44,264.806,130.74,2.41887,2.21163,397.268,125.798,-0.451732,-4.73234,13158,201.343,1,2,3,4,5,0
36,45,265.457,135.312,1.90646,2.94597,295.741,120.533,-7.55318,-9.63917,10006.6,179.302,1,2,3,4,5,0
36,46,266.131,135.149,1.22265,1.95209,471.633,116.093,-3.27533,-8.25513,7067.12,152.615,1,2,3,4,5,0
36,47,266.166,135.574,1.91495,2.22494,325.742,91.4888,-5.39936,-4.83835,8922.06,141.036,1,2,3,4,5,0
36,48,264.056,137.166,2.71578,2.73647,277.077,57.9119,0.275165,-3.43453,12248.7,132.533,1,2,3,4,5,0
36,49,261.883,136.829,1.76131,1.82627,339.667,114.16,-0.119384,0.682804,6585.14,148.456,1,2,3,4,5,0
36,50,261.06,135.448,1.87935,3.03834,272.531,91.4265,1.01878,-11.8647,9371.46,147.107,1,2,3,4,5,0
36,51,258.92,134.798,1.60976,1.96685,266.501,117.494,5.842,-13.4391,5289.45,148.053,,,,,,0
37,1,287.087,220.951,2.22942,2.72678,921.906,87.0767,3.32426,-13.9612,34653.6,303.905,1,1,2,3,4,0
37,2,287.278,221.196,2.39424,3.3049,797.493,63.0249,-0.258883,-9.55781,36469.2,287.515,1,2,2,3,4,0
37,3,288.118,221.439,2.24833,3.05044,682.851,118.192,2.91923,-6.43787,27989.3,285.237,1,2,2,3,4,0
37,4,289.452,221.902,2.1601,3.03442,800.375,89.8408,-4.77461,-6.75868,31219.1,291.041,1,2,2,3,4,0
37,5,290.091,222.209,2.13829,2.78312,808.191,112.081,-0.857659,-5.30925,29156.4,286.562,1,2,3,4,5,0
37,6,291.063,221.981,2.04235,2.77834,525.279,160.852,-6.77618,-8.74166,17622.7,259.586,1,2,3,4,5,0
37,7,294.504,221.628,2.17977,1.94295,430.411,184.603,-19.2641,-7.28745,12245.3,250.231,1,2,3,4,5,0
37,8,294.267,221.126,2.26765,2.2345,512.184,129.862,-10.5029,3.04272,16763.1,226.331,1,2,3,4,5,0
37,9,294.676,220.822,2.00331,2.1061,501.985,133.629,-8.27326,3.55121,13214.9,212.107,1,2,3,4,5,0
37,10,295.235,219.746,2.05904,2.05645,638.163,150.432,-6.14495,7.81764,16861.2,253.882,1,2,3,4,5,0
37,11,292.749,220.119,1.67049,1.70828,653.163,220.524,-10.1642,-3.93228,11709.1,281.03,1,2,3,4,5,0
37,12,289.923,220.694,1.78644,1.97638,730.244,191.843,-3.09124,-8.82839,16588,283.586,1,2,3,4,5,0
37,13,287.097,221.269,1.90238,2.24448,807.325,163.163,3.98173,-13.7245,21466.8,286.142,1,2,3,4,5,0
37,14,286.125,220.017,1.81644,2.43301,750.498,160.809,9.68661,-18.7217,20551.2,274.793,1,2,3,4,5,0
37,15,285.143,220.083,1.96789,2.37812,760.085,171.548,17.1393,-27.2606,21873.7,292.817,1,2,3,4,5,0
37,16,284.034,220.621,2.08547,2.02631,740.565,174.393,12.1654,-12.7129,19591.3,294.858,1,2,3,4,5,0
37,17,283.911,221.972,1.93591,2.05302,784.958,155.975,6.64702,-0.720466,19506.1,273.314,1,2,3,4,5,0
37,18,285.739,221.904,1.9683,2.18193,623.134,129.112,4.65668,-1.34132,16683.3,230.568,1,2,3,4,5,0
37,19,286.964,221.546,1.6779,2.65954,717.882,166.539,7.51961,-11.8453,19066.1,276.089,1,2,3,4,5,0
37,20,288.867,221.158,2.13378,3.34667,659.031,123.419,-2.29937,-12.9771,27786.2,290.13,1,2,3,4,5,0
37,21,289.519,221.814,2.38403,3.41598,622.809,99.6324,3.18301,-7.99005,28705.4,288.858,1,2,3,4,5,0
37,22,288.972,223.544,2.11853,1.88177,658.996,205.095,14.8477,5.49807,14223.8,282.16,1,2,3,4,5,0
37,23,288.341,224.276,1.96298,2.37024,811.337,115.559,4.47651,-0.389855,23395.8,259.331,1,2,3,4,5,0
37,24,287.638,223.546,2.11066,2.36472,705.892,130.759,7.40747,-2.41535,21634.1,258.207,1,2,3,4,5,0
37,25,286.839,222.029,2.00477,3.15444,553.584,118.542,-0.0172589,-8.01742,21313.6,247.533,1,2,3,4,5,0
37,26,285.513,220.784,1.98539,2.16463,604.445,169.888,13.9584,-5.41425,14726.2,262.16,1,2,3,4,5,0
37,27,285.305,220.58,2.09371,1.69337,554.361,207.398,21.0355,-5.50234,10712.4,262.201,1,2,3,4,5,0
37,28,286.022,221.209,2.11048,2.3277,718.727,138.137,1.57404,-10.3917,21879.6,260.473,1,2,3,4,5,0
37,29,283.732,221.044,1.98045,1.97738,606.139,177.472,18.1487,-15.7849,14846.1,254.911,1,2,3,3,4,0
37,30,283.527,220.495,1.74501,2.03777,814.647,194.709,9.57636,-20.506,18041.6,299.467,1,2,3,3,4,0
37,31,284.151,218.998,1.74386,1.89359,675.6,219.998,2.67962,-19.698,13330.2,304.627,1,2,2,3,4,0
37,32,284.031,218.492,1.9259,2.05007,783.234,213.029,17.3666,-21.5284,19205.1,326.834,1,2,2,3,4,0
37,33,284.286,218.123,1.77751,2.13182,715.13,210.833,17.9586,-24.1723,16936.2,304.627,1,2,2,3,4,0
37,34,283.128,218.431,1.47069,1.9087,569.98,187.266,17.3704,-20.3508,10034.8,253.314,1,2,2,3,4,0
37,35,282.363,218.459,1.82981,1.67701,753.937,169.773,17.3979,-20.1732,14948.8,265.893,1,2,2,3,4,0
37,36,283.429,217.835,1.74311,1.63134,733.688,254.872,29.3511,-27.9424,13097.2,322.882,1,2,2,3,4,0
37,37,284.823,217.251,2.10372,2.43478,861.338,217.303,22.3817,-15.3731,25078.6,357.189,1,1,1,3,4,0
37,38,284.736,217.749,2.21098,2.1822,840.408,210.623,22.8287,-18.8779,23202.7,346.497,1,1,1,1,1,0
37,39,284.626,217.71,1.80762,2.09309,736.194,227.17,22.5122,-16.8928,15351.3,318.385,1,1,1,1,1,0
37,40,284.677,217.953,1.61279,2.00072,856.793,227.389,12.0352,-26.0391,17325.4,337,1,1,1,1,1,0
37,41,284.317,218.393,1.60661,1.96274,839.247,210.996,23.8457,-29.3938,16584.7,302.272,1,1,1,1,1,0
37,42,284.496,217.976,1.80701,2.15281,815.345,136.586,9.72473,-13.2655,22058.5,280.107,1,1,1,1,1,0
37,43,284.686,217.983,1.89092,2.25286,870.441,135.612,3.69804,-20.7481,23093.8,283.03,1,1,1,1,1,0
37,44,284.644,217.924,1.94409,2.08572,1004.7,161.214,7.49413,-28.2226,25830.2,325.959,1,1,1,1,1,0
37,45,284.58,218.006,2.04999,1.86847,897.304,215.48,6.30124,-28.9329,21489.3,327.692,1,1,2,2,3,0
37,46,285.343,217.747,1.97257,2.53736,823.325,163.133,-0.049279,-31.015,25796,326.367,1,1,2,2,3,0
37,47,284.657,217.846,1.84268,2.27426,705.609,205.563,30.2495,-32.3855,16131.4,312.633,1,1,1,2,2,0
37,48,284.778,218.162,1.98553,2.53546,733.438,153.354,22.2172,-40.4117,23357.7,289.373,1,1,1,2,2,0
37,49,285.244,217.955,2.273,2.1044,1020,135.356,3.36517,-18.8639,30283.8,326.03,1,1,1,1,1,0
37,50,285.655,218.109,2.41732,2.23799,859.299,101.978,3.45754,-10.8216,28619.9,272.006,1,1,1,1,1,0
37,51,285.564,218.353,2.22729,2.0954,876.995,138.707,10.4221,-13.1925,24789.9,287.811,1,1,1,1,1,0
37,52,285.524,218.307,2.08797,1.99303,1055.46,150.839,6.70743,-11.2459,26375.1,306.284,1,1,1,1,1,0
37,53,285.439,218.213,1.9768,2.122,1040.73,134.201,5.07247,-0.756856,27248.8,291.728,1,1,1,1,1,0
37,54,285.364,218.82,2.00854,2.26165,928.584,92.1512,4.15794,-3.27728,26360.4,251.722,1,1,1,1,1,0
37,55,285.42,219.009,2.03094,2.29999,886.683,64.5077,-2.65834,-4.17082,25711.9,220.337,1,1,1,1,1,0
37,56,285.475,218.833,1.99273,2.28989,938.923,83.3513,-1.3974,-5.78637,27119,250.053,1,1,1,1,1,0
37,57,285.703,218.77,1.99424,2.33556,905.214,95.595,1.21248,-7.93069,25693.4,249.107,1,1,1,1,1,0
37,58,285.616,218.919,1.82542,2.20433,892.707,117.975,3.23721,-7.22732,22322.1,249.775,1,1,1,1,1,0
37,59,285.606,219.142,1.77611,2.03525,950.038,136.73,-0.315224,-12.8747,20355.4,251.97,1,1,1,1,1,0
37,60,284.823,219.065,2.06502,2.23963,980.221,109.196,2.20082,-4.35852,28514,275.811,1,1,1,1,1,0
37,61,284.764,219.113,2.08551,2.25922,939.118,126.086,0.55234,-6.99768,27521.1,287.716,1,1,1,1,1,0
37,62,284.891,219.017,2.10896,2.12193,1086.99,125.52,2.49373,-5.53797,30363.6,303.243,1,1,1,1,1,0
37,63,284.859,218.765,2.00664,1.86254,990.795,140.622,5.51245,-5.54183,22531.4,274.337,1,1,1,1,1,0
37,64,284.826,218.8,2.2597,2.16621,798.461,94.5953,2.01994,-2.29353,24129.8,239.935,1,1,1,1,1,0
37,65,284.775,219.206,2.16957,2.3706,821.607,87.2932,-0.988517,-6.05655,26567.1,245.254,1,1,1,1,1,0
37,66,284.885,219.303,1.92132,1.89265,1045.6,138.187,0.517296,-4.69639,23814.6,277.053,1,1,1,1,1,0
37,67,284.767,219.264,1.9614,2.03869,1000.12,125.256,0.00290315,-6.50685,24717.6,268.391,1,1,1,1,1,0
37,68,284.582,219.055,1.97607,2.09835,895.979,88.5701,-4.69257,-5.03189,24079.9,224.834,1,1,1,1,1,0
37,69,284.735,219.048,2.01323,1.98445,866.081,118.964,-5.24695,-3.80139,21630.2,238.846,1,1,1,1,1,0
37,70,284.61,218.915,2.01382,1.94891,1027.93,117.501,3.86591,-3.5299,24925.3,264.627,1,1,1,1,1,0
37,71,284.658,219.019,1.81854,1.98422,921.958,130.03,6.03182,-10.3255,20517.2,246.325,1,1,1,1,1,0
37,72,284.602,218.774,1.77923,2.03621,886.933,156.801,10.9984,2.85448,19474.4,273.047,1,1,1,1,1,0
37,73,284.84,219.105,1.99654,1.98816,896.713,140.633,5.12376,-3.48106,23137.4,276.917,1,1,1,1,1,0
37,74,284.734,219.157,2.05805,1.98035,898.682,157.037,-1.08588,1.38561,24144.7,299.586,1,1,1,1,1,0
37,75,285.162,219.087,2.13539,2.32975,812.773,138.037,-4.35338,0.453371,25933.7,301.876,1,1,1,1,1,0
37,76,285.067,219.135,2.09056,2.4045,738.202,107.219,0.97879,1.89518,23040.8,259.976,1,1,1,1,1,0
37,77,284.717,218.902,2.06556,2.29445,792.893,139.533,4.72157,8.33827,23325.4,280.349,1,1,1,1,1,0
37,78,284.792,218.968,2.13007,2.11512,958.623,136.673,2.43088,0.640311,26092.4,294.982,1,1,1,1,1,0
37,79,284.665,219.158,1.88793,1.95678,1091.66,145.803,6.01775,-6.34169,24676.7,289.308,1,1,1,1,1,0
37,80,284.614,218.882,1.82692,1.95865,1061.62,159.101,11.3304,-5.90831,23153.7,295.722,1,1,1,1,1,0
37,81,284.849,218.59,1.7928,1.94272,900.371,208.915,16.5477,5.31789,19989.8,316.089,1,1,1,1,1,0
37,82,284.89,218.549,1.70657,1.92808,889.276,235.956,17.6409,8.45317,16986.7,329.112,1,1,1,1,1,0
37,83,284.703,218.687,1.44858,2.12684,1001.53,194.214,17.386,10.1919,19293.1,304.651,1,1,1,1,1,0
37,84,284.847,218.824,1.90327,2.17164,911.62,183.135,14.7802,10.4251,22750.2,311.639,1,1,2,3,4,0
37,85,285.575,219.561,2.72742,2.40385,881.455,207.207,18.2133,-1.75821,31740.4,394.249,1,1,2,3,4,0
37,86,285.529,218.667,2.56213,2.30269,937.328,228.47,13.0204,-10.6785,29860.9,404.254,1,1,2,3,4,0
37,87,285.461,217.794,2.26285,2.88095,1305.99,129.642,1.92245,-15.0916,51638.2,441.414,1,1,2,3,4,0
37,88,285.089,217.618,1.97558,3.2142,1036.15,158.24,-4.21799,-15.1544,38662.6,387.68,1,1,2,3,4,0
37,89,285.22,218.403,1.85299,2.99194,711.685,188.368,-0.885615,-22.3466,23628,325.479,1,1,2,2,3,0
37,90,284.811,218.826,1.68955,2.10098,712.152,240.939,18.1351,-22.5758,16428.5,337.367,1,1,2,2,3,0
37,91,284.816,218.74,1.86763,2.08575,854.591,186.026,9.58385,-10.4478,21106.8,312.337,1,1,2,2,3,0
37,92,284.704,219.177,1.72508,1.66079,1031.83,230.013,16.0122,-11.9663,18559.8,335.609,1,1,2,2,3,0
37,93,284.584,219.691,2.09806,1.95383,786.952,227.853,25.7045,-10.5457,20131.7,351.527,1,2,3,4,5,0
37,94,287.864,219.071,3.9996,2.05277,763.035,236.653,-13.9659,-2.55176,33343.1,434.142,1,2,3,4,5,0
37,95,289.683,218.177,3.48067,2.05449,669.785,238.748,-20.1307,1.60942,28648.4,413.598,1,2,3,4,5,0
37,96,284.861,219.477,3.28213,2.54716,774.122,136.867,15.6157,-4.1283,37199.4,360.698,1,2,3,4,5,0
37,97,284.683,219.305,2.32178,2.32551,798.948,214.891,31.076,10.3222,26578.2,365.746,1,2,2,3,4,0
37,98,285.408,219.436,2.89397,2.40619,944.292,182.238,25.3882,-0.944824,39169.1,406.26,1,2,3,3,4,0
37,99,286.549,219.061,3.62798,2.71413,1170.3,57.104,7.66364,-18.8616,64370.2,454.148,1,2,3,4,5,0
37,100,285.811,219.585,3.36271,1.92246,780.41,243.909,30.5051,-20.0171,27127.1,402.03,1,2,3,4,5,0
37,101,287.973,220.299,2.43347,1.80249,650.882,149.233,8.68959,-8.58813,17254.6,244.811,,,,,,0
38,1,289.193,169.166,1.93147,2.03406,946.128,272.835,23.3454,2.7966,23244,418.237,1,1,1,1,1,0
38,2,289.06,169.048,1.81346,2.02873,952.292,255.027,20.4904,10.2655,21630.1,392.497,1,1,1,1,1,0
38,3,288.86,168.782,1.83321,1.79744,1149.38,230.491,7.64825,4.47322,23754.8,367.787,1,1,1,1,1,0
38,4,288.946,168.897,2.06222,2.3038,1033.61,178.616,-3.41269,-2.88987,30483.6,363.278,1,1,2,2,3,0
38,5,289.44,168.627,1.80578,2.12023,1035.27,206.127,-4.98728,-4.7029,24756.3,358.935,1,1,2,2,3,0
38,6,289.995,168.12,2.04048,2.13535,1058.46,224.934,-6.64666,-0.973422,28756.8,390.615,1,1,2,2,3,0
38,7,289.913,168.034,2.11996,2.15841,1111.96,210.819,-5.72243,-5.67917,29326.3,377.757,1,1,2,2,3,0
38,8,289.376,168.845,1.96071,1.75402,1235.61,203.922,1.40044,-6.75102,26621.7,358.438,1,1,2,2,3,0
38,9,289.603,168.988,1.9863,1.89976,1010.42,246.161,-2.61409,1.13314,23857.4,382.438,1,1,2,2,3,0
38,10,289.871,168.646,2.056,1.99218,950.071,210.657,-1.18026,0.298752,24304.2,354.84,1,1,2,2,3,0
38,11,289.62,168.655,1.99891,2.10743,1048.37,162.531,-0.169178,-7.27196,27542.5,325.71,1,1,2,2,3,0
38,12,289.012,169.006,1.72471,2.03453,1077.2,166.837,-4.9141,-2.9786,23333.8,301.97,1,1,2,2,3,0
38,13,288.749,169.181,1.94017,2.26913,1010.55,138.24,-4.24839,-8.24106,27679.7,301.053,1,1,2,3,4,0
38,14,288.777,168.492,2.52682,2.38212,1117.91,61.7274,5.9104,-3.26764,41030.2,311.751,1,2,2,3,4,0
38,15,290.021,167.869,1.76787,2.32232,962.774,157.39,2.38036,-6.79398,24703.6,303.651,1,1,2,3,4,0
38,16,290.784,167.781,2.13518,2.53766,1009.97,95.0708,3.0293,-12.7041,33520.3,303.598,1,1,2,3,4,0
38,17,290.868,167.499,1.96252,2.42557,961.652,121.679,3.66334,-6.61859,27847.2,281.645,1,1,2,3,4,0
38,18,291.773,167.066,2.33227,2.17991,633.299,112.129,-1.71387,-2.59687,20087.6,234.213,1,1,2,2,3,0
38,19,291.583,167.108,2.27412,2.14733,644.358,108.065,-1.15665,-1.96581,19159.6,224.947,1,1,2,2,3,0
38,20,291.059,167.116,2.16108,1.98089,1126.78,140.085,4.78504,-7.05361,31285.6,323.657,1,1,2,2,3,0
38,21,291.176,167.202,2.09445,2.03517,1191.98,194.593,1.99516,-15.9752,31067.8,373.746,1,1,2,2,3,0
38,22,290.738,167.67,2.12966,2.28924,1294.21,145.174,0.564,-8.14411,39103.4,381.426,1,2,3,4,5,0
38,23,291.353,166.772,1.90378,2.24188,691.449,174.198,4.68582,-11.3071,18239.8,284.781,1,2,3,4,5,0
38,24,294.672,163.622,1.99512,2.45318,985.561,181.55,-5.10156,2.84848,29175.6,353.929,1,2,3,4,5,0
38,25,294.793,163.98,1.98543,2.23098,998.781,183.755,-12.5346,-0.794257,28105.5,351.349,1,2,3,4,5,0
38,26,292.817,166.011,2.33726,2.41023,845.035,131.39,-1.61461,-8.07543,29253.5,302.568,1,1,2,2,3,0
38,27,292.52,166.374,2.15533,2.20627,899.115,156.303,-0.688793,-3.42323,26663.5,316.154,1,1,2,3,4,0
38,28,292.214,167.038,2.13728,2.42007,790.86,157.1,4.26792,-7.43385,25257.6,306.988,1,1,2,3,4,0
38,29,292.01,166.57,2.22495,2.34581,783.09,149.126,5.31054,-5.82253,25225.9,302.254,1,1,2,3,4,0
38,30,291.553,167.034,1.92097,1.84421,778.798,171.541,-1.57224,-0.2708,17017.9,268.911,1,2,3,4,5,0
38,31,289.935,168.394,1.69431,2.02799,1013.15,211.196,-1.44323,2.05947,20344.2,328.55,1,2,3,3,4,0
38,32,289.094,169.184,2.07176,2.26889,1182.82,187.799,-0.953793,-7.36601,34538.1,387.686,1,1,2,3,4,0
38,33,289.397,168.767,2.18644,2.09101,1147.25,161.288,4.4259,1.15676,32499.1,354.278,1,1,1,1,1,0
38,34,289.103,168.967,2.18334,2.26843,942.281,158.283,4.2967,-3.65724,29079.7,332.521,1,1,1,1,1,0
38,35,289.355,169.021,2.35955,2.39776,823.712,132.784,3.88402,-2.31556,28897.6,305.266,1,2,3,4,5,0
38,36,291.777,167.413,1.71442,1.77998,784.252,163.9,-0.190584,-3.89652,14911.8,249.669,1,2,3,4,5,0
38,37,291.49,166.971,1.50433,2.10181,916.012,156.536,-0.197623,-8.82167,18123.8,259.68,1,2,3,4,5,0
38,38,290.903,167.257,1.68292,2.0351,1041.19,175.857,1.03738,-7.80982,21170.6,295.87,1,2,3,4,5,0
38,39,292.863,166.44,2.19348,2.02696,729.204,155.458,-5.1232,-7.66406,19820.3,267.953,1,2,2,3,5,0
38,40,293.362,165.564,2.59381,2.66468,580.528,99.5192,-2.73623,2.1935,24070.9,241.083,1,1,2,2,3,0
38,41,293.408,165.262,2.15568,2.12263,548.918,148.203,-1.56657,-0.565589,15617.4,235.195,1,1,2,2,3,0
38,42,293.097,165.405,1.9821,1.99483,744.459,149.977,2.49901,-4.64538,18400.1,250.763,1,1,2,2,3,0
38,43,292.877,166.043,1.99064,2.2308,900.698,119.507,-0.577899,-9.00512,24903.9,263.982,1,1,2,2,3,0
38,44,293.388,165.387,2.03102,2.40768,1061.2,123.85,0.947742,-1.33622,32140,316.018,1,1,2,2,3,0
38,45,293.382,165.533,2.11367,2.53992,800.226,119.086,5.72492,-2.21888,26577.6,277.172,1,1,2,2,5,0
38,46,292.721,165.912,2.02974,2.49649,539.959,120.921,-2.42202,0.52884,16870.9,219.763,1,2,3,4,5,0
38,47,289.79,168.601,1.6929,2.22253,869.824,145.482,3.22273,-7.21684,20404.4,261.828,1,1,3,4,5,0
38,48,289.273,169.149,2.02721,2.53351,1073.16,88.3116,-3.54128,-7.9346,36159.4,313.077,1,1,1,2,2,0
38,49,289,168.892,1.94177,2.10756,981.684,135.014,3.02794,1.62367,25093.9,287.284,1,1,1,1,1,0
38,50,289.338,168.833,1.8911,2.13986,993.879,119.831,0.948669,-1.88886,25109.8,272.272,1,1,1,1,1,0
38,51,289.469,168.972,1.87945,2.10502,1073.32,132.879,4.23037,0.362045,26528.4,287.941,1,1,1,1,1,0
38,52,289.401,169.402,2.02349,2.08225,1270.59,140.25,0.285718,-3.47998,33383.3,340.533,1,1,1,1,1,0
38,53,289.116,169.343,1.96878,2.24575,1329.99,126.163,-0.435672,-5.36366,36954.2,351.858,1,1,1,2,2,0
38,54,289.598,168.948,2.10536,2.15762,1095.79,141.216,6.45424,-1.81826,28701.2,313.917,1,1,1,2,1,0
38,55,289.626,169.124,2.21604,2.19642,1065.9,104.651,3.21133,-2.12635,31484.4,293.911,1,1,1,2,2,0
38,56,289.279,169.315,2.25209,2.19412,1188.94,108.427,3.72917,-8.41152,36526.7,327.71,1,1,1,2,2,0
38,57,289.527,169.266,2.24307,2.14962,1279.32,98.9531,1.40921,-11.4355,38702.3,331.491,1,1,2,2,3,0
38,58,290.3,168.598,2.12891,2.00642,943.745,143.761,-2.06599,-6.9651,23987,285.71,1,1,1,2,2,0
38,59,290.337,168.611,1.78678,1.82414,977.219,174.729,-3.63748,-9.23266,20341.1,291.734,1,1,1,2,2,0
38,60,290.074,168.832,1.79895,2.02986,925.788,201.189,-7.5164,-10.1006,19243.7,313.763,1,2,3,4,5,0
38,61,292.071,166.624,2.29412,2.33044,559.777,110.598,4.28875,-9.14785,19590.7,226.018,1,2,3,4,5,0
38,62,293.239,165.491,2.22592,2.22451,1013.15,125.657,2.22026,-7.49739,31065.5,311.42,1,2,3,4,5,0
38,63,293.97,164.337,2.31419,1.65245,507.425,152.606,5.28638,-4.77362,12079.4,218.254,1,2,3,4,5,0
38,64,297.495,161.752,1.91919,2.09695,673.711,116.577,5.22137,-4.42118,16751.7,211.396,1,2,3,4,5,0
38,65,298.46,160.782,2.21459,2.09985,754.482,101.624,3.32524,-4.2262,21790.8,229.556,1,2,3,3,4,0
38,66,299.317,160.279,2.33748,2.33029,743.204,118.804,1.4164,-5.71287,24920.4,268.325,1,2,2,3,4,0
38,67,299.828,159.959,2.65157,2.28398,764.86,115.158,-1.12397,-9.07407,28016.4,282.343,1,2,2,3,4,0
38,68,299.281,159.918,2.3829,2.11056,946.068,112.916,0.88413,-6.05883,29900.4,289.675,1,2,3,4,5,0
38,69,298.6,160.936,2.13813,1.66986,629.755,151.565,-3.36254,-2.51237,13562.6,233.544,1,2,3,4,5,0
38,70,296.779,162.721,2.02926,2.33505,648.366,130.311,0.292477,-6.54983,18944.2,244.935,1,2,3,3,4,0
38,71,296.749,162.321,1.93045,2.0254,922.803,147.008,0.221077,-3.83599,22558.3,281.03,1,2,2,3,4,0
38,72,295.926,162.874,2.05451,1.93812,562.813,151.498,-3.54002,-0.194649,14024.5,231.905,1,2,2,3,4,0
38,73,295.05,163.805,2.1283,2.40735,690.582,120.189,-2.78748,-2.61693,21859.2,247.757,1,2,2,3,4,0
38,74,295.786,163.199,2.14821,2.36214,687.919,135.377,-8.12302,-2.39809,21945.7,262.935,1,2,3,3,4,0
38,75,296.328,162.914,1.70889,1.8909,1059.29,152.018,-4.68623,-9.32831,21467.9,274.32,1,2,3,4,5,0
38,76,297.489,161.63,2.22649,2.33409,708.038,141.451,-4.71785,-6.52483,22439.1,278.059,1,2,3,4,5,0
38,77,300.762,159.166,2.3434,2.10939,540.224,155.423,-6.21062,-3.3268,16536.4,251.112,1,2,3,4,5,0
38,78,300.889,159.224,1.97959,1.87379,611.582,146.578,-9.17696,1.99654,14203.7,228.645,1,2,3,4,5,0
38,79,299.558,160.52,1.94588,2.4503,648.493,141.446,-5.28904,-13.4269,19272.7,251.556,1,2,2,3,4,0
38,80,299.86,160.031,1.89747,2.48213,870.188,69.2898,1.66452,-9.49727,29540.7,249.367,1,1,2,3,4,0
38,81,300.325,159.348,2.13747,2.34049,796.635,88.4178,1.50286,-5.28417,27531.4,250.325,1,1,2,3,4,0
38,82,300.379,159.685,2.2969,1.90118,720.012,127.104,-3.17723,-5.05602,19538.1,241.065,1,1,2,3,4,0
38,83,300.695,159.226,2.12462,1.719,638.634,123.193,-2.09005,-4.93946,14579,210.497,1,2,3,4,5,0
38,84,302.159,157.757,2.10312,2.25051,761.592,167.904,-10.7706,-10.0122,20736.7,281.793,1,2,3,4,5,0
38,85,301.407,158.237,2.31925,2.55179,599.733,121.294,-4.17537,-8.3927,21878,250.213,1,2,3,4,5,0
38,86,303.195,157.087,1.64981,2.57953,385.708,123.924,-3.42019,-5.45047,10112.3,181.172,1,2,3,4,5,0
38,87,304.462,155.881,2.00787,2.38654,749.277,132.818,0.261588,-5.52948,22229.5,264.041,1,2,3,4,5,0
38,88,304.848,155.828,2.40557,2.66454,633.128,106.924,-4.65302,-9.99668,24588.6,253.124,1,2,3,4,5,0
38,89,303.084,157.366,1.83634,1.96393,508.337,148.808,6.03973,-13.6,11480.4,214.669,1,2,3,4,5,0
38,90,300.896,159.34,1.89219,1.96259,636.403,152.459,1.61805,-11.2771,14794.7,241.024,1,2,2,3,4,0
38,91,300.438,159.564,2.04603,1.99207,761.755,109.728,-0.344641,-10.2481,19934.3,225.876,1,2,2,3,4,0
38,92,301.029,159.486,2.13843,1.88426,753.344,123.458,3.22094,-8.45597,18950.3,238.882,1,2,2,3,4,0
38,93,301.828,158.816,1.83617,1.74574,998.009,174.065,5.2938,-6.82731,20069.9,291.58,1,2,2,3,4,0
38,94,302.484,158.214,2.70764,2.25975,689.411,128.301,3.39595,-4.11254,25556.6,286.402,1,2,2,3,4,0
38,95,302.864,157.644,2.76311,2.59094,609.556,78.6865,-4.72966,5.51731,29228.5,260.598,1,2,3,4,5,0
38,96,304.341,155.828,1.29456,2.28022,376.633,227.157,2.03396,-4.71499,6929.86,269.053,1,2,3,4,5,0
38,97,305.841,155.924,2.27172,3.67764,738.309,119.917,-5.95166,-9.97947,31618.9,317.74,1,1,2,2,4,0
38,98,305.746,155.419,2.13963,2.7055,737.254,191.308,-3.10905,-7.63335,25318.9,350.367,1,1,2,2,2,0
38,99,305.453,155.114,1.95175,2.30151,840.419,255.313,-3.09033,-4.97632,23456.4,386.87,1,1,2,2,3,0
38,100,304.894,155.167,1.91361,2.10908,791.674,244.601,-4.23219,-9.51552,19960.6,356.414,1,2,3,4,5,0
38,101,302.293,157.443,1.95957,2.61714,527.871,240.598,-8.08441,-29.6826,16582.6,331.592,,,,,,0
39,1,293.115,176.707,1.63615,2.54209,570.939,211.189,-12.1984,-31.7388,14653.7,314.817,1,2,3,4,5,0
39,2,293.832,177.256,1.99902,2.05713,503.871,215.412,-10.6641,-21.6635,12218.9,299.515,1,2,3,4,5,0
39,3,294.55,177.804,2.36188,1.57218,436.803,219.634,-9.12974,-11.5881,9784.2,284.213,1,2,3,4,5,0
39,4,294.881,180.437,2.18354,1.80434,519.75,187.841,-13.9158,-6.98535,12780.8,265.834,1,2,3,4,5,0
39,5,295.773,181.307,1.77548,1.8363,656.646,194.503,-12.9435,-7.07422,13428.3,279.97,1,2,3,4,5,0
39,6,296.407,182.659,1.90075,1.65619,503.217,189.468,-11.667,-6.34645,9937.99,246.172,1,2,3,4,5,0
39,7,296.187,183.424,2.13301,2.15667,505.215,143.947,-10.0188,-1.34997,14814.7,233.704,1,2,3,4,5,0
39,8,296.658,181.696,1.88257,2.09693,322.137,137.397,-3.8362,-8.5781,8024.97,188.355,1,2,3,4,5,0
39,9,296.738,179.194,1.64243,2.1792,587.025,141.262,2.09807,-10.7188,13123.5,219,1,2,3,4,5,0
39,10,295.743,179.758,1.89701,1.60455,575.752,144.649,-0.440549,-7.94106,10992.6,217.473,1,2,3,4,5,0
39,11,294.994,180.714,1.7812,1.98172,735.327,133.735,-7.60753,-2.9608,16258.1,234.089,1,1,1,1,1,0
39,12,294.865,181.092,1.79688,1.86803,756.656,132.967,-9.11014,-6.67901,15927.6,223.089,1,1,1,1,1,0
39,13,294.908,181.008,2.00026,1.78274,792.426,128.904,-7.81509,-8.12924,17699.5,232.787,1,1,1,2,1,0
39,14,294.84,180.814,1.59658,1.5327,909.749,145.013,-2.44837,-6.36851,13986.7,221.805,1,1,2,2,3,0
39,15,294.114,180.616,2.32793,2.2647,665.976,76.5287,-2.16728,0.0614473,21666.8,205.343,1,1,2,2,4,0
39,16,294.153,181.332,2.16737,2.30078,665.105,82.6959,-3.43642,-3.58974,19990.6,204.994,1,1,2,2,4,0
39,17,294.712,182.044,2.03117,2.23697,753.647,96.286,-1.92482,-5.27157,21301.3,221.562,1,1,2,2,3,0
39,18,295.144,182.117,2.24636,2.38032,761.491,60.749,0.906432,-4.93406,25114.6,210.905,1,1,2,2,3,0
39,19,295.165,182.214,2.13452,2.39997,707.195,77.2,-1.43619,-8.47009,22381.3,211.325,1,1,2,2,3,0
39,20,295.416,181.897,1.92724,1.70227,691.777,126.19,-2.10044,-7.94751,14225,205.012,1,1,2,3,4,0
39,21,296.348,181.597,1.82727,1.88059,625.109,116.828,-1.99087,-8.13597,13461.4,192.225,1,1,2,3,4,0
39,22,297.002,181.177,1.87832,2.03899,760.893,118.533,-5.5964,-5.19047,18231.4,219.586,1,1,2,3,4,0
39,23,296.124,181.443,2.09136,2.49584,796.88,72.2026,0.510156,-6.031,25978.4,226.828,1,1,2,3,4,0
39,24,296.573,181.21,2.26004,2.37015,668.362,84.5228,0.245665,-3.50148,22607.8,214.964,1,1,2,3,4,0
39,25,296.5,181.026,2.08332,2.075,688.996,106.952,-3.4225,-6.60026,19223.5,211.805,1,1,2,3,4,0
39,26,295.93,180.589,2.11173,2.14583,697.553,95.541,-3.31236,-5.3548,19842.6,215.296,1,2,2,3,4,0
39,27,294.909,180.288,1.86476,1.93511,612.348,123.967,-4.77049,-5.24583,13841.1,202.698,1,2,3,4,5,0
39,28,292.812,180.156,1.78691,1.95806,720.757,120.113,-6.31379,-0.283343,15802,207.97,1,2,3,4,4,0
39,29,291.297,179.762,2.2111,1.92912,552.421,117.019,-6.34697,-3.04467,14680.1,200.651,1,2,2,3,4,0
39,30,290.249,179.191,2.10183,2.1466,633.598,114.924,-4.92782,-4.93776,17636.7,216.58,1,2,2,3,4,0
39,31,289.705,178.698,2.1995,2.3302,667.402,102.53,-6.94597,-2.12558,21139.7,238.101,1,2,2,3,4,0
39,32,289.444,179.161,1.86905,1.61099,693.556,169.917,-3.36225,-2.78862,13100.1,241.03,1,2,2,3,4,0
39,33,290.356,180.01,1.97423,2.14215,510.974,133.011,-7.11615,-3.43367,13480.8,208.503,1,2,2,3,4,0
39,34,291.458,180.625,2.25708,2.51095,541.453,97.1953,-3.17053,-2.74888,18952.8,211.243,1,2,2,3,4,0
39,35,292.023,180.1,1.97082,2.11427,573.508,111.527,-10.6029,0.909935,14920.5,195.172,1,2,2,3,4,0
39,36,291.793,180.005,2.19579,2.10083,638.884,97.5428,-5.10796,4.29991,18332.7,210.077,1,2,2,3,4,0
39,37,290.921,180.915,1.87461,2.66866,578.182,122.358,-1.27463,-4.75719,18370.2,233.444,1,2,2,3,4,0
39,38,291.386,180.138,1.41387,1.69956,603.265,167.304,-1.17786,1.96025,9104.83,213.953,1,2,2,3,4,0
39,39,292.132,179.499,1.88961,1.80661,583.056,152.755,-2.05182,6.58651,12475,223.166,1,1,2,3,4,0
39,40,292.369,179.396,1.91209,1.72881,634.679,136.032,-3.82397,5.63204,13150.5,209.414,1,1,2,3,4,0
39,41,293.025,179.938,2.35166,2.15227,626.885,93.994,-2.9867,1.10014,19713.3,212.444,1,1,2,3,4,0
39,42,293.846,180.006,2.01754,1.89551,726.648,118.643,-2.76959,-2.47764,17388.8,219.852,1,1,2,1,1,0
39,43,294.119,180.072,1.8868,1.99379,739.872,104.476,-2.68513,-4.35781,17423.4,203.195,1,1,1,1,1,0
39,44,294.135,180.319,2.32941,2.1293,737.125,67.4595,-2.28581,-5.19197,22640.7,204.893,1,1,1,1,1,0
39,45,294.309,180.546,1.88215,2.0492,888.204,76.3955,2.54821,-4.5595,21850.9,209.225,1,1,2,2,2,0
39,46,294.619,180.988,2.01555,2.47689,674.137,102.821,3.6063,-9.58608,21298.6,234.237,1,1,2,3,4,0
39,47,294.889,181.222,2.07292,2.24415,685.098,119.47,-1.96072,-10.3629,19808.6,236.284,1,2,2,3,4,0
39,48,296.143,180.516,1.7227,2.22807,564.167,99.2007,-3.26596,-6.06117,13492,178.509,1,2,2,3,4,0
39,49,297.228,180.046,2.05698,1.79392,666.029,102.596,-0.489647,-8.02093,15709.6,192.609,1,2,2,3,4,0
39,50,296.872,179.643,2.0872,2.01747,768.023,87.7811,1.93964,-6.86336,20181,216.556,1,2,2,3,4,0
39,51,295.616,179.613,1.68835,2.32993,462.614,113.564,-1.59387,-6.67572,11236.4,182.959,1,2,2,3,4,0
39,52,295.111,180.266,1.82382,2.20962,487.63,119.738,-3.16242,-5.24455,12255.6,186.272,1,2,2,3,4,0
39,53,296.202,181.092,2.19647,2.2061,696.692,83.8983,-0.452877,-5.73754,21807.2,213.071,1,1,2,3,4,0
39,54,296.657,180.823,2.30959,2.04557,624.745,61.946,1.71574,-3.57366,18309.1,175.391,1,1,2,3,4,0
39,55,297.108,180.601,2.12816,1.92088,592.8,73.4941,0.699804,-4.63237,15128,162.195,1,1,2,2,2,0
39,56,297.678,180.799,1.85422,2.1416,690.731,92.9813,-1.75358,-5.74424,17128.6,194.793,1,1,1,1,1,0
39,57,297.67,181.083,2.00682,2.08603,647.493,99.0103,2.12457,-7.65365,16267.4,194.444,1,1,1,1,1,0
39,58,297.921,181.333,2.27522,2.34382,580.29,75.5271,-2.01744,-6.13637,19084.4,190.811,1,1,1,1,1,0
39,59,298.006,181.062,2.40164,2.41513,606.466,84.2958,-5.95077,-3.10884,21291,208.811,1,1,1,1,1,0
39,60,297.762,181.074,2.20822,2.20341,730.671,76.988,-3.61803,-2.42385,22059.6,207.615,1,1,1,1,1,0
39,61,297.718,181.128,2.14535,2.17539,697.479,78.494,-5.36348,-1.76349,20235.9,195.13,1,1,1,1,1,0
39,62,297.505,181.251,1.95978,2.1374,759.445,93.8141,1.58667,-6.72435,19837,213.142,1,1,1,1,1,0
39,63,297.464,181.476,1.90352,2.21722,809.635,85.6058,0.17278,-4.81917,21265.9,214.426,1,1,1,1,1,0
39,64,297.388,181.57,2.12316,2.23159,826.249,56.0898,-3.29672,-5.97505,24367.8,208.663,1,1,1,1,1,0
39,65,297.184,181.225,2.14064,2.08321,830.071,55.1586,-3.02582,-4.2858,22956.9,194.657,1,1,1,1,1,0
39,66,297.45,181.17,1.6163,1.94067,858.918,111.304,-2.28278,-2.49347,16892.2,207,1,1,1,1,1,0
39,67,297.318,181.656,1.89291,2.16523,752.654,88.9358,0.327514,-3.43327,18858.4,198.811,1,1,1,1,1,0
39,68,297.102,181.607,1.93537,2.24774,748.657,81.483,0.688527,-5.39793,20263.7,199.864,1,1,1,1,1,0
39,69,297.077,181.447,2.04802,2.09884,788.328,87.0684,-1.32988,-2.91895,21572.5,214.716,1,1,1,1,1,0
39,70,297.209,181.601,1.94084,1.90566,805.542,82.3584,-5.57892,-6.99525,18650.8,198.361,1,1,1,1,1,0
39,71,297.123,181.57,2.00008,2.20488,639.7,82.1422,-1.51791,-6.82477,17653.6,186.97,1,1,1,1,1,0
39,72,297.251,181.527,2.3841,2.32561,722.78,57.827,-4.12541,-5.12346,25184.8,211.379,1,1,1,1,1,0
39,73,297.363,181.72,1.89073,2.03542,840.804,90.5642,-6.41008,-7.65057,19888.9,207.331,1,1,1,1,1,0
39,74,297.372,181.292,2.49654,1.98642,650.523,90.3781,-4.66898,-2.46503,19880.9,206.349,1,1,1,1,1,0
39,75,297.233,181.461,2.48226,1.96062,760.606,49.4704,-5.54938,-4.24767,23399.1,191.053,1,1,1,1,1,0
39,76,297.096,181.234,2.19345,2.07956,780.804,84.9501,-2.40508,-1.19016,22162.9,215.769,1,1,1,1,1,0
39,77,296.706,181.135,1.94602,1.74354,822.578,121.612,-4.42183,-4.1469,17491.5,217.379,1,1,1,1,1,0
39,78,296.901,181.475,1.99272,1.79801,674.494,123.388,-3.55172,-12.1338,13437.6,199.331,1,1,1,1,1,0
39,79,297.231,181.399,2.06079,2.29253,664.414,83.4459,-2.47811,-8.21332,19470.4,203.521,1,1,1,1,1,0
39,80,297.176,181.222,2.03654,2.23931,664.867,91.8648,-5.84335,-4.59359,18857.1,201.899,1,1,1,1,1,0
39,81,297.047,181.285,1.74536,1.95069,779.088,94.6271,-3.70225,-4.95136,16623.2,191.923,1,1,1,1,1,0
39,82,296.842,181.386,1.91573,2.05572,702.506,97.4393,-0.738027,-3.39086,17290.2,199.97,1,1,1,1,1,0
39,83,296.483,181.221,2.13708,2.05751,715.504,113.275,0.519791,2.68598,19588,226.645,1,1,1,1,1,0
39,84,296.764,181.083,1.98895,2.15647,747.632,101.242,-3.91776,5.25118,20380.8,217.734,1,1,1,1,1,0
39,85,296.609,181.443,1.98917,2.25432,731.319,100.81,-3.1906,-8.98562,19574.2,215.124,1,1,1,1,1,0
39,86,296.888,181.399,1.75521,1.94167,739.78,107.29,-3.78032,-3.93175,16845.4,203.71,1,1,1,1,1,0
39,87,296.528,181.317,2.2269,1.9016,633.334,95.5879,1.14033,-1.24458,16360.1,189.533,1,1,1,1,1,0
39,88,296.872,181.29,2.29644,2.35517,565.925,55.2741,-0.017037,-2.53599,18443.1,166.266,1,1,1,1,1,0
39,89,296.794,181.618,2.36471,2.28953,552.147,56.4277,-0.879101,-5.79212,18679.7,172.538,,,,,,0
40,1,290.593,454.966,1.2596,1.44556,304.595,82.6738,-0.159733,-7.1759,3484.83,102.509,1,1,2,2,3,0
40,2,290.399,454.193,1.287,1.47895,318.186,76.0449,5.39395,-1.72724,3818.29,96.1834,1,1,1,2,2,0
40,3,290.098,454.503,1.22856,1.58903,358.839,80.8015,5.14321,-2.99815,4403.85,105.686,1,1,1,1,1,0
40,4,289.798,454.814,1.17013,1.6991,399.491,85.5581,4.89247,-4.26907,4989.42,115.189,1,1,1,1,1,0
40,5,290.109,454.846,1.47619,1.35822,396.41,74.3894,5.30564,-3.39579,4993.69,103.846,1,1,1,1,1,0
40,6,290.29,454.76,1.76887,1.79178,284.734,70.1355,5.46709,-3.07766,5662.13,103.615,1,1,1,1,1,0
40,7,290.223,454.44,1.86383,1.82772,340.921,56.4364,2.05368,-2.43892,7279.52,99.0828,1,1,1,1,1,0
40,8,290.295,454.502,1.4865,1.55919,443.856,54.7863,2.42181,-1.68815,6491.77,93.5207,1,1,1,1,1,0
40,9,290.196,454.525,1.46142,1.82653,366.171,60.0186,4.22693,-0.0933821,6326.22,95.4793,1,1,1,1,1,0
40,10,290.288,454.308,1.45669,1.83302,306.765,56.7657,3.38696,-3.3115,5141.6,88.1893,1,1,1,1,1,0
40,11,289.845,454.289,1.67145,1.52869,344.898,47.6716,4.94576,-3.60464,5535.06,83.0473,1,1,1,1,1,0
40,12,289.672,454.575,1.51384,1.72142,442.446,58.0438,5.98163,-1.31036,7429.74,101.337,1,1,1,1,1,0
40,13,290.127,454.674,1.49296,1.21867,564.155,70.9486,4.50313,-1.0121,6449.04,105.278,1,1,1,1,1,0
40,14,289.795,454.767,1.49587,1.45463,369.48,73.5016,2.58612,-4.32143,5051.03,100.917,1,1,1,1,1,0
40,15,289.762,454.836,1.55607,1.63659,319.703,73.7495,1.13484,-5.88591,5115.18,103.556,1,1,1,1,1,0
40,16,290.163,454.659,1.73412,2.06626,345.668,59.27,3.87644,-3.5093,8137.35,106.698,1,1,1,1,1,0
40,17,290.283,454.976,1.74744,2.02278,281.38,57.2225,3.85737,-3.47652,6228.47,95.1243,1,1,1,1,1,0
40,18,290.1,454.967,1.33073,1.26526,303.353,57.858,1.77644,-2.12947,3209.26,78.3609,1,1,1,1,1,0
40,19,290.309,454.454,1.61349,1.57397,288.674,50.504,-1.65307,-2.24041,4341.43,79.0296,1,1,1,1,1,0
40,20,290.173,454.46,1.65385,1.51377,341.822,53.9963,-1.9226,-3.88742,5375.08,89.3018,1,1,1,1,2,0
40,21,290.319,455.032,1.68334,1.15608,336.854,50.5446,-0.841362,-3.81166,4117.47,76.1893,1,1,1,1,2,0
40,22,290.287,454.576,1.47722,1.45772,267.653,54.3016,1.8922,-0.95561,3621.06,73.5976,1,1,1,1,2,0
40,23,289.734,454.733,1.36216,1.49242,313.735,56.9083,2.64525,0.897415,4007.19,79.9112,1,1,1,1,1,0
40,24,290.074,454.88,1.67526,1.52656,309.281,49.5949,1.23799,0.431536,4967.98,79.5207,1,1,1,1,1,0
40,25,290.15,454.782,1.90162,1.62405,319.361,46.9017,-0.658294,0.197849,6186.73,84.1657,1,1,1,1,1,0
40,26,289.816,454.651,1.64137,1.75161,397.56,63.3548,1.70941,1.71515,7175.34,105.858,1,1,1,1,1,0
40,27,289.977,454.907,1.6156,1.94026,318.335,64.5733,1.97068,0.35341,6259.12,104.124,1,1,1,1,1,0
40,28,290.464,454.661,1.62572,2.08619,308.439,55.2513,2.37158,1.13593,6579.84,98.0355,1,1,1,1,1,0
40,29,290.351,454.88,1.56318,1.56761,345.861,55.9237,1.25542,1.07814,5323.81,88.568,1,1,1,1,1,0
40,30,290.41,454.728,1.59199,1.54899,370.306,48.6599,-1.72197,1.59141,5735.85,85.9704,1,1,1,1,1,0
40,31,290.167,454.548,1.69302,1.34773,312.713,54.4126,-0.853576,-0.266799,4487.38,83.3491,1,1,1,2,2,0
40,32,289.572,454.602,1.75765,1.58677,294.807,54.2775,0.430739,-3.6161,5038.93,85.0414,1,1,1,2,2,0
40,33,290.129,455,1.34942,2.00213,353.554,63.9253,1.54997,-3.96004,6125.83,100.651,1,1,1,1,1,0
40,34,290.238,455.004,1.38523,1.94001,312.409,58.4836,2.51892,-1.44286,5265.7,89.7692,1,1,1,1,1,0
40,35,290.136,454.723,1.38762,1.6117,357.252,49.8416,1.60813,-1.34992,5019.12,80.7219,,,,,,0
41,1,305.138,361.173,2.02776,2.00562,1140.74,148.797,-2.83937,-9.7206,28230.4,313.97,1,1,1,1,1,0
41,2,304.996,361.255,1.94574,1.94522,1194.22,147.576,3.00477,-10.1122,28291.7,312.574,1,1,1,1,1,0
41,3,305.169,361.296,2.16514,1.9337,1132.67,156.573,4.11579,-8.20652,29580.6,329.379,1,1,1,1,1,0
41,4,305.329,361.069,2.21042,2.1716,1225.7,110.107,12.2023,1.03378,36929.9,328.716,1,1,1,1,1,0
41,5,305.12,361.108,1.97459,1.99124,1233.17,108.17,0.921803,-2.0103,30327.1,286.87,1,1,1,1,1,0
41,6,305.085,361.107,1.98448,1.91976,1216.25,117.264,-3.17354,0.215747,29630.3,289.195,1,1,1,1,1,0
41,7,305.304,361.019,1.87927,1.97764,1315,137.994,-6.02545,-1.76205,30724.8,316.828,1,1,1,1,1,0
41,8,305.23,360.958,2.06351,2.17432,1115.63,116.65,-1.95598,-4.70238,31026.8,301.083,1,1,1,1,1,0
41,9,305.145,360.994,2.11507,2.19195,987.601,89.4321,-0.589644,-7.86771,28480.3,264.391,1,1,1,1,1,0
41,10,305.113,360.969,2.18959,2.14436,949.356,72.6719,-1.64221,-8.05814,27713.2,242.284,1,1,1,1,1,0
41,11,305.196,360.928,2.08356,2.04898,996.64,101.948,-0.817222,-5.00302,26549.2,259.556,1,1,1,1,1,0
41,12,305.241,360.995,2.09386,2.12083,1074.8,84.9269,-0.17953,-4.76255,29738.9,263.32,1,1,1,1,1,0
41,13,305.289,360.893,1.9687,1.89437,940.693,112.893,-2.60696,-3.14629,21609.1,238.444,1,1,1,1,1,0
41,14,305.103,360.842,1.96068,1.86501,1016.61,93.2136,0.343477,-1.1296,23283,231.527,1,1,1,1,1,0
41,15,305.148,360.828,1.98432,2.03709,1194.91,95.1351,1.31943,-4.35386,30186.4,277.201,1,1,1,1,1,0
41,16,305.087,360.972,2.08475,2.02985,1166.65,95.7334,4.95722,-3.08615,31071.6,279.396,1,1,1,1,1,0
41,17,304.9,360.92,2.07932,2.13302,907.057,103.161,3.78031,-1.38312,25071.2,250.574,1,1,1,1,1,0
41,18,304.898,360.988,1.9881,2.11751,863.135,100.426,0.735941,-1.78508,22862.9,234.651,1,1,1,1,1,0
41,19,305.151,361.052,1.99023,2.04402,1078.75,107.485,-2.91717,-3.05092,27534.1,266.923,1,1,1,1,1,0
41,20,305.011,360.853,2.20578,2.0611,1154.49,88.3634,2.4445,0.555797,32667.7,286.213,1,1,1,1,1,0
41,21,304.904,361.117,1.97318,2.04436,1216.31,119.508,2.57547,-5.05719,30472.3,296.793,1,1,1,1,1,0
41,22,304.884,360.879,1.87253,2.23398,1196.84,113.044,0.681494,-7.19499,31204.3,297.385,1,1,1,1,1,0
41,23,305.089,360.826,1.95721,2.20551,1121.81,110.855,-2.98342,2.36984,27887.5,273.734,1,1,1,1,1,0
41,24,305.197,360.851,1.91825,2.25537,999.976,101.436,-4.2679,3.10997,25728.2,253.627,1,1,1,1,1,0
41,25,305.116,360.771,2.04486,2.19038,1029.1,95.4159,-2.08312,-0.35218,28426.1,266.651,1,1,1,1,1,0
41,26,305.065,360.741,2.22299,2.18846,1119.66,79.7681,2.78383,-1.99438,33464,283.87,1,1,1,1,1,0
41,27,305.157,361.068,1.96924,2.03461,1307.53,113.893,-0.969198,-6.24616,32571.3,301.651,1,1,1,1,1,0
41,28,305.107,361.071,1.82217,2.01545,1242.98,117.02,-1.1464,-10.6204,28580.7,281.16,1,1,1,1,1,0
41,29,304.992,360.904,1.86131,1.89422,1271.07,115.355,0.143262,-3.49402,28018.2,281.325,1,1,1,1,1,0
41,30,305.098,361.056,1.78711,1.89047,1431.13,118.276,0.341627,-2.9444,30318.4,292.071,1,1,1,1,1,0
41,31,305.253,361.103,1.9634,2.13482,1133.13,90.7885,-0.141686,-3.52945,29725.8,264.432,1,1,1,1,1,0
41,32,305.14,361.266,2.00011,2.17833,1123.89,75.9818,2.82806,-5.18702,30269,253.521,1,1,1,1,1,0
41,33,305.12,361.049,2.02347,2.10963,1085.95,79.3068,1.98827,-0.0952831,29627.5,251.207,1,2,3,4,5,0
41,34,305.351,359.366,2.20147,2.7859,1724.08,6.58472,0.818403,7.11906,42163.6,267.302,1,2,3,4,5,0
41,35,305.187,361.199,1.96215,1.8579,1304.9,139.7,-2.82072,-8.47005,28902.4,305.467,1,1,1,1,1,0
41,36,305.128,361.015,1.97882,2.04034,1209.09,97.931,-3.2457,-5.1525,30513,274.763,1,1,1,1,1,0
41,37,304.941,360.992,2.00778,2.09187,1125.82,86.0684,-1.35743,-5.8143,29522.1,266.864,1,1,1,1,1,0
41,38,304.934,361.222,1.83684,2.08634,1157.05,114.467,-0.910335,-8.69078,27017.9,271.32,1,1,1,1,1,0
41,39,305.123,361.294,1.88098,1.93062,1355.35,111.804,2.60786,-10.0852,30123.8,288.609,1,1,1,1,1,0
41,40,305.075,360.929,1.92619,1.96913,1216.47,100.256,1.07476,-2.8569,28266,267.379,1,1,1,1,1,0
41,41,305.053,360.997,2.04392,2.01669,1145.65,74.4568,0.636869,-5.81141,30706.8,259.822,1,1,1,1,1,0
41,42,305.223,361.109,2.19733,2.1063,1169.67,64.575,0.0565547,-7.48562,34209.4,273.166,1,1,1,1,1,0
41,43,305.252,361,1.95725,1.92268,1194.12,67.3782,-0.0899963,-6.33453,28612.4,240.757,1,1,1,1,1,0
41,44,305.12,360.899,1.7569,1.7211,1245.95,96.9103,-0.213787,-4.53745,23649,237.734,1,1,1,1,1,0
41,45,305.126,360.781,1.87993,2.05461,1201.92,86.0334,-0.603124,-6.12904,29484.9,264.521,1,1,1,1,1,0
41,46,304.933,360.887,1.92745,2.10158,1256.69,107.045,-0.323366,-3.83419,31365.2,294.976,1,1,1,1,1,0
41,47,305.159,361.023,1.9489,1.92023,1333.65,118.968,-3.6702,-3.71267,31249.4,297.917,1,1,1,1,1,0
41,48,305.129,361.119,1.98145,2.03964,1257.8,98.3031,-0.151139,-1.81477,31833.5,287.391,1,1,1,1,1,0
41,49,305.116,361.388,2.02631,2.17447,1216.71,79.4141,2.07554,-9.17675,34475,287.734,1,1,1,1,1,0
41,50,305.024,361.327,2.12975,2.11587,1208.53,82.366,3.12948,-6.87006,33905.9,284.367,1,1,1,1,1,0
41,51,305.229,361.257,1.86063,2.01859,1037.18,94.5703,1.30127,-5.69055,24376,238.254,1,1,1,1,1,0
41,52,305.195,361.387,1.78968,1.97194,1036.21,108.419,-2.27454,-6.06497,22901.9,242.609,1,1,1,1,1,0
41,53,305.248,361.095,2.04787,2.16491,1064.64,98.7092,-4.74676,-6.47588,29404.6,270.112,1,1,1,1,1,0
41,54,305.15,361.082,2.05145,2.03391,1146.86,88.9415,-5.65793,-5.22535,29692.8,260.976,1,1,1,1,1,0
41,55,305.276,361.475,1.84235,1.74044,613.764,73.9034,-2.16739,-3.32916,12343.1,146.071,,,,,,0
42,1,310.384,133.631,1.62696,2.3112,646.094,210.758,12.3207,-0.545296,15226.6,293.142,1,2,3,4,5,0
42,2,312.121,136.663,1.90996,2.09271,432.639,237.745,8.44452,8.39741,10802.4,300.544,1,2,3,4,5,0
42,3,314.213,139.739,2.47592,2.3985,655.242,194.377,1.31571,-5.41066,23785.7,334.142,1,2,3,4,5,0
42,4,316.047,139.701,2.19659,2.41032,674.292,202.717,-0.502328,0.220727,22068.8,329.349,1,2,3,4,5,0
42,5,314.969,140.141,2.41732,2.18284,401.28,273.272,12.582,-11.7038,13064.9,340.911,1,2,3,4,5,0
42,6,312.805,139.704,3.27424,2.64372,617.325,166.543,5.62925,-5.92396,32206.6,362.852,1,2,3,4,5,0
42,7,312.852,139.945,2.93642,2.18,598.519,234.59,9.47123,-3.94191,21989.6,361.024,1,2,3,4,5,0
42,8,315.649,141.342,2.38714,2.16538,623.304,234.696,3.94408,4.39803,19880.9,356.817,1,2,3,4,5,0
42,9,317.934,145.141,1.84712,2.19689,805.557,288.988,-3.76398,11.5345,20395.5,402.053,1,2,3,4,5,0
42,10,318.995,144.595,3.14643,2.25089,517.08,263.553,-1.88982,11.0231,19459.3,378.692,1,2,3,4,5,0
42,11,320.637,143.328,4.05135,3.94853,674.584,58.4252,-2.89452,5.52747,53366.9,397.426,1,2,3,4,5,0
42,12,322.306,141.368,2.4706,2.45164,641.892,228.807,-1.57305,8.50159,23700.3,370.136,1,2,3,4,5,0
42,13,323.675,140.697,2.71477,2.85546,803.543,155.132,-4.06756,2.20582,36996.1,380.142,1,2,3,4,5,0
42,14,325.562,139.846,2.02689,2.49968,624.764,222.08,2.20727,11.1739,17915,327.615,1,2,3,4,5,0
42,15,325.589,139.312,2.56548,2.54381,470.958,145.943,14.7886,12.8687,19303.8,268.26,1,2,3,4,5,0
42,16,325.204,139.871,2.52977,2.29774,498.211,154.204,5.01369,-2.32275,17726.9,267.817,1,2,3,4,5,0
42,17,323.672,140.48,2.77534,2.17636,426.374,133.122,5.1949,-9.09442,15578.5,236.568,1,2,3,4,5,0
42,18,323.449,140.858,2.56963,1.65629,452.262,162.314,-3.32288,-10.6456,11846.6,228.284,1,2,3,4,5,0
42,19,324.191,139.449,2.59469,2.06629,422.272,161.77,7.53452,-8.46241,13692.8,238.87,1,2,3,4,5,0
42,20,328.532,138.341,2.28217,1.54165,563.536,233.066,0.683212,-0.837496,12334.3,299.249,1,1,1,1,1,0
42,21,328.497,138.641,2.45702,1.87558,595.748,207.548,5.60615,-7.93649,15274.6,299.426,1,1,2,1,1,0
42,22,328.605,138.602,2.2002,1.70031,760.58,220.464,4.9854,-10.5887,17748.1,311.065,1,2,2,3,4,0
42,23,327.714,138.905,2.78908,2.13349,526.44,230.513,2.31593,-11.2059,18976.5,339.497,1,2,2,3,4,0
42,24,326.739,139.983,2.48397,2.22588,727.568,205.966,-1.23733,-11.1132,24256,353.769,1,2,2,3,4,0
42,25,326.115,139.847,1.86608,2.15495,589.865,232.833,-10.0146,-13.2172,13985,316.521,1,2,2,3,4,0
42,26,325.457,139.447,2.7662,2.65619,646.712,155.986,-9.76596,-9.85355,28453.3,333.183,1,2,3,3,4,0
42,27,326.878,139.448,2.40396,2.2404,642.305,155.359,-11.8796,-5.25453,21300.4,285.627,1,2,3,4,5,0
42,28,327.822,138.966,1.71023,2.21028,542.355,192.742,-7.93364,-1.48336,12705.5,266.148,1,2,3,4,5,0
42,29,331.006,137.823,3.2126,2.0699,500.701,140.502,3.45456,-2.8883,19434.2,263.142,1,1,2,3,4,0
42,30,331.133,137.653,2.89398,2.16518,626.824,152.933,14.1998,2.45333,23621.4,304.166,1,1,2,3,4,0
42,31,331.831,138.019,3.46512,2.06321,491.072,174.683,8.94537,2.99971,20946.4,297.053,1,2,2,3,4,0
42,32,332.568,137.663,3.00248,1.97728,577.026,186.138,12.9063,6.72913,19713,304.728,1,2,2,3,4,0
42,33,331.815,137.421,2.70238,2.03227,625.346,139.738,11.4234,-4.65077,20947.4,264.331,1,2,2,3,4,0
42,34,330.836,137.862,2.3334,1.84509,658.357,158.512,10.9567,-6.35279,17617.7,266.432,1,1,2,3,4,0
42,35,330.996,138.091,3.05266,2.08382,617.122,133.575,2.96636,-6.12511,23387.4,269.751,1,1,2,3,4,0
42,36,330.993,137.646,2.69209,2.08816,744.583,99.3536,-6.14137,-8.56196,27908.6,272.254,1,2,3,4,5,0
42,37,332.6,137.392,3.28129,2.0029,538.594,132.369,1.02913,-1.25997,21171.4,256.615,1,2,3,4,5,0
42,38,337.246,137.801,1.77317,2.04344,663.092,195.311,-9.81907,-9.51871,14392.1,270.864,1,2,3,4,5,0
42,39,338.212,136.731,2.29999,2.51937,819.236,147.046,-5.80867,4.55515,29056.1,325.864,1,2,3,3,4,0
42,40,337.475,137.16,2.32023,2.3632,793.157,160.741,-4.33377,-1.80072,25739.6,313.923,1,2,2,3,4,0
42,41,337.872,136.232,1.86134,2.37091,833.151,195.749,-0.384043,1.24449,22817.8,318.231,1,2,2,3,4,0
42,42,338.657,136.616,2.29954,2.19991,852.915,166.404,-4.14372,-5.42126,26677.9,320.722,1,2,2,3,4,0
42,43,339.828,136.193,2.79546,2.23896,660.151,147.7,-3.01502,-5.47636,24971,297.414,1,2,3,3,4,0
42,44,339.985,135.806,3.03193,2.69926,558.383,100.207,-2.43708,2.37226,27519.3,270.562,1,2,3,4,5,0
42,45,337.492,137.809,2.87375,2.66246,414.884,106.114,-1.30678,-8.66091,18369.8,215.195,1,2,3,4,5,0
42,46,335.282,137.906,2.74714,2.26609,694.224,117.376,4.088,-4.20666,26316.7,271.769,1,2,3,4,5,0
42,47,334.594,137.71,2.66892,2.12791,658.926,137.585,9.38308,-4.41635,21564.2,264.112,1,2,3,4,5,0
42,48,335.162,137.452,3.01497,2.30549,606.692,95.9948,3.26711,-9.14378,24948.6,247.325,1,2,3,4,5,0
42,49,336.163,136.773,2.14026,2.48951,836.462,107.386,1.42445,-3.22851,27143.2,271.675,1,2,3,4,5,0
42,50,337.218,136.93,1.9715,2.47982,870.661,145.904,3.28595,-3.2971,26288.2,305.195,1,2,3,4,5,0
42,51,340.318,135.844,3.38014,2.98097,615.445,90.5996,-6.89753,10.789,37319.8,334.757,1,2,3,4,5,0
42,52,341.729,135.583,2.72684,2.66594,695.407,129.163,-5.78334,6.35674,31695.9,330.035,1,2,3,4,5,0
42,53,341.352,135.765,2.70506,2.47094,405.892,186.261,-6.75618,5.77949,16355.5,283.941,1,2,3,4,5,0
42,54,343.612,134.516,2.5929,2.23133,397.507,154.364,-13.7135,11.3917,14228,244.858,1,2,3,4,5,0
42,55,344.302,134.924,2.19668,1.7051,684.277,172.61,-3.48083,1.46211,16193.9,267.728,,,,,,0
43,1,311.821,264.63,2.13666,2.19667,1131.59,138.374,2.74882,0.720263,32993.9,334.604,1,1,1,1,1,0
43,2,311.995,264.832,2.11704,2.3413,1142.83,132.053,0.977548,2.44133,35086.5,343.822,1,1,1,2,1,0
43,3,312.052,265.091,2.04822,2.36476,1098.18,183.693,-4.78674,7.71926,32963,374.077,1,1,2,2,3,0
43,4,311.718,265.36,2.03133,2.25546,1254.95,216.274,2.34478,4.39763,35722.2,424.414,1,1,2,2,3,0
43,5,312.12,264.78,2.06321,2.06418,1283.62,177.145,5.31799,4.58835,34112.2,385.16,1,1,2,3,4,0
43,6,312.747,264.209,1.65915,2.14216,914.85,209.681,-4.55765,10.5786,20141.6,319.379,1,1,2,3,4,0
43,7,313.469,264.059,1.89142,2.23093,673.686,173.439,-0.050288,13.5755,17298,280.249,1,1,2,3,4,0
43,8,314.066,263.499,2.1188,2.26789,719.673,154.083,0.767492,14.6655,21437,280.97,1,1,1,1,1,0
43,9,314.005,263.215,1.998,2.10947,985.899,150.34,-4.28528,4.49076,26501.5,316.87,1,1,1,1,1,0
43,10,314.188,263.593,2.00739,2.08891,1127.51,161.207,-0.0291854,-1.03619,30895.1,344.858,1,1,1,1,1,0
43,11,314.204,263.567,2.05201,2.503,1010.23,141.333,3.51121,-6.08121,34076.1,348.237,1,1,1,1,1,0
43,12,314.013,263.384,2.09873,2.42881,951.445,150.449,11.9501,1.20546,29929.2,336.533,1,1,1,1,1,0
43,13,313.877,263.333,2.13562,2.16828,1066.5,163.587,19.5613,5.08706,30754.8,348.994,1,1,1,1,1,0
43,14,314.078,263.75,1.90145,1.95552,1058.4,191.365,13.8437,-5.88811,23791.4,336.858,1,1,1,1,1,0
43,15,314.156,263.565,1.83985,1.93858,976.256,202.885,15.3959,-4.77223,21807.1,332.385,1,1,1,1,1,0
43,16,314.113,263.443,1.91302,1.97783,1149.96,197.008,18.1137,-8.75687,27220.9,363.284,1,1,1,1,1,0
43,17,314.165,263.623,1.96014,2.13883,1216.35,196.07,9.94152,-8.91423,33428.7,396.763,1,1,1,1,1,0
43,18,314.22,263.495,2.03931,2.24172,1104.82,226.366,11.1781,1.9365,31463,420.284,1,1,1,1,1,0
43,19,314.23,263.548,1.85525,2.23677,927.303,270.194,19.5617,2.64666,23957.7,407.852,1,1,1,1,1,0
43,20,314.327,263.488,1.9793,2.5541,841.732,203.166,12.6441,-10.8098,26130.6,363.391,1,1,1,1,1,0
43,21,314.583,263.598,1.87944,1.95456,963.25,236.988,8.99563,-0.463157,21502.4,362.574,1,1,1,1,1,0
43,22,314.483,263.538,1.78059,1.95334,1103.88,260.481,15.3836,0.832816,24635.5,409.172,1,1,1,1,1,0
43,23,314.348,263.42,1.74021,2.06875,1030.69,223.838,6.51678,-3.95499,23204.8,358.13,1,1,1,1,1,0
43,24,314.185,263.462,1.86942,2.26292,1059.03,155.43,-3.93803,-8.65673,29045.1,336.467,1,1,1,1,1,0
43,25,314.211,263.434,1.80752,2.1642,1153.8,181.712,-0.134855,1.256,28162.9,353.959,1,1,1,1,1,0
43,26,314.343,263.351,1.79397,1.99404,1162.41,220.966,7.51671,12.5165,26032.4,375.888,1,1,1,1,1,0
43,27,314.351,263.522,1.9836,2.09952,1084.89,206.814,10.0394,9.29418,28176.1,373.189,1,1,1,1,1,0
43,28,314.299,263.937,1.97059,2.15151,1133.25,168.11,5.21923,-2.43076,29969.9,348.929,1,1,1,1,1,0
43,29,314.534,263.64,1.91291,2.04962,1129.26,190.479,-0.952136,7.72095,26750.9,344.361,1,1,1,1,1,0
43,30,314.622,263.4,1.81876,1.79487,1260.84,177.371,1.13997,5.04606,26405.9,328.136,1,1,1,1,1,0
43,31,314.261,263.721,1.84222,1.8382,1260.33,162.926,8.83001,0.383442,27569.1,325.686,1,1,1,1,1,0
43,32,314.279,263.993,1.96625,2.02552,1248.09,162.027,1.60385,-2.20581,31075.5,343.272,1,1,1,1,1,0
43,33,314.248,264.167,1.7883,2.08573,1468.1,157.849,3.09169,-1.07608,34249.5,363.379,1,1,1,1,1,0
43,34,314.402,263.776,1.83302,2.2474,1192.23,169.518,2.29341,3.676,30028.6,346.331,1,1,1,1,1,0
43,35,314.417,263.582,2.03762,2.47786,1166.86,87.254,9.6075,4.77128,41161.9,342.953,1,1,1,1,1,0
43,36,314.347,263.771,1.85088,2.29239,1225.27,142.906,6.52081,0.541641,32633.9,339.509,1,1,1,1,1,0
43,37,314.538,263.714,1.87166,2.32591,1202.54,133.957,6.19703,-2.65647,32602.3,335.645,1,1,1,1,1,0
43,38,314.706,263.574,1.8623,2.17019,1202.52,122.736,2.51506,0.998434,30342.5,303.325,1,1,1,1,1,0
43,39,314.567,263.653,1.77241,2.09564,1260.23,146.76,5.67584,1.64465,29688.6,318.479,1,1,1,1,1,0
43,40,314.306,263.801,1.99245,2.19019,1086.16,144.751,4.34481,-0.404266,29526.9,317.136,1,1,1,1,1,0
43,41,314.204,263.726,1.85987,2.12024,934.124,136.847,4.87282,0.88622,23366.1,276.787,1,1,1,1,1,0
43,42,314.429,263.789,1.78693,2.16454,966.83,147.919,1.03765,1.66617,23117,286.716,1,1,1,1,1,0
43,43,314.558,264.182,1.82951,2.07636,1184.01,162.318,5.86944,1.19088,27847,329.278,1,1,1,1,1,0
43,44,314.677,264.022,1.59173,1.79442,1044.2,294.252,-11.464,15.2917,13039.9,347.479,1,1,1,1,1,0
43,45,314.747,264.01,1.93657,2.0302,992.979,212.47,14.3729,-2.40723,25457.4,358.533,1,2,3,3,4,0
43,46,316.164,262.894,2.12759,3.15465,339.904,146.297,5.29619,-1.68415,13467.7,226.55,1,2,2,3,4,0
43,47,316.165,262.728,2.0222,3.19703,325.985,159.487,5.5876,-1.86193,12409.3,236.586,1,2,2,3,4,0
43,48,314.77,263.269,2.28283,2.32207,1056.7,147.581,13.0023,-15.6584,36913.5,373.828,1,1,1,1,1,0
43,49,314.507,263.411,2.18828,2.24304,957.303,169.363,15.5022,-6.19842,29084.8,359.58,1,1,1,1,1,0
43,50,314.54,263.837,2.24919,2.38889,1030.08,171.43,18.9257,-4.7983,34450.6,385.935,1,1,1,1,1,0
43,51,314.745,264.141,2.29552,2.13261,1090.73,183.407,13.433,-12.4949,32911.6,376.059,1,1,1,1,1,0
43,52,314.632,263.72,2.30354,2.31319,966.595,195.902,16.9249,0.560464,32095.2,384.266,1,1,1,1,1,0
43,53,314.632,263.766,2.26759,2.1848,873.85,210.078,25.1599,3.72722,26569,366.87,1,1,1,1,1,0
43,54,314.621,263.95,1.94358,1.86632,1059.56,208.389,22.8169,-9.17048,24068.3,345.189,1,1,1,1,1,0
43,55,314.366,263.653,2.04179,2.07974,1066.95,175.17,16.0423,-2.62401,28260.6,344.189,1,1,1,1,1,0
43,56,314.515,263.948,1.70222,2.13306,1053.52,207.213,13.3773,-10.4805,24368.1,350.361,1,1,1,1,1,0
43,57,314.52,263.895,1.69582,2.19065,973.304,198.517,16.2866,-11.1324,20269.7,319.953,1,1,1,1,1,0
43,58,314.611,264.044,1.84965,2.22415,970.283,191.004,13.963,-3.71153,24289.4,331.343,1,1,1,1,1,0
43,59,314.483,263.795,2.20368,2.48343,1007.31,173.461,7.99741,0.560633,34139.5,383.16,1,1,1,1,1,0
43,60,314.666,263.606,2.13404,2.66076,989.856,147.674,4.09582,-0.869193,34724.3,356.142,1,1,1,1,1,0
43,61,314.606,263.624,1.87223,2.26734,939.483,176.748,1.79218,-9.23628,26113.3,326.503,1,1,1,1,1,0
43,62,314.569,263.994,1.59227,2.13595,846.925,194.694,5.5324,-11.7907,18546.3,306.314,1,1,1,1,1,0
43,63,314.523,263.826,1.68282,2.17516,987.083,189.904,10.2798,2.29757,21813,318.207,1,1,1,1,1,0
43,64,314.408,263.755,1.95902,2.27771,983.179,157.141,4.63156,4.65185,28579.6,324.278,1,1,1,1,1,0
43,65,314.382,263.738,1.98371,2.27284,873.119,171.296,5.19995,12.057,24465.8,313.16,1,1,1,1,1,0
43,66,314.534,263.911,1.9429,2.22162,989.465,124.585,-0.398065,0.210574,27638.9,287.035,1,1,1,1,1,0
43,67,314.551,263.886,1.89503,2.24177,911.61,130.284,2.22546,8.4929,24118.2,272.751,1,1,1,1,1,0
43,68,314.539,263.858,2.15751,2.35043,913.884,113.939,1.97248,5.5835,28450.7,283.562,1,1,1,1,1,0
43,69,314.61,263.686,1.70662,1.75139,1030.31,197.803,-14.4117,3.79101,17466.9,292.243,1,1,1,1,1,0
43,70,314.239,263.591,1.75573,2.02294,1041.11,169.59,1.13494,-1.42272,23142.9,306.639,1,1,1,1,1,0
43,71,314.383,263.424,1.79388,1.98121,991.085,213.125,-0.156788,-2.49212,21462.3,339.166,1,1,1,1,1,0
43,72,314.443,263.598,1.77986,2.03099,857.213,209.819,-4.02314,-5.77845,19385.9,319.337,1,1,1,1,1,0
43,73,314.35,263.727,1.85804,2.24463,935.499,169.423,-4.77579,-6.38081,24299.7,313.16,1,1,1,1,1,0
43,74,314.342,263.747,1.90125,2.48178,1013.8,153.086,-5.2016,-12.0325,29218.2,332.444,1,1,1,1,1,0
43,75,314.315,263.751,1.91424,2.43065,1057.22,155.077,-4.85023,-12.533,30439.9,343.006,1,1,1,1,1,0
43,76,314.282,263.685,2.03195,2.50321,846.623,154.293,-5.47495,-14.0679,26523.4,317.059,1,1,1,1,1,0
43,77,314.304,263.759,1.90059,2.16079,880.995,165.978,-1.04,-7.65443,22574.4,302.97,1,1,1,1,1,0
43,78,314.548,263.959,1.73504,1.82938,1037.16,182.216,1.36567,-3.80425,20358.6,306.331,1,1,1,1,1,0
43,79,314.361,263.929,1.733,1.97179,1077.5,204.729,-0.00970627,-3.35919,23072.1,341.734,1,1,1,1,1,0
43,80,314.731,263.69,1.76404,1.87897,1009.73,216.617,-9.06605,6.65099,20427.7,333.74,1,1,1,1,1,0
43,81,314.624,263.655,1.80405,2.20584,850.647,218.688,1.7575,9.59775,20214.4,338.148,1,1,1,1,1,0
43,82,314.105,263.839,1.7003,2.20573,954.966,193.53,-0.659779,2.68062,22355.5,332.035,1,1,1,1,1,0
43,83,314.082,263.804,1.71693,2.12667,1021.52,188.185,0.737426,-1.20764,23319.3,330.278,1,1,1,1,1,0
43,84,314.176,263.856,1.66956,1.86241,1064.52,208.57,1.90288,-2.00042,20767.5,332.396,1,1,1,1,1,0
43,85,314.245,264.098,1.76749,1.98018,1075.25,182.3,-3.37558,-6.03463,23577.6,320.107,1,1,1,1,1,0
43,86,314.544,264.091,1.95382,2.00879,1082.02,187.484,-9.48058,-2.56529,26353.6,341.899,1,1,1,1,1,0
43,87,314.365,263.799,1.97582,2.30792,1073.55,120.628,-3.51312,6.96946,31211.8,309.467,1,1,1,1,1,0
43,88,314.329,264.099,2.02953,2.1755,1047.59,111.869,-4.11906,1.43189,28811.2,287.178,1,1,1,1,1,0
43,89,314.427,264.09,2.25247,2.24678,993.352,90.1051,-4.56066,1.87178,31100.5,279.089,1,1,1,1,1,0
43,90,314.426,264.047,2.13722,2.11699,970.123,114.023,0.103739,-2.22116,28132.1,282.272,1,1,1,1,1,0
43,91,314.384,264.083,1.76845,2.12665,1123.5,150.837,2.60879,0.84031,26533.7,309.154,1,1,1,1,1,0
43,92,314.187,263.961,2.18982,2.15815,932.828,176.617,-8.20849,-3.00437,20587.8,296.408,1,1,1,1,1,0
43,93,314.382,264.104,2.07521,2.23007,882.807,133.351,2.65315,-5.34572,25393.2,281.249,1,1,1,1,1,0
43,94,314.26,264.173,2.00706,2.15967,913.025,139.817,0.372925,-3.58384,24669,288.68,1,1,1,1,1,0
43,95,314.228,264.198,1.95448,2.30387,1007.37,127.782,-3.59624,1.4566,28188.8,297.041,1,1,1,1,1,0
43,96,314.449,264.06,1.95455,2.41292,941.729,105.644,-1.10975,-5.35454,27494.8,275.645,1,1,1,1,1,0
43,97,314.576,264.278,1.93045,2.15793,962.269,138.366,4.51223,-7.50981,24997.6,288.284,1,1,1,1,1,0
43,98,314.488,264.14,1.88957,2.25157,917.954,141.524,0.919227,0.322353,23626.6,281.136,1,1,1,1,1,0
43,99,314.43,264.221,1.94006,2.37494,886.655,143.821,3.5276,0.640337,24968.5,287.675,1,1,1,1,1,0
43,100,314.499,264.237,2.12495,2.24819,1008.18,129.782,4.37631,2.12621,30168.4,310.911,1,1,1,1,1,0
43,101,314.388,264.494,1.9091,2.11929,1011.44,152.138,1.72385,1.14281,25527.7,304.71,,,,,,0
44,1,317.085,202.416,1.74419,1.76539,439.511,166.284,11.1654,4.73752,8499.13,217.87,1,2,3,4,5,0
44,2,319.873,203.741,2.20942,2.56818,639.873,130.81,3.5408,-6.79858,22451.7,263.97,1,2,3,4,5,0
44,3,320.009,204.878,2.00105,2.64176,605.227,132.401,0.321579,-8.05768,19602.7,254.03,1,2,3,4,5,0
44,4,317.625,208.112,2.06032,1.9988,362.812,94.9198,-1.41499,-1.29455,9873.1,153.87,1,2,3,4,5,0
44,5,315.529,209.464,2.2437,2.55267,675.919,65.8497,-4.53905,0.114112,24972.4,216.503,1,2,3,4,5,0
44,6,314.215,206.055,1.96927,2.42344,503.415,111.538,2.96049,-1.10386,15199.5,207.568,1,2,3,4,5,0
44,7,315.722,204.109,1.97367,2.23656,744.479,108.006,-1.33852,-4.67914,20458.1,229.982,1,2,3,4,5,0
44,8,318.027,204.962,1.93689,2.20651,691.982,95.9188,-0.07872,-3.84734,19683.5,212.207,1,2,3,4,5,0
44,9,319.223,205.272,2.13163,2.39566,775.581,91.9985,1.4414,0.33826,24465.8,232.846,1,2,3,4,5,0
44,10,319.954,201.938,2.02934,1.58802,421.418,114.466,0.775086,-7.07203,8511.05,161.278,1,2,3,4,5,0
44,11,320.225,197.822,1.99394,1.62354,499.092,137.5,-1.54886,-2.34633,10124.2,191.456,1,2,3,4,5,0
44,12,318.957,194.35,2.17059,2.62894,616.357,99.071,2.6967,-6.42495,21479.5,226.237,1,2,3,4,5,0
44,13,318.576,192.305,2.16625,2.58564,797.727,89.7529,-1.46901,-11.9534,27334.2,254.148,1,2,3,4,5,0
44,14,316.495,191.659,1.74188,1.8929,717.106,141.586,-3.82886,-7.62046,14708.2,225.953,1,2,3,4,5,0
44,15,313.993,190.622,2.45999,2.06101,762.335,118.353,-5.47121,-5.83664,24320.8,267.172,1,2,3,4,5,0
44,16,315.129,190.516,1.83126,1.92923,618.363,155.869,-4.93575,-0.0179978,13187.2,229.065,1,2,3,4,5,0
44,17,314.38,192.568,1.66671,2.21681,478.841,133.616,-2.69158,-1.08536,10750.7,192.154,1,2,3,4,5,0
44,18,313.976,192.233,2.02837,2.37957,455.112,100.242,-1.59425,-6.01714,13605.9,181.852,1,2,3,4,5,0
44,19,315.044,190.8,2.42157,3.18143,572.474,89.2999,-5.40271,-6.99052,25754.3,243.834,1,2,3,4,5,0
44,20,315.419,190.329,2.39834,2.11086,777.762,131.989,-6.86251,-4.51559,22322.1,261.698,1,2,3,4,5,0
44,21,315.759,189.367,2.55519,2.23471,773.556,81.0552,0.308474,-3.87348,27030.6,244.781,1,2,3,4,5,0
44,22,317.841,190.017,2.09727,1.99376,412.831,116.61,-5.4133,-4.20165,10781.3,176.793,1,2,3,4,5,0
44,23,319.863,193.416,2.1276,1.91926,496.726,114.453,-2.04594,-6.72017,12389.3,185.562,1,2,3,4,5,0
44,24,322.119,196.301,1.93497,2.6383,303.091,84.8151,-6.45815,4.20218,9483,137.947,1,2,3,4,5,0
44,25,322.274,200.382,2.0458,2.87778,554.284,72.1708,4.54552,-3.87435,19735.1,190.077,1,2,3,4,5,0
44,26,322.564,199.397,2.03571,2.07538,600.351,91.0882,-0.159658,-2.69955,15814.1,183.024,1,2,3,4,5,0
44,27,322.337,198.939,2.07697,1.84822,631.641,107.441,-2.32157,-4.47001,14593.3,191.852,1,2,3,4,5,0
44,28,323.205,200.326,1.72486,2.06281,433.807,109.354,-2.54854,-3.71212,9657.69,163.58,1,2,3,4,5,0
44,29,324.357,201.333,2.19089,2.10261,552.352,96.6418,-1.72721,-1.3465,15608.3,184.728,1,2,3,4,5,0
44,30,324.562,201.194,2.10774,1.75264,580.147,131.681,-4.23711,4.48159,12727.1,194.018,1,2,3,4,5,0
44,31,325.893,203.087,2.01376,1.80997,473.389,132.572,3.2711,-1.14377,10803.9,191.604,1,2,3,4,5,0
44,32,326,204.51,1.9883,1.9673,271.666,146.178,2.08863,4.94914,6170.2,182.314,1,2,3,4,5,0
44,33,323.49,206.914,2.11729,2.01682,391.179,144.782,-0.395034,-0.132008,10401.2,200.006,1,2,3,4,5,0
44,34,322.215,205.808,2.17757,2.73185,412.245,80.1522,0.914396,0.764994,15117.2,176.402,1,2,3,4,5,0
44,35,322.562,205.595,1.84951,2.55609,444.244,96.3871,2.8795,-3.83969,12919.8,173.302,1,2,3,4,5,0
44,36,322.232,204.924,1.9759,2.38988,314.618,96.6695,0.968095,-0.489781,9206.34,150.615,1,2,3,4,5,0
44,37,318.014,202.705,2.52204,3.23283,417.459,46.5205,1.35521,-3.53416,19695,169.42,1,2,3,4,5,0
44,38,318.953,200.548,1.90105,2.33475,366.305,90.9127,-0.580437,-3.03261,10088.8,151.373,1,2,3,4,5,0
44,39,320.359,200.68,2.17544,2.28316,496.706,70.7821,-0.911904,-0.217925,15273.3,165.627,1,2,3,4,5,0
44,40,321.532,200.53,1.58738,2.71986,326.72,89.1932,-2.08198,-1.23246,9167.85,141.746,1,2,3,4,5,0
44,41,323.119,199.472,1.88084,2.80738,548.513,93.2683,3.46227,-0.177012,17554.6,197.343,1,2,3,4,5,0
44,42,324.662,200.402,2.112,2.43712,417.712,113.91,3.71817,-6.66532,13252.5,193.663,1,2,3,4,5,0
44,43,325.507,200.514,2.35989,1.91743,504.336,109.931,3.41633,-5.1533,13872.2,194.178,1,2,3,4,5,0
44,44,323.181,198.952,2.57687,2.01958,490.124,105.091,2.87409,-4.63057,15212.9,197.178,1,2,3,4,5,0
44,45,320.855,197.39,2.79385,2.12172,475.913,100.251,2.33186,-4.10784,16553.5,200.178,1,2,3,4,5,0
44,46,320.901,196.423,2.33734,2.36398,606.606,91.8282,1.94131,-2.02563,20607.6,214.391,1,1,2,2,3,0
44,47,321.446,196.507,1.97117,1.91013,820.455,99.2114,-0.101867,-2.62402,19499.4,213.077,1,1,2,2,3,0
44,48,321.927,196.176,2.0003,1.80323,801.737,96.7994,-2.42402,-1.94468,18111,202.355,1,1,1,2,2,0
44,49,321.96,196.041,2.12154,1.94292,763.598,83.4486,0.257689,-6.30162,19629,202.101,1,1,1,2,1,0
44,50,322.006,196.202,2.35862,2.02977,784.113,70.6982,0.0226283,-5.6463,23827.9,215.314,1,1,2,2,3,0
44,51,322.143,196.599,2.20469,2.31121,758.101,80.1843,2.16992,-5.4564,24310.9,227.964,1,1,2,2,4,0
44,52,322.917,196.088,1.98861,2.07621,756.46,92.2607,1.45717,-7.4639,19508.9,206.42,1,1,2,2,4,0
44,53,323.184,195.253,2.28536,2.48021,668.199,90.3885,-0.223581,-3.67304,23235.5,227.302,1,1,2,2,3,0
44,54,323.398,194.874,2.17567,2.30569,672.433,89.575,-2.05244,0.881327,20495.6,212.639,1,1,1,1,1,0
44,55,323.423,194.977,1.89846,1.97024,796.127,110.097,-1.22629,-3.47867,18024.8,214.556,1,1,1,1,1,0
44,56,323.487,194.867,2.12805,1.94827,822.521,99.7885,4.06339,-8.98004,21456.8,229.154,1,1,1,1,1,0
44,57,323.18,194.696,2.1421,2.13623,772.036,84.9545,-0.430277,0.968206,21979,223.923,1,1,1,2,3,0
44,58,323.231,195.265,1.92606,2.35816,766.371,113.297,-5.35523,3.90128,20107.8,227.805,1,1,2,2,3,0
44,59,323.028,195.524,2.01621,2.10409,818.151,139.369,-1.66856,-4.11008,21515.9,266.68,1,1,2,3,4,0
44,60,321.985,195.789,1.91591,2.02182,916.158,121.546,6.67914,-1.15694,22200,252.811,1,2,2,3,4,0
44,61,322.323,195.661,2.10401,2.39719,697.034,109.754,7.3023,-1.68666,20742.7,237.621,1,2,2,3,4,0
44,62,323.399,195.295,2.21989,2.56834,629.976,132.861,6.21858,-1.62564,21966,261.071,1,2,3,4,5,0
44,63,324.545,195.918,1.83444,3.26803,471.978,177.654,11.061,-3.78611,15341.1,283.538,1,2,3,4,5,0
44,64,325.451,197.893,2.67275,2.56671,497.889,126.011,2.41718,-7.98398,20160,260.604,1,2,3,4,5,0
44,65,323.865,197.949,2.09229,2.29006,504.47,156.107,5.6813,-5.7384,15003.4,242.899,1,2,3,4,5,0
44,66,322.731,198.47,2.49385,3.67209,400.745,110.729,7.64612,-8.23968,20328.6,232.568,1,2,3,4,5,0
44,67,320.814,201.645,2.33209,2.32756,490.481,156.215,8.98217,-9.5212,14627.8,244.343,1,2,3,4,5,0
44,68,319.459,201.344,1.9557,1.66502,682.264,167.098,12.3018,-2.24005,13919.3,239.408,1,2,3,4,5,0
44,69,320.825,201.189,2.21764,2.25824,393.096,176.94,9.49392,-5.4507,11241.1,235.834,1,2,3,4,5,0
44,70,323.738,201.873,2.21791,2.07654,518.179,159.215,5.45439,5.19839,14840.4,250.982,1,2,3,4,5,0
44,71,325.338,204.278,2.6528,2.34032,554.697,151.091,19.6162,6.33832,21997.2,287.586,1,2,3,4,5,0
44,72,331.317,207.248,2.11976,2.72532,382.202,181.365,-10.0538,-9.5022,13452.2,256.615,1,2,3,4,5,0
44,73,331.545,210.199,1.9847,3.35467,325.599,159.825,-1.73067,-4.62895,13436.9,243.207,1,2,3,4,5,0
44,74,331.734,208.564,2.061,3.52084,325.205,180.814,2.88859,-8.25703,13446.3,263.364,1,2,3,4,5,0
44,75,331.923,206.929,2.13729,3.687,324.811,201.803,7.50784,-11.8851,13455.7,283.521,1,2,3,4,5,0
44,76,332.151,209.268,2.82985,3.50471,301.556,91.1621,10.8532,-22.436,16977.2,205.538,1,2,3,4,5,0
44,77,333.767,207.705,2.23904,2.99919,315.538,125.394,2.08518,-11.3964,13632.6,217.527,1,2,3,4,5,0
44,78,333.973,207.749,1.69901,3.18358,446.027,141.225,-1.152,-14.9112,14256.1,236.515,1,2,3,4,5,0
44,79,333.07,209.236,1.90013,3.02983,476.593,165.405,-4.08729,-14.8279,16467,272.299,1,2,3,4,5,0
44,80,332.167,210.723,2.10125,2.87607,507.158,189.586,-7.02257,-14.7445,18678,308.083,1,2,3,4,5,0
44,81,329.772,212.347,2.05095,2.7805,422.214,163.307,-2.10336,-16.421,14874.5,262,1,2,3,4,5,0
44,82,327.377,213.97,2.00065,2.68493,337.271,137.028,2.81584,-18.0975,11071,215.917,1,2,3,4,5,0
44,83,327.484,212.638,1.6879,2.5672,258.623,139.76,3.72788,-16.9039,6898.08,185.621,1,2,3,4,5,0
44,84,328.797,209.624,1.82599,2.34839,383.312,153.655,-6.94837,-16.4657,10208.9,220.396,1,2,3,4,5,0
44,85,328.175,208.293,1.95467,2.16052,450.176,135.162,-9.67345,-23.968,11862.9,211.799,1,2,3,4,5,0
44,86,328.797,207.525,2.27457,2.29632,465.781,132.763,-4.50361,-19.0052,15228.2,223.609,1,2,3,3,4,0
44,87,329.945,207.16,2.15912,2.16263,493.59,111.086,2.3688,-4.01722,14332.2,189.852,1,2,2,3,4,0
44,88,331.043,207.476,1.43066,2.30457,399.948,123.765,10.8741,-5.02498,8201.12,176.041,1,2,2,3,4,0
44,89,331.012,207.832,1.30458,2.40463,398.786,148.128,16.1928,-7.42853,7162.94,201.249,1,2,3,3,5,0
44,90,330.367,208.152,3.57321,1.68115,264.386,137.625,3.65443,-9.84277,9043.35,191.331,1,2,3,4,5,0
44,91,325.259,207.231,2.77069,1.62865,436.472,130.383,-4.84178,-12.4529,12007.6,200.361,,,,,,0
45,1,319.556,231.347,3.58693,2.27866,377.519,75.9454,2.71772,4.56186,18120.3,189.686,1,2,3,4,5,0
45,2,321.423,231.771,2.1885,1.84367,315.632,157.514,5.37493,5.98852,7940.69,199.84,1,2,3,4,5,0
45,3,322.829,232.092,2.18379,2.75202,232.135,159.095,-3.12407,3.84071,8472.09,212.101,1,2,3,4,5,0
45,4,319.678,230.147,2.15128,1.07966,466.632,139.436,6.78633,5.15908,6790.18,182.047,1,2,3,4,5,0
45,5,319.346,229.621,2.29143,2.06703,469.238,125.682,1.74929,5.59065,13783.6,210.373,1,2,3,4,5,0
45,6,317.667,229.913,3.66568,2.55358,353.427,107.35,5.65419,0.0709639,19630.7,223.189,1,2,3,4,5,0
45,7,324.271,230.834,2.88298,2.57982,315.357,123.288,-5.7747,-3.98324,13911.6,202.604,1,2,3,4,5,0
45,8,325.108,229.891,1.73634,1.57964,564.515,138.478,-4.12543,-7.25295,9722.85,193.692,1,2,3,4,5,0
45,9,323.824,228.787,1.63119,2.08003,543.096,115.462,9.4995,-14.0156,12070.6,185.728,1,1,2,3,4,0
45,10,323.729,228.507,1.45357,1.82241,597.829,130.949,6.69857,-10.8872,9885.33,188.13,1,1,2,3,4,0
45,11,323.368,228.541,1.93314,2.21604,456.982,132.628,2.10279,-5.19807,11475.3,203.586,1,2,2,3,4,0
45,12,321.958,229.031,2.23729,2.16676,387.825,112.917,9.5222,-7.20669,12114,180.03,1,2,2,3,4,0
45,13,322.2,229.341,1.68521,1.5126,349.207,158.441,8.95186,-9.28707,5221.43,192.166,1,2,2,3,4,0
45,14,322.924,229.37,1.79472,1.89325,291.454,165.054,4.70284,-14.8477,6215.3,196.734,1,2,3,3,4,0
45,15,321.927,228.045,1.89155,1.26143,258.306,223.77,20.6008,-25.8312,3874.4,230.065,,,,,,0
46,1,325.776,106.318,3.48609,2.00102,682.095,254.797,5.71847,-21.3212,22793.1,385.533,1,1,1,1,1,0
46,2,326.066,106.37,3.05966,2.18474,654.464,190.506,0.554741,-15.7367,23484.4,327.586,1,1,1,1,1,0
46,3,326.355,106.423,2.63323,2.36846,626.834,126.215,-4.60898,-10.1522,24175.7,269.639,1,1,1,2,2,0
46,4,326.207,105.922,2.66562,2.43875,672.105,101.293,-5.39325,-7.96609,26323.4,261.201,1,1,1,2,2,0
46,5,326.23,105.893,2.63175,2.27922,710.013,123.718,-9.31559,-11.807,25953.2,279.686,1,1,2,2,4,0
46,6,327.109,106.436,1.90886,2.04283,708.974,149.979,-13.8424,-13.6914,17285.2,246.858,1,1,1,1,1,0
46,7,327.036,106.661,1.65259,2.28709,785.457,142.475,-5.25211,-8.13022,18479.1,250.059,1,1,1,1,1,0
46,8,326.652,106.668,1.94087,2.27746,674.495,150.583,0.79756,-8.26189,18533.2,262.225,1,1,1,1,1,0
46,9,326.45,106.952,2.01333,2.09863,678.215,102.881,2.84935,-9.53533,18156.8,216.379,1,1,1,1,1,0
46,10,326.461,106.826,1.78859,2.20731,718.472,83.1337,5.26267,-9.348,18976.2,201.16,1,1,1,1,1,0
46,11,326.374,107.122,1.94406,2.28085,650.884,118.313,9.06109,-18.2182,17743.6,221.385,1,1,1,1,1,0
46,12,326.227,107.305,2.26749,2.47775,615.102,84.7126,8.25458,-20.1045,22008,219.462,1,1,1,1,1,0
46,13,326.283,107.176,1.67764,2.14242,600.55,138.942,9.06744,-17.5137,13492.5,211.621,1,1,1,1,1,0
46,14,326.423,107.267,1.68584,2.02162,649.633,137.15,5.70049,-17.1875,14848.1,222.775,1,1,1,1,1,0
46,15,326.237,107.036,1.80343,2.14486,637.2,126.794,0.654814,-17.8735,15611.8,210.917,1,1,1,1,1,0
46,16,326.121,106.615,1.95903,2.61885,697.784,94.0621,1.36096,-12.3272,22407.5,228.178,1,1,1,1,1,0
46,17,326.311,106.114,2.1239,2.9681,610.211,88.7864,-2.06265,-12.4149,23772.9,228.148,1,1,1,1,1,0
46,18,326.247,106.179,2.12695,3.29319,572.091,103.388,-1.34165,-17.2327,23361.2,241.367,1,1,1,1,1,0
46,19,326.307,106.742,1.94127,2.72392,650.016,110.241,2.90407,-14.036,20961.4,242.024,1,1,1,1,1,0
46,20,326.638,106.731,1.78098,2.21247,669.808,134.194,-5.42526,-11.7104,16117.4,231.024,1,1,1,1,1,0
46,21,326.621,106.742,1.90777,1.79845,316.545,101.913,3.8629,-6.49339,6974.02,143.609,1,2,3,4,5,0
46,22,332.479,102.363,1.90824,2.09053,289.313,93.2695,5.6652,-5.27361,7248.78,135.166,1,2,3,4,5,0
46,23,332.567,102.013,4.10501,2.35374,290.49,42.1774,1.46351,-0.716728,15854.9,146.852,1,2,3,4,5,0
46,24,332.475,101.399,2.727,2.05002,449.855,57.8366,12.4831,1.50703,17854.2,165.16,1,2,3,4,5,0
46,25,334.184,102.422,2.59816,1.76539,312.374,100.691,5.13483,0.592287,8812.36,155.615,,,,,,0
47,1,328.459,488.811,2.0224,2.01872,763.199,205.465,6.16309,12.6142,19410.1,327.704,1,1,1,1,1,0
47,2,328.554,488.953,1.96155,1.99884,715.961,171.304,0.126883,9.43527,16962.5,277.012,1,1,1,1,1,0
47,3,328.592,489.02,2.08714,2.07106,821.109,128.458,-0.611892,4.44687,21624.7,263.178,1,1,1,2,3,0
47,4,328.456,489.384,2.03375,2.35017,753.773,124.928,-5.01121,-0.011477,22767.4,260.639,1,1,2,2,3,0
47,5,327.719,489.906,2.16026,2.3984,897.705,133.718,-5.34977,-5.88389,29290.8,309.509,1,1,2,2,3,0
47,6,327.053,489.605,2.00455,2.39546,1142.63,131.451,-2.69492,-3.22639,33538,332.438,1,1,2,2,3,0
47,7,326.468,489.594,1.74841,2.26754,1302.19,170.561,-1.01101,-4.27291,32183.7,358.533,1,1,1,2,2,0
47,8,326.605,489.673,1.93514,2.16415,1149.02,175.263,-4.71465,-2.58172,29735.2,350.675,1,1,1,2,2,0
47,9,327.064,489.863,1.94209,2.05888,1228.55,198.378,-6.54153,-0.581542,30776.2,381.497,1,1,1,2,1,0
47,10,327.196,489.883,1.84349,2.02999,1455.79,217.228,-4.14452,-0.363886,33532.3,416.059,1,1,1,2,1,0
47,11,327.038,489.843,1.9517,2.23382,1468.53,203.812,5.74856,-0.79185,40107.1,441.414,1,1,2,2,3,0
47,12,327.646,489.758,3.31457,2.13416,1459.28,188.155,4.39218,-1.95465,47852.6,478.456,1,1,2,2,3,0
47,13,328.341,489.797,3.61395,2.35288,1135.97,174.862,-2.92191,9.06654,43800.6,436.763,1,1,2,3,4,0
47,14,328.465,490.322,2.17678,2.21269,975.569,219.332,-14.7345,-0.889897,29132,395.692,1,1,2,3,4,0
47,15,328.762,491,1.84321,1.82234,774.585,351.487,5.40225,13.7924,9248.49,401.639,1,2,2,3,4,0
47,16,330.105,492.095,1.81936,2.13329,1214.26,203.172,-15.1168,-4.90819,29388.8,371.142,1,2,2,3,4,0
47,17,329.848,492.069,1.83088,2.28018,1002,202.64,-9.97153,-11.9612,26048,351.544,1,2,3,4,5,0
47,18,329.193,491.254,2.64062,3.064,1098.95,19.5459,-22.7727,-14.0394,56628.4,377.692,1,2,3,4,5,0
47,19,326.489,489.441,3.37541,2.07086,860.764,196.455,7.26546,-1.35445,32713.4,387.639,1,2,3,4,5,0
47,20,325.56,489.568,2.97022,2.43186,748.669,161,-10.4975,6.60195,32307.4,359.249,1,2,2,3,4,0
47,21,326.468,489.769,1.51847,1.84679,851.614,229.941,-10.4263,9.06577,14987.2,319.018,1,2,2,3,4,0
47,22,327.361,489.919,1.82109,1.85654,1188.04,200.552,-8.11509,2.32649,25183.4,342.55,1,1,1,1,1,0
47,23,327.261,489.973,1.77738,1.8035,1280.07,174.992,-4.37901,-4.97042,25743.8,324.746,1,1,1,1,1,0
47,24,327.096,489.982,1.76832,1.863,1256.13,167.265,2.73503,-0.285615,25956.3,319.515,1,1,1,1,1,0
47,25,327.21,490.051,1.91105,2.02101,1261.91,169.787,-0.356915,-0.983681,29803.7,346.74,1,1,1,1,1,0
47,26,327.531,489.894,1.95874,1.99811,1233.68,139.073,0.16091,0.326977,30592.6,318.965,1,1,1,1,1,0
47,27,327.135,489.91,1.81833,2.06105,984.579,132.307,2.09307,4.71852,23087.4,269.935,1,1,1,2,2,0
47,28,326.686,489.302,1.58374,1.80197,685.464,185.155,2.53388,8.75599,11628.8,250.166,1,1,1,2,2,0
47,29,326.943,489.585,1.99363,2.17309,501.438,145.314,-3.35565,4.35124,13532.8,224.29,1,1,1,1,1,0
47,30,326.854,489.798,2.26288,2.37868,545.759,114.952,3.8466,5.407,18108.9,220.556,,,,,,0
48,1,337.015,137.747,1.81297,1.56066,346.418,199.212,-19.039,16.177,6090.12,228.781,1,1,1,2,2,0
48,2,337.197,138.109,2.58576,1.75987,328.751,193.654,-22.7878,15.7336,9252.55,247.574,1,1,1,2,2,0
48,3,337.379,138.472,3.35856,1.95908,311.085,188.097,-26.5366,15.2902,12415,266.367,1,2,3,4,5,0
48,4,335.688,141.771,1.70835,2.8135,314.073,295.701,-6.82931,-4.7362,9470.58,343.858,1,2,3,4,5,0
48,5,337.707,138.898,1.9486,3.57831,297.165,150.761,-7.38009,6.26686,12478.2,223.391,1,2,3,4,5,0
48,6,337.236,138.157,3.23011,3.13395,300.767,73.8572,1.51595,6.47365,17632.7,192.32,1,1,2,2,3,0
48,7,337.561,138.137,2.70629,2.45439,343.621,101.823,-2.79561,6.08835,13343.8,189.166,1,1,2,2,2,0
48,8,337.496,138.709,2.27249,2.12384,348.303,133.648,-2.6947,4.09176,10414.8,191.692,1,1,1,2,2,0
48,9,337.095,138.925,1.86863,2.22693,337.289,173.948,1.03403,11.5233,8750.2,221.763,1,1,1,2,2,0
48,10,337.182,138.626,1.82488,1.81896,461.999,172.799,-1.93132,8.97131,9616.47,227.308,1,1,1,2,2,0
48,11,337.762,138.092,1.32451,2.3874,414.641,148.485,-0.451055,7.80215,8146.1,207.402,1,1,1,1,1,0
48,12,337.601,138.196,1.57081,1.87946,329.995,150.939,-2.26009,8.57781,6112.37,190.213,1,1,1,1,1,0
48,13,337.584,138.062,1.90442,2.05934,287.922,145.355,-5.3446,4.89984,7058.69,192.207,1,1,1,1,1,0
48,14,337.908,137.669,1.73867,1.84416,395.92,143.587,-6.55537,6.55011,7963.08,190.095,1,1,1,1,1,0
48,15,337.846,137.813,1.81738,1.88823,379.66,154.468,-11.8635,11.597,8167.73,207.834,1,1,1,1,1,0
48,16,337.701,137.769,2.16604,2.06588,335.525,179.801,-15.3174,17.0617,9478.43,239.538,1,1,1,1,1,0
48,17,337.545,137.525,2.05135,2.46073,272.852,187.674,-9.6471,21.4987,8356.38,240.515,1,1,2,3,4,0
48,18,337.136,138.253,2.04921,2.66462,315.647,155.384,-1.57024,18.0344,10534.6,225.917,1,1,2,3,4,0
48,19,336.896,139.01,1.68423,1.98365,507.11,185.005,0.758753,6.11821,10618,249.225,1,1,2,3,4,0
48,20,337.478,138.604,2.48577,1.90931,460.562,174.311,-9.11808,0.361838,14055,251.864,1,1,2,3,4,0
48,21,337.98,138.219,2.65444,1.8047,471.44,159.793,-13.6378,0.850266,13853.9,249.852,1,1,2,3,3,0
48,22,338.317,138.063,3.28593,1.81453,451.21,162.854,-11.1133,-3.97268,15742.5,262.704,1,1,2,3,4,0
48,23,338.342,137.811,3.94566,1.77819,360.951,170.562,-9.14209,4.49101,13859.1,254.438,1,2,2,3,4,0
48,24,337.186,137.644,4.03845,2.20974,290.915,138.953,4.08992,9.28198,14745.9,233.882,1,2,2,3,4,0
48,25,337.358,138.586,1.67424,1.91917,329.611,212.332,11.7507,3.7931,7463.34,253.32,1,2,2,3,4,0
48,26,336.959,137.78,1.51679,1.86435,332.268,179.503,6.14167,6.42551,5902.37,204.888,,,,,,0
49,1,361.439,183.443,2.16918,2.30124,473.214,86.4118,2.07902,-4.21835,14604.4,176.183,1,1,2,3,4,0
49,2,361.19,183.84,2.24906,2.01434,476.667,119.478,8.02178,-10.1389,13432.2,204.331,1,1,2,3,4,0
49,3,362.123,183.569,2.94193,1.76827,466.017,143.665,14.9993,-1.72017,14087,228.621,1,1,2,3,4,0
49,4,361.692,183.819,3.483,1.87662,458.611,111.842,10.7082,-5.20718,17400.6,218.237,1,1,2,3,4,0
49,5,361.26,184.069,4.02406,1.98497,451.205,80.0193,6.41706,-8.69418,20714.3,207.852,1,2,2,3,4,0
49,6,361.616,184.905,3.86867,1.52882,439.489,149.84,9.28573,-15.3482,13719.8,225.533,1,2,2,3,4,0
49,7,360.845,184.091,3.02707,2.10008,444.481,116.197,17.9746,-11.1899,16870.9,214.059,1,2,2,3,4,0
49,8,362.413,183.212,2.82579,1.93424,594.943,157.324,11.602,-10.0604,19220.1,256.071,1,1,2,3,4,0
49,9,362.121,183.203,2.61215,2.36747,675.914,119.262,13.219,-8.65751,25431.1,264.698,1,1,2,3,4,0
49,10,362.414,183.662,2.26353,2.24745,839.515,124.389,8.43901,-8.86162,26656.9,281.018,1,1,2,3,4,0
49,11,362.502,184.349,1.9897,2.10372,1026.85,131.51,8.41972,-14.6867,26044.8,285.858,1,1,2,3,4,0
49,12,362.26,184.242,2.15537,2.04155,891.902,122.371,6.2898,-13.4371,23919,260.42,1,1,2,3,4,0
49,13,362.254,183.51,2.41299,2.30688,789.216,94.1406,5.69179,-14.0025,26969.8,254.136,1,1,2,3,4,0
49,14,362.618,183.161,3.15275,2.73774,685.793,57.5811,3.11182,-11.6549,34068.6,267.112,1,2,2,3,4,0
49,15,363.665,182.63,2.61364,2.24364,657.458,132.233,-10.6016,-1.83998,22924.8,261.509,1,2,2,3,4,0
49,16,362.279,182.758,2.37765,2.53137,652.078,108.275,3.02366,-10.5136,23946,246.355,1,2,2,3,4,0
49,17,361.807,182.034,1.99511,2.91137,751.34,122.568,-2.82848,-1.71903,26155.4,275.272,1,1,2,3,4,0
49,18,361.348,182.538,2.0826,2.84157,754.093,127.989,3.40968,-3.26707,25691.1,281.621,1,1,2,3,4,0
49,19,361.334,182.667,2.2022,2.41845,891.953,118.684,2.0933,-4.83226,29381.8,298.905,1,1,2,3,4,0
49,20,360.781,182.829,2.36195,2.74067,829.058,130.096,9.14015,-9.35415,31987.1,325.521,1,2,2,3,4,0
49,21,361.405,184.417,2.12777,1.48833,761.123,209.957,-3.99275,-28.128,14748.7,290.533,1,2,2,3,4,0
49,22,360.379,184.28,2.86328,1.82328,499.313,162.227,6.46432,-9.41055,15759.9,246.899,,,,,,0
50,1,402.006,387.366,2.30678,2.20316,705.202,128.3,-3.92046,1.23587,23139.6,264.432,1,1,1,1,1,0
50,2,401.546,387.617,2.15124,2.16246,692.475,116.711,3.08825,2.06041,20004.1,241.615,1,1,1,1,1,0
50,3,401.766,387.542,2.12075,2.07069,569.422,111.84,-1.45181,-4.41481,15043.1,204.781,1,1,1,1,1,0
50,4,401.764,387.318,2.40438,2.15885,644.627,85.5875,-0.561709,-1.09446,21743.4,213.568,1,1,1,1,1,0
50,5,401.781,387.702,2.19852,2.22141,705.404,83.9443,3.43748,-2.80492,21622.8,212.87,1,1,1,1,1,0
50,6,401.751,387.657,2.09915,2.18719,679.561,84.0181,-0.534135,-3.97321,19120,198.876,1,1,1,1,1,0
50,7,401.534,387.348,1.99483,2.03837,730.026,100.256,-1.70783,-6.53734,18531.5,206.953,1,1,1,1,1,0
50,8,401.693,387.404,2.07111,2.11104,641.297,109.191,-3.73112,-2.23637,17465.5,207.604,1,1,1,1,1,0
50,9,401.526,387.283,2.1286,2.28236,726.952,87.9457,0.496166,0.21336,22309.7,216.101,1,1,1,1,1,0
50,10,401.417,387.02,2.02612,2.02356,773.504,96.949,-2.36042,1.6033,19804.5,214.462,1,1,1,1,1,0
50,11,401.664,387.331,2.32995,2.11475,621.842,83.5689,1.29485,-0.0724759,18966,198.432,1,1,1,1,1,0
50,12,401.683,387.505,2.17947,2.34122,704.083,83.4492,-0.979459,-1.94528,21531.6,214.923,1,1,1,2,3,0
50,13,401.026,387.107,1.99824,2.01668,724.045,132.731,5.55484,2.70675,18239.5,232.538,1,1,1,2,2,0
50,14,401.492,387.518,1.79752,2.1733,557.2,128.133,-3.45126,3.04393,12174.8,201.645,1,1,1,1,1,0
50,15,401.541,387.54,2.30051,2.45772,533.007,93.0736,0.296354,-2.84952,18551.7,204.71,1,1,1,1,1,0
50,16,401.305,387.504,2.18392,2.03009,637.229,110.997,5.25478,-2.76551,17578.5,211.905,1,1,1,1,1,0
50,17,401.366,387.415,2.05788,1.91673,696.373,96.5267,4.31024,-4.22189,17160.2,202.763,1,1,1,1,1,0
50,18,401.359,387.464,2.28588,2.16199,585.885,99.2946,2.10656,-3.97909,17918.7,210.852,1,1,1,1,1,0
50,19,401.284,387.355,2.13459,2.0648,696.695,115.394,-1.69993,-5.7712,18451.8,224.746,1,1,1,1,1,0
50,20,401.017,386.907,2.21793,2.24996,635.2,89.1239,0.164863,-0.462618,19632.8,210.876,1,1,1,1,1,0
50,21,401.55,387.088,2.11525,2.2734,536.903,84.6926,-2.21828,-1.39518,15768.4,178.633,1,1,1,1,1,0
50,22,401.535,387.496,1.75391,2.22607,620.919,91.6119,-4.5744,-1.30084,15214.6,180.692,1,1,1,1,1,0
50,23,401.416,387.643,1.87162,2.27306,620.669,82.5021,-6.07785,-3.06537,16423.5,184.296,1,1,1,1,1,0
50,24,401.326,387.69,2.08542,2.1385,573.443,72.1919,-0.837161,-3.72326,16533.5,174.556,1,1,1,1,1,0
50,25,401.362,387.832,1.89114,2.2254,483.671,80.0435,-3.54645,-6.79664,12683.5,153.55,1,1,1,1,1,0
50,26,401.007,387.325,2.19561,2.48614,451.571,71.5986,-3.22493,-3.92174,15151.4,165.456,1,1,1,1,1,0
50,27,400.989,387.188,2.65406,2.61535,418.433,74.3922,-3.66285,-3.99112,17450.2,180.627,1,1,1,1,1,0
50,28,401.045,387.403,2.22663,2.34338,419.438,88.7991,-4.09171,-7.76159,13136.8,167.822,1,1,1,1,1,0
50,29,400.94,387.329,2.48677,2.40141,434.913,87.45,-3.91492,-8.6871,15867.9,183.426,1,1,1,1,1,0
50,30,400.814,387.731,2.37255,2.23354,444.826,89.7957,-0.707144,-5.37815,14541.7,179.178,1,1,1,1,1,0
50,31,401.236,387.873,2.15842,2.16937,503.404,79.0334,-2.7932,-3.92294,14608.7,166.059,1,1,1,1,1,0
50,32,401.046,387.471,2.04694,2.40271,517.338,92.739,1.14456,-4.82073,15721.5,183.669,1,1,1,1,1,0
50,33,401.406,387.272,1.78064,1.81945,703.145,113.642,1.67064,-5.7425,14287.3,193.13,1,1,1,1,1,0
50,34,401.776,387.461,1.84341,1.82802,652.89,92.5703,1.56739,-1.7133,13791.5,175.012,1,1,1,1,1,0
50,35,401.924,387.533,1.53918,1.76952,662.699,108.829,-2.37401,-3.0838,11009.1,170.036,1,1,1,1,1,0
50,36,401.82,387.04,1.73707,1.82657,679.532,105.943,1.12091,-2.06986,13528.3,179.586,1,1,1,1,1,0
50,37,401.739,387.069,1.94483,1.90332,637.558,96.1484,0.512287,-3.82525,14777.5,180.787,1,1,1,1,1,0
50,38,401.554,386.943,2.21902,2.16882,646.772,72.7284,0.3614,-5.29245,19915,191.722,1,1,1,1,1,0
50,39,401.321,387.444,2.45355,2.37222,545.707,67.7472,-0.596157,-4.75319,19424,182.663,1,1,1,1,1,0
50,40,401.042,387.457,2.28631,2.43869,508.186,67.4182,1.87617,-0.915053,17394.9,169.485,1,1,1,1,1,0
50,41,401.257,387.183,2.10242,1.97814,603.532,85.3643,0.834333,-2.51317,15668.3,176.03,1,1,1,1,1,0
50,42,401.462,387.152,2.10023,2.3589,568.5,71.1492,-2.82308,-2.12626,17425.2,176.053,1,1,1,1,1,0
50,43,401.369,387.203,1.97173,2.37791,642.292,57.4963,0.886089,-2.49053,18660.7,171.769,1,1,1,1,1,0
50,44,401.557,386.981,2.15536,2.27536,602.521,73.139,1.97225,0.540424,18203.8,178.959,1,1,1,2,2,0
50,45,401.802,387.476,2.11459,2.26298,526.208,79.1388,-3.63978,-3.98239,15639.6,169.651,1,1,2,2,3,0
50,46,401.223,388.104,2.117,2.13205,593.844,66.9657,-0.0203259,-3.23348,16689.9,168.858,1,1,1,2,2,0
50,47,401.145,387.657,2.15834,1.94301,568.397,75.4557,1.01525,-1.76547,14868.8,163.822,1,1,1,1,1,0
50,48,401.278,387.631,1.93635,2.06889,518.971,102.423,2.37791,-2.42921,12625.6,177.03,1,1,1,1,1,0
50,49,401.366,387.794,2.15069,2.426,553.99,80.3738,-0.300134,-6.57771,18082,191.888,1,1,1,1,1,0
50,50,401.318,387.651,1.92748,2.02072,760.493,76.2218,1.50074,-2.99516,18471.4,185.828,1,1,1,2,1,0
50,51,401.432,387.041,1.94025,2.01322,731.816,87.2294,-0.198701,1.20354,17539.7,190.065,1,1,1,2,1,0
50,52,401.507,387.301,2.21228,2.30178,621.269,67.2155,1.5451,-2.94152,19546.1,188.882,1,1,1,2,2,0
50,53,401.643,387.619,2.048,2.25214,593.329,87.9491,-1.48967,0.17603,16995.4,189,1,1,1,2,2,0
50,54,401.675,387.273,1.79886,2.10128,618.59,100.35,-0.942357,6.23669,14615.9,182.988,1,1,2,2,3,0
50,55,401.047,387.57,1.85129,2.3635,605.935,105.381,2.2228,-1.20361,16443.9,205.272,1,1,2,2,3,0
50,56,400.762,387,1.8688,2.26142,613.773,106.541,3.79214,2.32704,16755.3,204.195,1,1,1,2,3,0
50,57,401.367,387.331,2.04407,2.46738,450.212,84.5593,2.77139,-2.63702,14099.4,167.136,1,1,1,1,1,0
50,58,401.66,387.259,2.06694,2.09532,471.964,103.317,0.410201,3.5501,12576,178.503,1,1,1,1,1,0
50,59,401.589,387.177,1.89303,1.97144,605.139,115.485,-2.43748,6.23527,14134.5,195.763,1,1,1,1,1,0
50,60,401.258,387.181,1.73284,2.09093,741.382,119.389,2.19987,0.408979,16803.5,216.29,1,1,1,1,1,0
50,61,401.285,387.463,2.02094,2.2218,639.885,123.998,4.35377,-3.76348,17391.5,225.811,1,1,1,1,1,0
50,62,401.162,387.422,2.12067,2.41902,675.919,107.195,3.48581,2.89782,22130.5,239.899,1,1,1,1,1,0
50,63,401.245,387.193,1.93563,2.38521,593.092,105.763,7.5044,5.7411,16974.6,208.337,1,1,1,1,1,0
50,64,401.342,387.55,1.88868,2.14918,523.546,80.1842,3.39044,0.447883,13588.3,160.834,1,1,1,1,1,0
50,65,401.423,387.318,2.0316,2.20011,453.527,76.1764,0.638544,-1.96539,12610.4,156.964,1,1,1,1,1,0
50,66,401.301,386.845,2.27202,2.58922,539.141,47.6147,-0.858964,0.530902,19368.3,167.426,1,1,1,1,1,0
50,67,401.179,387.249,2.05813,2.24267,599.108,67.9626,0.885493,-6.04113,17189.5,169.041,1,1,1,1,1,0
50,68,400.817,387.279,2.23324,2.27926,601.515,71.9956,3.33342,-4.44644,18943.2,186.645,1,1,1,1,1,0
50,69,401.188,387.265,2.08625,2.37275,629.448,97.0216,-2.53424,3.13551,19281.1,211.302,1,1,1,1,1,0
50,70,401.49,387.612,1.87618,2.32817,615.35,122.397,-6.1277,1.6145,15311.4,207.757,1,1,1,1,1,0
50,71,401.443,387.175,2.04971,2.34227,625.191,110.44,-3.63936,3.96784,18316.6,215.107,1,1,1,1,1,0
50,72,401.514,387.134,2.324,2.2597,594.324,107.791,-4.4798,6.28224,19251.6,214.42,1,1,1,1,1,0
50,73,401.716,387.537,2.0245,1.84956,487.745,140.785,-8.98863,3.50824,10492.4,192.337,1,1,1,1,1,0
50,74,401.525,387.871,1.87461,1.78677,592.668,135.978,-5.01842,-0.816699,12443.7,201.55,1,1,1,1,1,0
50,75,401.39,387.883,2.03531,1.88278,643.902,126.345,0.791308,-6.06578,15430.2,217.775,1,1,1,2,2,0
50,76,401.12,387.215,1.94367,2.07029,600.24,128.467,2.76435,-0.674285,15093.5,215.272,1,1,1,2,2,0
50,77,401.138,387.677,2.20084,2.60446,588.371,69.5275,4.96737,-1.95096,22681.6,211.763,1,1,1,1,2,0
50,78,401.172,387.986,1.95081,2.24284,644.108,102.264,-0.157471,-3.31629,17458.6,206.296,1,1,1,1,1,0
50,79,401.514,387.621,1.98831,1.73971,548.727,100.312,-2.03794,-4.18351,12819.9,172.604,1,1,1,1,1,0
50,80,401.721,387.399,2.16602,1.96096,467.209,100.447,0.85271,-3.24101,12315.2,170.101,1,1,1,1,1,0
50,81,401.426,387.524,2.30227,2.08756,489.462,95.8218,1.19175,-0.921344,13265,173.112,1,1,1,1,1,0
50,82,401.241,387.026,1.77693,2.25375,624.814,100.408,4.37087,-4.38316,15596.7,190.13,1,1,1,1,1,0
50,83,401.495,387.367,1.85399,2.1792,473.085,115.105,2.99457,-7.11133,10927.9,182.71,1,1,1,1,1,0
50,84,401.333,387.584,1.953,2.04177,480.732,95.6345,1.63725,-5.39682,12145.8,167.018,1,1,1,1,1,0
50,85,401.286,387.673,1.98261,2.24962,569.488,92.5825,0.493437,-6.61362,15795.8,188.467,1,1,1,1,1,0
50,86,401.492,387.482,2.11209,2.33005,580.922,85.5441,-1.47379,-5.1705,17479.8,191.817,1,1,1,1,1,0
50,87,401.118,387.28,2.21585,2.42393,498.702,74.6688,0.812191,-3.99798,16500.4,176.183,1,1,1,1,1,0
50,88,401.04,387.328,2.13373,2.0991,423.173,114.699,3.33265,-4.54387,11486.5,179.479,1,1,1,1,1,0
50,89,401.514,387.812,2.08146,1.93097,492.03,102.045,-0.00929278,-5.62898,12258.8,175.426,1,1,1,1,1,0
50,90,401.844,387.997,1.92997,1.98015,640.453,81.6201,1.33289,-1.10828,15318.2,176.734,1,1,1,1,1,0
50,91,401.706,388.147,1.75174,1.97996,667.725,85.9524,-1.08798,-4.60772,14509.6,171.734,1,1,1,1,1,0
50,92,401.454,387.886,1.76794,2.02195,662.504,81.0931,1.2229,-2.50178,14826.4,166.728,1,1,1,1,1,0
50,93,401.186,387.567,1.80586,2.03092,529.187,102.631,3.3917,1.71484,11923.1,170.627,1,1,1,1,1,0
50,94,400.988,387.479,1.832,2.03604,502.807,94.8761,0.738962,1.00949,11729.2,161.935,1,1,1,1,1,0
50,95,401.339,387.76,2.10905,2.16464,541.4,78.3229,-1.73609,-4.16055,15374.7,169.598,1,1,1,1,1,0
50,96,401.672,387.638,2.2351,2.27276,550.188,67.9438,-1.14804,-2.83527,17281.2,167.811,1,1,1,1,1,0
50,97,401.77,387.878,2.04684,2.14867,502.39,83.2975,-1.91886,-2.29336,13328,160.154,1,1,1,1,1,0
50,98,401.617,387.827,2.14345,2.00195,516.238,63.7492,1.17802,-1.88353,14502,149.757,1,1,1,1,1,0
50,99,401.451,387.494,1.97524,2.28855,470.608,60.1499,1.68098,1.41084,13531.9,139.852,1,1,1,1,1,0
50,100,401.689,387.735,1.66377,2.72098,475.658,60.7382,-1.21961,-1.16832,13284.9,138.456,1,1,1,1,1,0
50,101,401.707,387.758,1.99599,1.92162,558.312,90.5851,-1.78875,-1.48904,13396.1,169.639,,,,,,0
51,1,414.667,490.037,1.90177,1.77492,688.085,362.813,21.4696,-28.3921,14560.3,432.834,1,1,2,2,3,0
51,2,414.759,490.688,1.61988,1.83136,641.26,339.535,28.0372,-36.2646,13191.6,410.562,1,1,2,2,3,0
51,3,415.184,491.445,1.97621,2.55323,720.225,198.011,5.75184,-17.5824,21721.1,332.355,1,1,1,1,1,0
51,4,415.323,491.148,2.0752,2.33753,578.394,169.519,4.61803,-11.5985,17387,272.491,1,1,1,1,1,0
51,5,415.405,491.444,1.59758,1.91013,639.432,173.222,1.28529,-7.93324,12234,244.124,1,1,1,1,1,0
51,6,415.374,491.562,1.74876,1.94389,757.202,142.941,5.18003,2.35869,16125,244.325,1,1,1,1,1,0
51,7,415.517,491.405,2.07079,1.9014,676.271,146.68,8.74486,-2.04844,16940.8,246.367,1,1,1,1,1,0
51,8,415.59,490.977,2.26999,2.26065,531.466,137.761,7.58574,-4.65643,17649.7,258.444,1,1,1,1,2,0
51,9,415.715,491.397,2.26869,2.62214,518.12,134.6,1.85507,-2.95897,19847.2,252.633,1,1,1,2,2,0
51,10,415.823,491.988,1.92405,2.30762,600.36,143.36,0.126006,-1.9822,16573.3,248.71,1,1,1,1,2,0
51,11,415.326,491.892,1.98467,2.24992,540.914,137.951,-2.08866,-10.2615,15028.2,232.42,1,1,1,1,1,0
51,12,414.996,491.874,1.82193,2.43059,549.732,153.169,-0.692254,-9.33908,15084,248.698,1,1,1,1,1,0
51,13,415.135,492.267,1.8616,2.39207,654.058,149.142,0.261274,-13.2321,18059.8,253.018,1,1,1,1,1,0
51,14,414.907,492.149,1.90214,1.93294,588.892,166.995,3.70887,-9.4242,13561,240.728,1,1,1,1,1,0
51,15,414.668,492.329,1.90155,1.80022,600.928,166.029,0.454386,-6.8351,12892.2,237.604,1,1,1,1,1,0
51,16,415.013,492.814,1.8586,1.83531,639.305,184.082,4.64905,-7.83645,13673.5,263.929,1,1,1,1,1,0
51,17,414.945,492.767,1.76844,1.76814,701.57,179.445,7.3811,-10.0571,13766.3,257.444,1,1,1,1,1,0
51,18,414.928,492.654,1.69942,2.0381,607.937,205.306,5.42362,-6.08805,13181,279.953,1,1,1,1,1,0
51,19,414.917,492.269,1.70016,2.18309,459.977,186.037,1.27595,1.78456,10659.7,244.533,1,1,1,1,1,0
51,20,414.971,492.669,2.24659,2.42104,464.649,127.811,4.48077,-0.320385,15555.5,221.337,1,1,1,1,1,0
51,21,415.161,492.826,2.05134,2.20876,667.587,153.058,6.44278,-1.56475,18824.3,269.059,1,1,1,1,1,0
51,22,415.288,492.665,2.07266,2.15669,707.167,147.144,7.92566,6.72635,19677,266.941,1,1,1,1,1,0
51,23,415.152,492.716,1.74309,2.1914,667.259,141.806,9.65625,9.04712,15909.4,236.663,1,1,1,1,1,0
51,24,415.175,492.688,1.55847,2.09632,656.34,156.689,9.21192,9.28525,13419.9,241.314,1,1,1,1,1,0
51,25,415.29,492.373,1.47532,2.14891,701.285,184.994,4.39601,7.89926,15000,270.627,1,1,1,1,1,0
51,26,415.173,492.812,1.80497,2.21814,704.76,169.444,4.45102,1.78643,17598.6,271.089,1,1,1,1,1,0
51,27,415.016,492.624,1.95079,2.00815,699.165,139.556,2.51723,1.19923,17125.6,243.929,1,1,1,1,1,0
51,28,415.421,492.79,1.98522,2.28204,629.047,135.235,0.14341,-1.80739,17707.4,243.479,1,1,1,1,1,0
51,29,415.445,492.644,2.00965,2.5354,556.542,144.441,3.72475,1.9164,18285.8,250.722,1,1,1,1,1,0
51,30,415.417,492.798,1.97884,2.41489,605.974,152.529,0.480155,0.0235001,17916,258.237,1,1,1,1,1,0
51,31,415.321,492.881,1.87986,2.07633,680.604,159.694,-1.22884,-4.16154,16607.6,257.225,1,1,1,1,1,0
51,32,415.33,492.595,1.72397,2.21383,737.528,159.238,3.2804,-3.97574,17550.2,260.899,1,1,1,1,1,0
51,33,415.227,492.638,1.64651,2.15815,659.859,163.004,3.11499,-6.35778,14645.5,250.473,1,1,1,2,1,0
51,34,415.15,493.134,1.93236,2.10255,498.548,153.501,2.50124,-11.8141,12653.6,218.876,1,1,2,2,3,0
51,35,415.732,493.199,2.53948,2.59198,524.718,126.244,4.52647,-12.9078,21354.4,250.45,1,1,2,2,3,0
51,36,416.511,492.54,2.28156,2.44987,686.378,123.859,-3.91192,-11.9036,24430.7,270.722,1,1,1,2,3,0
51,37,416.304,492.472,2.21775,2.34323,642.417,94.4724,-4.0684,-7.82229,20594.1,223.331,1,1,1,2,2,0
51,38,416.446,491.943,1.83643,2.10158,531.784,114.379,-1.66418,-0.268369,12827.8,196.941,1,1,1,2,2,0
51,39,416.916,491.773,1.83246,1.96909,543.161,123.961,-5.45519,-1.86931,12276.1,205.112,1,1,1,1,1,0
51,40,417.14,491.961,2.10089,2.2388,472.764,113.538,-7.05685,-5.32656,13819.4,208.012,1,1,1,1,1,0
51,41,416.932,491.851,2.0674,2.26281,551.689,116.543,-5.29314,-4.72112,16037.5,219.994,1,1,1,1,1,0
51,42,417.022,492.379,1.82753,2.3736,558.148,129.887,-1.03673,-11.4484,14561.9,212.793,1,1,1,1,1,0
51,43,417.033,492.371,1.75755,2.18761,580.424,126.593,-6.7468,-10.8175,13926.7,207.414,1,1,1,1,1,0
51,44,416.721,492.575,1.71637,2.09717,695.539,144.816,-3.60658,-6.4928,15650.5,233.195,1,1,1,1,1,0
51,45,416.968,492.642,2.1246,2.14132,731.839,121.251,-3.10726,-5.90869,20718.3,243.751,1,1,1,1,1,0
51,46,416.568,492.37,2.06124,2.28082,664.665,122.457,-3.5731,-1.36348,19883.6,240.485,1,1,1,1,1,0
51,47,416.758,492.194,1.73467,2.1092,666.161,161.648,-11.5919,1.52504,15846.3,258.917,1,1,1,1,1,0
51,48,416.866,492.408,1.89762,1.84961,715.279,158.031,-7.35404,-1.60664,16480.7,257.296,1,1,2,3,4,0
51,49,416.729,491.54,1.88873,1.85832,514.116,177.803,-8.26449,-3.9097,11304.4,246.414,1,1,2,3,4,0
51,50,416.782,490.811,1.74536,1.38913,619.845,232.086,-11.9131,-7.22188,9437.84,297.669,1,1,2,3,4,0
51,51,416.317,490.93,1.84109,1.83858,564.562,270.908,0.541287,-10.9062,11982.2,348.367,1,2,2,3,4,0
51,52,417.252,491.755,3.01347,2.01273,470.098,258.206,12.4803,-10.6072,17042.7,357.751,1,2,2,3,4,0
51,53,417.807,491.617,2.82988,2.24511,597.291,208.127,9.81071,-0.600715,22863.8,356.373,1,2,3,4,5,0
51,54,419.53,492.395,3.67106,2.34635,744.698,169.33,-6.35025,-9.71103,36200.7,389.107,1,2,3,4,5,0
51,55,417.119,492.862,3.27756,1.85705,552.596,196.246,10.8433,-7.85911,19712.7,333.219,1,2,3,4,5,0
51,56,417.596,492.92,3.19421,1.78226,519.283,220.111,8.40532,-4.67811,19102.5,330.686,1,2,3,4,5,0
51,57,420.253,492.322,3.19918,1.976,820.529,174.271,-16.1322,-3.93699,30287.6,356.379,1,1,1,1,1,0
51,58,420.454,492.24,3.3017,1.9789,909.855,149.748,-20.4888,-6.95983,34348.3,363.355,1,1,1,1,1,0
51,59,420.44,491.892,3.75448,2.3199,826.202,147.718,-14.893,-0.0311245,39810.3,395.337,1,1,1,1,1,0
51,60,420.473,492.031,3.2756,2.27901,852.28,179.365,-9.11479,-7.44928,37932.8,405.349,1,1,1,1,1,0
51,61,420.146,491.954,3.29513,2.68721,702.978,176.024,4.40851,-2.03946,35686.7,392.296,1,1,1,2,2,0
51,62,419.92,491.326,3.02617,2.8131,749.045,149.872,-1.92531,3.85011,36935.4,378.965,1,1,1,2,2,0
51,63,419.631,490.994,2.23246,2.24735,960.79,213.133,-11.1901,2.40772,29847,392.308,1,1,1,2,2,0
51,64,419.869,490.644,2.71669,1.95829,746.304,218.066,-25.3519,-12.2396,24961.8,373.201,1,2,3,4,5,0
51,65,418.5,489.173,3.10134,2.08829,742.729,217.337,-13.8935,-17.8599,28446.7,385.864,,,,,,0
52,1,430.245,105.31,1.89168,2.30798,821.796,98.2438,5.30724,-6.28381,22298.8,231.172,1,1,1,1,1,0
52,2,430.287,105.243,1.89744,2.34579,831.322,126.747,9.52662,-5.00255,22972.2,262.74,1,1,1,1,1,0
52,3,430.017,105.058,1.77989,1.62931,934.516,161.312,9.82821,-4.46822,17015.9,257.024,1,1,1,1,1,0
52,4,430,105.051,1.84683,1.74631,848.475,145.271,10.5151,-8.10383,17170.1,243.556,1,1,1,1,1,0
52,5,430.33,104.945,1.95019,2.18584,824.316,177.25,9.45549,-9.48472,21596,302.781,1,1,1,1,1,0
52,6,430.149,105.212,1.93467,2.37649,864.338,187.76,17.1315,-4.63221,24643.8,332.32,1,1,1,1,1,0
52,7,430.157,105.052,1.99181,2.19302,999.176,135.963,11.6844,1.18924,27198.1,294.349,1,1,1,1,1,0
52,8,430.222,105.372,2.0375,2.00476,926.062,129.388,7.72317,-6.8828,23623.7,265.012,1,1,1,1,1,0
52,9,430.397,105.443,2.10315,2.29919,916.755,97.6514,-1.21687,-12.0901,27452.5,264.041,1,1,1,1,1,0
52,10,430.193,105.231,1.99705,2.34261,947.451,74.0789,-1.41297,-8.16315,27940.5,244.604,1,1,1,1,1,0
52,11,430.309,105.307,2.12421,2.36034,740.003,87.5898,-0.498775,-3.88163,22943.2,223.024,1,1,1,1,1,0
52,12,430.391,105.26,2.23537,2.52396,745.997,62.5504,-0.104602,-5.57291,25788.4,219.154,1,1,1,1,1,0
52,13,430.172,105.497,2.0165,2.16917,802.106,88.4567,5.63149,-4.2609,21841.3,217.604,1,1,1,1,1,0
52,14,430.403,105.512,1.63855,1.89229,740.823,171.672,-10.6749,4.67263,9228.14,219.959,1,1,1,1,1,0
52,15,430.298,105.628,1.91676,1.79022,757.144,107.973,2.72223,-1.3729,16281.2,201.675,1,1,1,1,1,0
52,16,429.732,105.74,1.88089,1.94872,549.964,100.824,7.10038,-8.43999,12622.2,170.592,1,1,1,1,1,0
52,17,429.953,105.406,2.12222,2.07978,465.538,66.0473,3.69455,-2.23189,12800,140.189,1,1,1,1,1,0
52,18,430.142,105.314,2.18255,2.27693,482.314,49.8975,3.85792,-0.759582,14954.5,142.817,1,1,1,1,2,0
52,19,430.493,104.943,1.95339,2.32827,600.997,86.774,-0.945228,-0.758037,16911.7,187.201,1,1,1,2,2,0
52,20,430.259,105.676,1.73868,1.81486,734.029,120.536,-0.0103818,-3.63764,14531.1,205.136,1,1,1,1,1,0
52,21,429.972,105.704,1.86848,1.70966,723.637,104.445,3.75916,-1.81247,14501,186.136,1,1,1,1,1,0
52,22,429.87,105.745,1.82059,1.67498,788.971,112.737,8.5714,-9.47509,14532,189.426,1,1,1,1,1,0
52,23,429.862,105.47,1.9552,1.86341,714.805,103.294,4.6876,-6.12638,14783.5,190.893,1,1,1,1,1,0
52,24,429.958,105.475,1.67469,1.96172,744.17,88.2105,1.81001,-2.94352,14898.4,174.663,1,1,1,1,1,0
52,25,430.11,105.371,1.76827,2.07137,716.508,102.922,2.74042,-1.77578,16414,196.444,1,1,1,1,1,0
52,26,430.184,105.41,2.00922,2.2403,670.788,98.9118,3.88067,-6.43958,18771.7,208.68,1,1,1,1,1,0
52,27,430.246,105.268,2.13653,2.06898,738.652,99.8161,3.40284,-7.01195,20340.3,220.337,1,1,1,1,1,0
52,28,430.249,105.334,1.93101,2.28851,646.77,92.4652,1.81711,-8.27309,17765.6,197.852,1,1,1,1,1,0
52,29,430.228,105.515,1.96706,2.37618,579.707,78.9904,1.32784,-10.6247,17928.7,183.722,1,1,1,1,1,0
52,30,430.179,105.88,1.6352,1.9782,715.172,104.604,4.64457,-13.3269,14500.4,197.308,1,1,1,1,1,0
52,31,430.263,105.435,1.91042,2.21415,700.736,106.953,8.04917,-10.9054,18457.1,215.408,1,1,1,1,1,0
52,32,430.095,105.515,2.0344,2.28397,678.156,98.5262,6.92458,-12.1475,19973.4,217.101,1,1,1,1,1,0
52,33,430.129,105.758,1.98671,2.25497,689.063,83.8188,6.09976,-12.7972,19804.8,204.852,1,1,1,1,1,0
52,34,430.045,105.613,2.21166,2.46309,759.678,60.8121,5.43432,-13.0564,27300.3,229.107,1,1,1,1,1,0
52,35,430.322,105.482,1.99137,2.31347,816.628,101.442,3.08609,-11.2064,23328.8,239.361,1,1,1,1,1,0
52,36,430.33,105.615,1.87343,2.24425,748.361,94.7775,-0.70814,-8.56636,19473.1,210.485,1,1,1,1,1,0
52,37,430.211,105.552,2.05023,2.21684,685.631,69.3868,3.6258,-4.4673,20211.4,191.089,1,1,1,1,1,0
52,38,430.17,105.712,1.97909,2.24774,619.048,86.4485,2.93231,-7.92988,17132.4,187.503,1,1,1,1,1,0
52,39,430.382,105.867,2.08491,2.3191,588.638,94.0444,1.163,-14.3748,17642.1,198.586,1,1,1,1,1,0
52,40,430.237,105.409,2.29491,2.37188,698.06,93.6108,0.677477,-9.38404,23565,233.87,1,1,1,1,1,0
52,41,430.155,105.035,2.221,2.66283,783.508,50.236,2.45056,1.1127,29089.3,222.586,1,1,1,1,1,0
52,42,430.287,105.444,1.96495,2.47349,661.009,100.449,3.80811,-5.29123,19813.8,211.858,1,1,1,1,1,0
52,43,430.191,105.591,1.96765,2.43828,632.183,100.005,4.51343,-10.7914,18739.6,208.107,1,1,1,1,1,0
52,44,429.902,105.793,1.85105,2.57613,656.735,104.994,6.13304,-11.786,19273.2,215.651,1,1,1,1,1,0
52,45,430.046,105.265,2.06427,2.82499,630.367,87.895,7.15251,-8.2834,22248,221.331,1,1,1,1,1,0
52,46,430.148,105.156,1.62263,1.93152,708.874,138.455,8.60097,-6.4414,13932.5,211.355,1,1,1,1,1,0
52,47,430.237,105.332,1.64111,2.03724,686.796,133.304,4.31415,-4.25473,14376.1,212.195,1,1,1,1,1,0
52,48,430.054,105.529,1.81114,1.98701,703.454,141.132,7.05042,-6.79471,15214,227.627,1,1,1,1,1,0
52,49,430.198,105.509,1.89123,2.01944,820.535,110.416,5.20619,-6.21785,19835.7,227.166,1,1,1,1,1,0
52,50,430.352,105.451,1.82539,2.20955,768.472,99.644,1.17281,-8.4968,19035.7,216.16,1,1,1,1,1,0
52,51,430.189,105.774,1.79385,2.16546,748.59,113.582,3.6789,-13.9611,18157.9,217.414,1,1,1,1,1,0
52,52,430.337,105.448,1.97292,2.52111,578.211,103.156,2.64925,-10.663,17077.7,206.379,1,1,1,1,1,0
52,53,430.302,105.039,1.95608,2.69297,558.815,107.84,2.67088,-8.28711,18332.6,215.923,1,1,1,1,1,0
52,54,430.443,105.091,2.08089,2.37035,754.646,91.6371,1.60778,-6.08631,23116.2,224.923,1,1,1,1,1,0
52,55,430.123,105.047,2.05524,2.80471,650.898,77.8051,2.88069,-3.03861,23650.6,219.497,1,1,1,1,1,0
52,56,430.176,105.091,2.02604,2.62632,655.163,80.4588,5.43057,-7.93499,21369,207.136,1,1,1,1,1,0
52,57,430.424,105.221,2.235,2.75293,682.732,66.5574,2.96476,-7.57077,26451.8,225.219,1,1,1,1,1,0
52,58,430.052,105.607,2.05508,2.3498,630.667,146.33,-4.9254,-10.1708,14746.6,229.793,1,1,1,1,1,0
52,59,430.041,105.326,1.74529,2.22984,780.292,135.214,10.7983,-9.04065,18932.1,247.101,1,1,1,1,1,0
52,60,430.216,105.124,1.8949,2.02762,784.775,138.972,11.7487,-8.5225,18864.1,246.024,1,1,1,1,1,0
52,61,430.435,105.124,2.12146,2.27297,750.314,114.124,5.583,-4.28923,22537.8,246.118,1,1,1,1,1,0
52,62,430.348,105.485,2.07335,2.3461,696.269,116.612,5.92856,-6.16931,21152.5,239.757,1,1,1,1,1,0
52,63,430.343,105.52,2.10914,2.40457,757.188,115.155,7.83687,-4.48988,23314.8,250.456,1,1,1,1,1,0
52,64,430.657,105.813,2.26103,2.53725,588.443,112.86,6.63815,-10.3251,20667,236.876,1,1,1,1,1,0
52,65,430.466,105.895,2.07809,2.34653,544.559,122.726,9.8263,-11.5731,16443.8,220.775,1,1,1,1,1,0
52,66,430.741,105.472,2.11726,2.4906,672.613,108.92,1.54267,-7.69532,21803.8,235.633,1,1,1,1,1,0
52,67,430.787,105.205,1.99081,2.25245,780.745,132.514,3.1606,-5.08579,21779.2,254.136,1,1,1,1,1,0
52,68,430.42,105.521,1.88032,2.33961,769.148,128.037,7.074,-11.7064,20985.1,248.55,1,1,1,1,1,0
52,69,430.242,105.656,1.71641,2.13158,807.554,121.837,9.57807,-12.4312,18462.4,226.462,1,1,1,1,1,0
52,70,430.398,105.461,1.84451,2.4085,798.606,86.2635,4.62622,-11.0197,22128.1,217.03,1,1,1,1,1,0
52,71,430.297,105.643,2.01338,2.18561,634.824,93.413,3.62172,-13.7175,17477.4,195.87,1,1,1,1,1,0
52,72,429.906,105.752,1.87037,1.73806,628.725,150.634,17.1927,-11.1955,10135.4,204.059,1,1,1,1,1,0
52,73,430.1,105.501,1.99428,2.38592,670.691,124.828,11.3429,-9.99631,17414.9,224.657,1,1,1,1,1,0
52,74,430.283,105.607,1.80407,2.49545,678.557,104.389,5.08003,-9.52307,19088.5,219.006,1,1,1,1,1,0
52,75,429.805,105.845,1.66797,1.91411,669.779,123.281,4.66565,-14.4155,13410.8,198.58,1,1,1,1,1,0
52,76,429.934,105.511,2.07673,2.38992,483.572,89.3976,3.7127,-5.28487,14828,177.225,1,1,1,1,1,0
52,77,430.323,105.224,2.11356,2.39442,542.347,80.3592,-0.664807,-0.219325,16960.2,177.71,1,1,1,1,1,0
52,78,430.024,105.474,2.00516,2.42646,657.191,82.4996,-1.71787,-4.08526,19749.6,198.337,1,1,1,1,1,0
52,79,430.079,105.4,2.02675,2.48557,620.487,80.5679,-0.155225,-4.22209,19263.1,194.225,1,1,1,1,1,0
52,80,429.975,105.649,1.88669,1.99572,710.166,100.461,4.28996,-3.71628,16598.6,192.515,1,1,1,1,1,0
52,81,429.968,105.784,2.00925,2.38689,683.359,71.4497,1.24657,-6.50801,20299.4,189.45,1,1,1,1,1,0
52,82,429.777,105.428,1.74047,2.28331,710.712,96.6541,2.40881,-4.44164,17573.3,196.136,1,1,1,1,1,0
52,83,429.705,105.422,1.66116,2.05112,827.254,114.06,7.51329,-9.59651,17637.6,216.491,1,1,1,1,1,0
52,84,430.098,105.361,1.96087,1.76708,724.372,128.175,-0.460178,-5.8447,13863.1,205.663,1,1,1,1,1,0
52,85,429.844,105.593,1.65812,1.69004,737.025,145.018,5.17984,-5.75319,13157.2,216.751,1,1,1,1,1,0
52,86,429.987,105.627,1.81989,2.51527,532.159,140.884,9.6408,-6.63741,13287.6,215.988,1,1,1,1,1,0
52,87,430.273,105.474,2.05685,2.98083,498.373,94.8504,1.76208,-5.60145,18255.2,203.775,1,1,1,1,1,0
52,88,430.2,105.753,1.757,2.19617,679.057,104.008,3.88126,-10.7828,16352.4,196.811,1,1,1,1,1,0
52,89,429.978,105.751,1.66887,1.90835,701.458,117.821,6.56548,-14.7403,14010.3,193.071,1,1,1,1,1,0
52,90,430.002,105.588,1.66416,2.15051,671.592,114.769,4.8582,-10.6494,15012,202.686,1,1,1,1,1,0
52,91,430.15,105.88,1.80905,2.10201,643.088,102.499,4.45301,-8.89857,15290.8,195.787,1,1,1,1,1,0
52,92,430.486,105.82,1.97521,1.89163,663.989,106.148,4.40566,-9.63931,15521.9,195.852,1,1,1,1,1,0
52,93,430.263,105.84,1.85729,1.50396,695.58,149.051,7.76327,-15.5617,12192.5,213.408,1,1,1,1,1,0
52,94,429.973,105.632,1.93366,1.88698,601.596,135.758,9.58854,-15.335,13746.7,208.515,1,1,1,1,1,0
52,95,429.79,105.423,1.91489,2.22428,431.189,108.095,9.57674,-8.04347,11434.2,174.604,1,1,1,1,1,0
52,96,429.818,105.384,1.73032,2.3036,455.848,99.6598,10.675,-7.23385,11299.7,162.722,1,1,1,1,1,0
52,97,430.34,105.764,1.91798,2.44425,592.231,118.196,7.49754,-11.6456,17171,219.03,1,1,1,1,1,0
52,98,430.206,105.434,2.0417,2.42279,640.872,98.397,7.12607,-6.67074,19576.4,218.095,1,1,1,1,1,0
52,99,429.921,105.596,1.79302,2.31183,608.661,107.45,13.1242,-12.2745,15673.4,201.87,1,1,1,1,1,0
52,100,429.906,105.572,1.9554,2.19142,636.564,117.421,11.7322,-11.9178,17129.9,218.42,1,1,1,2,2,0
52,101,430.5,105.191,2.1844,2.71639,498.088,102.918,6.29453,-7.79464,16902.7,205.249,,,,,,0
53,1,447.829,139.077,2.81042,2.26847,361.632,67.4151,6.25178,6.96681,15946,168.462,1,1,2,2,3,0
53,2,447.318,139.382,2.28893,2.1794,279.221,89.3359,4.02252,-1.95809,8825.37,142.822,1,1,2,2,3,0
53,3,446.981,138.802,2.85563,2.39249,281.323,41.3086,-0.737437,1.15594,11519.6,114.663,1,1,2,2,3,0
53,4,447.648,138.812,2.39318,2.11219,262.82,51.9787,-2.10902,-0.737532,8813.96,105.527,1,1,1,2,1,0
53,5,447.421,138.677,1.89611,1.84655,302.124,72.1629,4.13283,-0.239205,6604.49,111.834,1,1,1,1,1,0
53,6,447.658,138.923,1.79435,1.92912,367.04,80.0031,3.05663,2.38043,7962.58,127.385,1,1,1,1,1,0
53,7,447.673,138.832,2.28064,1.91345,282.877,84.951,-1.14881,-3.26693,7677.13,128.456,1,1,1,1,1,0
53,8,447.805,138.53,2.15488,2.19154,295.867,66.6202,-3.57952,-0.168848,8674.49,120.136,1,1,1,2,1,0
53,9,447.374,138.781,1.93062,2.32628,231.936,70.4295,-0.0198262,0.172964,6468.62,108.041,1,1,1,2,2,0
53,10,447.042,138.66,1.77988,1.62036,297.55,77.6757,0.442862,-0.548217,5387.21,108.136,1,1,2,3,4,0
53,11,447.665,138.353,2.37331,0.91674,364.657,86.4485,-1.34678,3.36554,4930.38,110.035,1,2,2,3,4,0
53,12,448.432,139.493,1.79878,1.5324,347.963,87.2052,2.91458,0.976182,6020.32,118.266,1,2,2,3,4,0
53,13,446.979,139.732,1.78963,1.90544,250.963,85.6302,4.39261,-2.94367,5846.35,116.87,1,1,2,3,4,0
53,14,446.463,139.619,1.61413,2.68599,268.283,85.4517,3.16385,-2.75922,7339.21,128.74,1,1,2,3,4,0
53,15,446.489,138.972,2.31138,2.75811,330.825,44.8227,0.989115,-1.02704,12737.2,125.775,1,1,2,2,3,0
53,16,446.524,139.201,2.24641,2.58497,348.485,49.967,1.65598,-2.98277,12391.2,124.16,1,1,2,2,3,0
53,17,447.105,138.561,1.72044,1.86717,297.315,84.5497,-0.274681,0.248006,6204.02,118.373,1,1,1,2,2,0
53,18,447.187,138.372,1.7553,1.67273,286.654,90.0079,-1.14802,4.35462,5283.33,116.988,1,1,1,2,1,0
53,19,447.106,138.664,1.951,2.28488,341.574,51.6565,1.27646,1.6421,9778.44,108.663,1,1,1,2,1,0
53,20,446.957,138.746,1.52056,2.06214,380.221,70.4096,2.01067,-0.0912073,7463.93,114.793,1,1,1,2,2,0
53,21,447.109,139.229,2.19079,2.35315,315.345,64.5536,1.06489,-3.97043,10049.2,125.864,1,1,1,2,2,0
53,22,446.599,139.031,2.00369,2.48432,291.833,60.3618,2.05145,-1.8761,8963.26,111.308,1,1,1,2,2,0
53,23,446.745,138.651,1.85463,2.73798,234.887,67.8079,3.85643,-5.44257,7260.52,111.686,1,1,1,2,2,0
53,24,447.049,138.171,1.39188,2.64319,275.173,93.9689,1.10067,-8.68031,6217.15,130.556,1,2,3,4,5,0
53,25,447.141,134.753,1.76319,2.62904,275.456,98.671,2.78469,0.581552,7818.7,148.109,1,2,3,4,5,0
53,26,447.232,131.334,2.13449,2.61489,275.74,103.373,4.46872,9.84342,9420.25,165.663,,,,,,0
54,1,449.537,270.99,1.78387,1.74952,610.835,162.486,-20.523,9.62652,13478.4,232.414,1,1,1,1,1,0
54,2,449.242,270.896,2.10932,1.69092,622.78,157.703,-18.2125,7.45787,13915.1,235.408,1,1,1,1,1,0
54,3,449.049,271.087,2.28832,1.81337,773.885,163.042,-6.38177,0.249403,20169.4,280.249,1,1,1,1,1,0
54,4,449.359,271.257,2.12725,1.6757,770.231,152.16,-17.6398,0.530822,17167.8,253.497,1,1,1,1,1,0
54,5,449.287,271.185,3.01656,1.67379,675.136,132.855,-0.278652,2.85372,17738.4,230.041,1,1,1,1,1,0
54,6,449.207,270.838,2.07009,1.79905,654.689,147.154,-16.636,6.44878,14419.5,224.367,1,1,1,1,1,0
54,7,449.298,270.926,2.42021,1.68627,587.365,155.902,-16.3109,10.8238,14860.3,237.29,1,1,1,1,1,0
54,8,449.294,271.294,1.95007,1.82918,667.968,175.872,-19.1749,3.0917,14964.2,261.675,1,1,1,1,1,0
54,9,449.17,271.069,2.0745,1.99762,811.777,116.026,-15.2246,0.437021,22495.3,249.527,1,1,1,1,1,0
54,10,449.453,271.161,1.70996,1.78834,805.113,153.891,-16.6171,-3.22993,15450.9,245.781,1,1,1,1,1,0
54,11,448.896,270.984,2.11068,1.55322,483.38,156.936,-14.7635,3.03637,9915.92,205.817,1,1,1,1,1,0
54,12,448.926,271.105,2.47503,1.7386,433.014,145.139,-11.2867,5.36621,11532.5,211.231,1,1,1,1,1,0
54,13,448.748,271.497,3.00859,3.26589,517.207,26.3955,-9.84674,9.20604,30316.3,217.781,1,2,3,4,5,0
54,14,449.433,270.802,1.82516,1.41866,536.942,158.159,-16.126,11.7745,7340.1,199.278,1,2,3,4,5,0
54,15,446.554,276.638,1.45702,1.89547,231.526,111.546,0.653275,-13.1631,4017.49,134.923,1,2,3,4,5,0
54,16,446.25,273.941,1.32211,2.07305,246.652,110.768,0.154937,-4.3364,4209,135.166,1,2,3,4,5,0
54,17,445.946,271.245,1.1872,2.25062,261.777,109.99,-0.343401,4.4903,4400.51,135.408,1,2,3,4,5,0
54,18,446.048,274.171,1.95121,4.22257,288.382,89.637,1.5377,-2.69448,13210.4,164.402,,,,,,0
55,1,464.355,482.073,3.20797,2.528,401.502,121.974,13.5197,3.71255,18308.3,235.905,1,2,3,4,5,0
55,2,466.211,482.807,3.63636,2.61071,607.877,88.674,11.0678,2.47699,33055.6,294.592,1,2,3,4,5,0
55,3,464.344,482.113,2.77727,1.75404,665.992,152.104,11.0375,5.79913,20450.1,271.846,1,2,3,4,5,0
55,4,462.477,481.42,1.91819,0.897358,724.108,215.534,11.0072,9.12127,7844.65,249.101,1,2,3,4,5,0
55,5,462.181,481.584,1.50341,0.956048,427.673,201.938,19.5408,-10.236,4926.74,231.03,1,2,3,4,5,0
55,6,463.085,481.31,1.86861,2.65553,311.439,139.239,6.26704,4.56462,8808.33,193.787,1,2,3,4,5,0
55,7,462.32,482.959,1.57452,2.19527,396.603,157.713,8.66419,-5.32635,8225.69,204.822,1,2,3,4,5,0
55,8,461.728,481.394,2.2881,2.29611,352.553,131.357,-0.00619954,4.7087,11428.1,194.609,1,2,3,4,5,0
55,9,460.672,482.65,2.78584,2.56641,293.204,80.1887,-1.71364,1.61752,12504.3,162.331,1,2,3,4,5,0
55,10,457.841,483.512,2.63896,2.06048,406.114,86.1283,8.02052,0.866044,13311.2,167.03,1,2,3,4,5,0
55,11,457.838,484.339,2.28758,2.10162,468.232,87.6074,5.0541,0.263486,13963.5,170.432,1,2,3,4,5,0
55,12,458.685,485.129,2.79666,1.81353,352.284,101.661,5.32633,-2.85667,10857.1,166.012,1,2,3,4,5,0
55,13,462.375,480.251,3.21619,2.25287,223.802,63.6312,7.72332,1.38273,9706.81,125.858,1,2,3,4,5,0
55,14,461.718,478.626,1.94991,2.21807,497.735,97.6566,1.68314,3.36461,12708.7,174.55,1,2,3,4,5,0
55,15,460.536,478.454,1.99753,2.25351,402.655,92.5269,-5.38625,1.4058,12018.9,159.604,1,2,3,4,5,0
55,16,456.295,477.935,2.14034,1.60375,261.698,100.96,1.64771,1.10363,5615.63,131.444,1,2,3,4,5,0
55,17,451.942,479.121,3.51005,2.18466,251.934,60.9341,-2.62273,-5.23423,11027.7,125.012,1,2,3,4,5,0
55,18,451.113,478.906,2.62194,2.95603,284.712,73.9225,1.32794,-1.1845,13004.7,153.669,1,2,3,4,5,0
55,19,453.699,481.309,1.68446,1.90689,317.61,126.585,0.056753,-0.143782,6396.92,158.947,1,2,3,4,5,0
55,20,455.207,482.451,1.63955,2.0255,757.75,118.043,-0.0381032,-4.21787,14631.8,204.201,1,2,3,4,5,0
55,21,456.645,481.926,2.68462,2.66941,392.384,94.0264,-3.97459,2.91853,16722.3,192.077,1,2,3,4,5,0
55,22,457.164,481.124,2.96683,2.22922,430.544,93.7602,-2.24645,-1.43196,17148,200.562,1,2,3,4,5,0
55,23,454.319,480.04,2.95434,2.43904,472.516,89.237,1.98227,1.79371,19139.3,208,1,2,3,4,5,0
55,24,454.926,479.263,1.56733,2.27067,468.82,136.756,2.56674,-4.05875,10397.1,197.047,1,2,3,4,5,0
55,25,458.484,476.188,2.89525,2.76428,324.088,76.623,-4.89962,0.709281,15363.1,172.036,1,2,3,4,5,0
55,26,458.464,474.953,2.02615,2.26936,456.68,88.1036,-4.02715,-0.620918,13046,163.852,1,2,3,4,5,0
55,27,456.366,474.675,1.68456,2.00443,399.259,110.382,-3.76459,4.23472,7776.29,153.521,1,2,3,4,5,0
55,28,457.434,477.667,1.84922,1.97513,395.685,111.215,-3.7586,2.81588,8656.71,160.269,1,2,3,4,5,0
55,29,458.501,480.66,2.01388,1.94584,392.11,112.048,-3.7526,1.39705,9537.13,167.018,1,2,3,4,5,0
55,30,458.185,482.47,2.04169,1.84057,404.384,136.116,-2.15889,-1.20929,9450.6,188.716,1,2,3,4,5,0
55,31,457.87,484.281,2.0695,1.73529,416.659,160.183,-0.565174,-3.81563,9364.07,210.414,1,2,3,4,5,0
55,32,458.583,485.904,1.67366,2.13299,475.582,126.336,-0.840151,-3.60442,10654,184.959,1,2,3,4,5,0
55,33,459.865,486.632,2.51827,2.1286,354.443,114.269,-4.20395,-2.78339,11243.5,181.858,1,2,3,4,5,0
55,34,463.308,487.168,3.63842,2.25312,245.656,98.0626,1.26725,1.18503,11079.9,171.769,1,2,3,4,5,0
55,35,463.83,489.619,1.92222,1.47281,373.825,151.939,9.81967,-4.34409,6638.2,185.639,1,2,3,4,5,0
55,36,466.173,492.434,2.14091,2.38979,444.059,138.943,-1.34524,-6.56243,12737.2,216.953,1,2,3,4,5,0
55,37,464.61,492.158,3.01723,2.68,247.548,105.63,0.0506653,3.65308,11952.9,178.462,1,2,3,4,5,0
55,38,458.868,493.337,2.37906,2.39284,350.545,136.259,0.646333,3.72967,11771.4,208.45,1,2,3,4,5,0
55,39,456.993,494.375,2.0383,2.20734,1236.63,160.212,-2.97005,1.16163,34616.4,363.42,1,2,3,4,5,0
55,40,457.313,493.856,2.34512,2.01469,854.146,167.765,-3.10269,5.30175,23900.3,306.349,1,2,3,4,5,0
55,41,459.639,492.961,2.57096,2.21745,577.567,125.814,0.947653,7.2377,20145.3,249.266,1,2,3,4,5,0
55,42,460.386,493.747,2.4235,2.55401,587.819,114.652,4.49278,3.29762,21750.8,249.609,1,2,3,4,5,0
55,43,459.595,493.996,2.01176,2.47266,627.964,125.137,0.405536,-2.98969,19243.5,239.521,1,2,3,3,5,0
55,44,458.515,492.874,1.91595,2.05076,916.038,162.069,-1.95451,1.85137,22633,295.29,1,1,2,3,4,0
55,45,458.662,492.711,2.08827,2.14262,927.601,146.807,0.186193,5.05658,26001.5,303.976,1,1,2,2,3,0
55,46,459.177,492.666,2.04069,2.28485,776.525,141.806,2.79885,2.93766,21808,271.485,1,1,2,2,3,0
55,47,459.276,492.904,2.05957,2.41026,769.82,128.458,-5.05613,-0.307885,23633.3,269.266,1,1,2,3,4,0
55,48,458.375,493.026,2.34067,2.80412,738.437,129.644,-6.22678,4.14361,29177.2,305.71,1,1,2,3,4,0
55,49,458.557,493.444,1.87614,2.09977,892.871,177.429,-6.79523,3.05086,22407.6,308.166,1,2,2,4,5,0
55,50,457.811,492.827,1.82405,1.78206,541.785,188.131,-3.56661,2.09342,11047.8,245.272,1,2,3,4,5,0
55,51,455.863,492.205,2.22386,2.13526,755.396,125.469,-1.09496,-2.65067,22385,263.118,1,2,3,4,5,0
55,52,452.417,492.589,2.52198,2.2513,385.786,114.87,2.69129,-2.59264,13639.5,199.763,1,2,3,4,5,0
55,53,447.289,490.623,2.23293,1.90867,316.755,112.701,0.442407,0.895255,8405.95,163.657,1,2,3,4,5,0
55,54,447.203,490.298,2.00039,2.43933,313,116.013,-0.374332,1.75263,9438.31,172.03,1,2,3,4,5,0
55,55,447.998,489.521,2.2434,2.85023,310.239,121.532,2.35815,-3.23907,12439.1,194.805,1,2,3,4,5,0
55,56,448.447,486.854,2.23308,1.63321,315.549,116.383,0.339116,-1.18672,7172.62,164.568,1,2,3,4,5,0
55,57,449.284,483.773,2.71569,2.14257,268.122,89.5012,-0.779348,-0.398273,8968.07,145.645,1,2,3,4,5,0
55,58,450.121,480.692,3.1983,2.65193,220.694,62.6192,-1.89781,0.390174,10763.5,126.722,,,,,,0
56,1,473.194,388.655,1.62883,2.21469,265.806,120.917,6.35911,0.721078,5984.88,156.059,1,2,3,1,1,0
56,2,473.258,388.331,1.44967,2.15937,465.585,129.358,7.24159,-1.21966,8864.4,175.911,1,2,3,4,5,0
56,3,474.921,388.161,2.74856,1.95752,367.78,162.738,12.8409,5.69678,12062.4,224.112,1,2,3,4,5,0
56,4,475.689,390.164,2.90114,1.93973,370.528,133.666,1.96881,2.25922,12570.1,207.947,1,2,3,4,5,0
56,5,474.245,391.154,2.97931,2.62918,448.845,102.57,1.25109,5.37771,20638.6,233.497,1,2,3,4,5,0
56,6,471.222,390.345,1.89909,1.69267,492.539,148.817,16.2223,3.24238,9299.11,201.947,1,2,3,4,5,0
56,7,470.352,390.229,1.94433,2.65296,517.534,118.818,9.3079,-0.378073,16399.2,214.544,1,2,3,4,5,0
56,8,469.833,390.516,2.09597,2.40421,545.128,114.52,7.7146,-3.11409,17206.8,214.893,1,2,3,4,5,0
56,9,468.315,389.319,2.27134,2.3469,312.25,123.63,5.9396,-3.24498,10432.3,187.722,1,2,3,4,5,0
56,10,467.81,388.084,2.23955,2.28265,590.339,86.4061,6.38906,-0.225461,19345.4,200.296,1,2,3,4,5,0
56,11,465.822,386.941,1.5445,2.62288,279.781,109.334,-1.64996,-1.30098,6971.22,148.136,1,2,3,4,5,0
56,12,464.287,385.758,1.75649,3.17721,332.007,98.5835,-0.893543,-6.29081,10952.3,157.272,1,2,3,4,5,0
56,13,462.517,383.477,2.46981,1.80075,338.626,120.146,7.87656,2.02239,8168.35,171.201,1,2,3,4,5,0
56,14,462.946,379.515,2.75453,2.33081,298.865,84.1988,1.83931,4.24328,10565.3,153.462,1,2,3,4,5,0
56,15,463.374,375.554,3.03925,2.86088,259.104,48.2517,-4.19795,6.46417,12962.3,135.722,1,2,3,4,5,0
56,16,463.598,375.012,1.98992,1.84679,437.552,94.7078,1.66617,0.799775,10151.8,153.249,1,2,3,4,5,0
56,17,463.865,372.534,2.54974,2.66489,312.04,71.2222,0.987173,3.83403,12745.7,151.018,1,2,3,4,5,0
56,18,463.967,371.532,2.30855,2.10874,376.023,93.4557,-0.287572,-1.89417,10949.4,158.497,1,2,3,4,5,0
56,19,464.008,371.012,1.67527,1.71967,459.167,93.1166,-1.50704,-2.14582,8306.98,137.84,1,2,3,4,5,0
56,20,463.556,370.57,2.31394,2.50268,427.39,52.1807,2.09664,-0.68038,15669.1,150.811,1,2,3,4,5,0
56,21,459.595,370.989,2.66394,3.10116,359.968,39.6478,2.3554,0.470334,16678.4,145.669,1,2,3,4,5,0
56,22,455.633,371.408,3.01395,3.69964,292.547,27.1148,2.61416,1.62105,17687.6,140.527,1,2,3,4,5,0
56,23,452.597,373.585,2.14542,1.84931,437.562,124.082,5.32846,-8.13735,10323.5,185.882,1,2,3,4,5,0
56,24,452.213,373.836,2.18956,2.30156,401.418,119.361,0.798641,-4.12805,12524,197.432,1,2,3,4,5,0
56,25,454.208,375.892,2.59776,2.45001,331.833,111.184,-14.0056,2.86775,12811.7,189.811,1,2,3,4,5,0
56,26,452.161,374.588,2.83547,2.28921,408.204,114.176,-13.3218,1.99483,15820.6,206.565,1,2,3,4,5,0
56,27,450.114,373.284,3.07319,2.12842,484.575,117.168,-12.6379,1.1219,18829.5,223.32,1,2,3,4,5,0
56,28,449.029,373.025,3.34791,2.33048,438.442,118.321,-2.30545,-1.87649,19756.4,229.941,1,2,3,4,5,0
56,29,449.511,373.929,2.51444,3.08597,514.902,82.292,-9.99677,-5.35081,24544.1,233.467,1,2,3,4,5,0
56,30,447.602,374.47,2.03537,4.03558,265.342,138.91,-4.68015,-2.76553,11756.1,212.757,1,2,3,4,5,0
56,31,444.435,372.647,2.1569,3.64372,305.698,128.291,0.635246,0.315893,12997.6,208.834,1,2,3,4,5,0
56,32,441.267,370.824,2.27843,3.25187,346.055,117.672,5.95064,3.39732,14239.1,204.911,1,2,3,4,5,0
56,33,440.594,370.867,2.16876,2.68826,213.799,138.877,7.2843,-0.708273,6973.45,178.615,1,2,3,4,5,0
56,34,437.684,368.127,1.8078,1.18168,345.609,122.225,8.76362,1.34736,4635.06,145.556,1,2,3,4,5,0
56,35,437,367.294,2.39557,1.75058,281.824,94.2974,3.87706,4.37551,7334.99,134.101,,,,,,0
57,1,490.199,313.023,3.7405,2.11325,343.678,97.7314,-0.603535,-5.91677,14952,185.349,1,2,3,4,5,0
57,2,492.529,313.13,3.74847,2.12526,281.657,107.918,-6.46662,2.23383,12764.1,189.719,1,2,3,4,5,0
57,3,494.859,313.238,3.75644,2.13727,219.636,118.105,-12.3297,10.3844,10576.2,194.089,1,2,3,4,5,0
57,4,491.455,318.313,2.18052,3.08442,462.372,129.983,8.45044,-9.9064,18407.2,240.473,1,2,1,1,1,0
57,5,491.463,318.717,2.29463,2.86281,434.451,149.965,5.42595,-3.54809,17378.4,257.391,1,1,1,1,1,0
57,6,491.7,318.791,1.93123,2.40789,442.541,163.534,8.68651,12.0351,12694.4,243.426,1,2,3,4,5,0
57,7,492.853,319.864,1.77318,2.05059,493.517,207.806,14.1261,10.1371,11234.6,269.645,1,2,3,4,5,0
57,8,492.845,321.445,2.32835,2.0221,332.382,176.217,10.6617,9.14482,9782.6,224.367,1,2,3,4,5,0
57,9,491.085,323.087,2.4769,2.09738,335.966,145.342,8.54883,3.16082,10683.6,204.882,1,2,3,4,5,0
57,10,489.325,324.729,2.62546,2.17266,339.55,114.467,6.43597,-2.82318,11584.6,185.396,1,2,3,4,5,0
57,11,490.998,323.952,3.22559,2.39928,315.133,105.575,4.37116,3.92346,15456.8,198.544,1,2,3,4,5,0
57,12,492.671,321.981,2.6736,2.16199,371.357,137.789,7.21541,3.32382,13180.9,218.325,1,2,3,4,5,0
57,13,494.343,320.011,2.12161,1.92471,427.581,170.003,10.0597,2.72418,10905.1,238.107,1,2,3,4,5,0
57,14,493.198,319.369,1.8937,1.85303,481.968,158.147,12.858,4.96064,10646.2,220.012,1,2,3,4,5,0
57,15,497.347,325.724,1.80302,2.03252,385.686,129.758,-5.81046,-9.16272,9045.5,189.379,1,2,3,4,5,0
57,16,497.396,325.944,2.19695,2.1176,316.668,89.5712,-6.28919,-5.27355,9404.83,148.97,1,2,3,4,5,0
57,17,490.032,325.052,2.62978,2.16512,408.704,106.355,6.95427,4.53646,14236.1,197.74,1,2,3,4,5,0
57,18,490.648,324.526,3.22925,2.48438,367.156,81.7981,4.99053,3.53709,17570.5,188.893,1,2,3,4,5,0
57,19,489.411,326.227,1.35333,2.08068,276.126,173.726,-3.5548,1.15327,4998.63,205.29,1,2,3,4,5,0
57,20,497.219,326.398,1.53078,1.69906,471.802,131.186,-7.56404,0.206799,7706.01,176.669,1,2,3,4,5,0
57,21,497.157,325.164,1.94969,2.22243,412.325,104.585,-9.24275,7.17525,11129.9,173.219,1,1,1,1,1,0
57,22,497.295,325.043,2.178,1.87853,405.8,150.909,-12.5425,4.87943,10357.8,213.195,1,1,1,2,2,0
57,23,496.862,325.527,2.52871,2.00614,349.907,123.431,-7.60642,-2.09293,10648.9,193.272,1,1,1,1,1,0
57,24,496.702,325.312,2.27259,1.89837,322.012,92.4151,-2.92882,0.186471,8642.34,147.444,1,1,1,1,1,0
57,25,496.771,325.384,2.07198,1.95789,357.2,80.909,-0.438231,-1.67139,9050.17,139.828,1,1,1,1,1,0
57,26,496.514,325.21,1.61268,1.5426,505.593,121.78,-4.13295,-1.21301,6896.23,163.278,1,1,2,2,3,0
57,27,496.899,325.704,2.6223,2.19516,325.892,71.1212,-5.99377,-2.15433,11463.4,149.337,1,1,2,3,4,0
57,28,496.801,325.986,2.14883,2.318,319.854,80.0239,-8.65104,0.64922,9872.5,144.183,1,1,2,3,4,0
57,29,496.071,325.141,2.33505,2.28116,374.203,77.4941,-5.02981,-2.74497,12302.9,146.71,1,1,2,3,4,0
57,30,496.339,324.308,2.57548,2.83823,326.544,62.8408,-3.93168,-5.3363,14187.6,149.521,1,1,2,3,4,0
57,31,496.403,323.976,2.3873,2.61851,333.392,67.2072,-3.63584,-4.9045,12657.1,146.29,1,1,2,3,4,0
57,32,495.749,324.562,2.34534,2.36502,300.209,86.7732,-1.6382,-0.814951,10230.3,147.361,1,1,2,3,4,0
57,33,495.95,324.3,2.24259,2.43416,267.679,75.4106,-1.46199,-4.85491,8991.42,130.964,1,2,2,3,4,0
57,34,497.155,323.376,2.07045,2.0934,406.793,85.8858,-1.95045,-0.298463,10990.7,151.781,1,2,2,3,4,0
57,35,496.576,324.52,2.1219,1.75403,362.86,79.2843,-2.36355,-4.36661,8435.39,128.219,1,1,2,3,4,0
57,36,496.6,324.166,2.08403,1.75125,342.772,85.5565,-4.20541,-2.14988,7823.94,126.775,1,1,2,3,4,0
57,37,496.842,324.056,2.2588,2.00681,322.588,86.4816,-1.71859,-3.95339,9095.73,138.698,1,1,2,3,4,0
57,38,496.292,324.314,2.26319,2.42087,352.43,61.5076,1.85129,-0.041009,11875,134.556,1,2,3,4,5,0
57,39,496.151,326.108,1.87358,1.66073,282.857,82.8163,3.85943,-6.02654,5521.75,116.349,1,2,3,4,5,0
57,40,498.186,327.753,1.64746,1.9741,368.789,86.4042,-0.954792,-3.41111,7518.48,128.491,1,1,1,1,1,0
57,41,498.106,327.793,1.7015,1.95763,379.344,98.5154,0.745183,-1.86842,7919.96,142.243,1,1,1,1,1,0
57,42,498.451,327.379,1.54901,1.95479,436.558,92.7714,0.490429,-3.7868,8287.37,142.675,1,1,1,1,1,0
57,43,498.41,327.544,1.42348,1.89259,388.147,111.99,5.09512,3.5001,6560.54,152.633,1,2,3,4,5,0
57,44,496.941,328.086,1.7801,2.29676,349.245,93.9764,1.54211,-2.18268,9134.18,149.24,1,2,3,4,5,0
57,45,495.472,328.627,2.13673,2.70093,310.342,75.9629,-2.01089,-7.86545,11707.8,145.846,,,,,,0
58,1,489.871,370.174,2.47393,4.07847,722.78,111.54,-14.3024,-1.40822,39557,359.746,1,2,3,4,5,0
58,2,490.412,368.83,2.21486,4.07855,675.089,179.931,-2.29491,15.1711,30980.4,366.083,1,2,3,4,5,0
58,3,491.587,372.024,2.32039,2.72814,720.422,154.431,-1.33213,-10.5684,27528.6,312.302,1,2,3,4,5,0
58,4,491.039,374.574,2.63947,3.15867,602.448,117.244,-4.24776,-15.5357,29001.2,295.124,1,2,3,4,5,0
58,5,489.111,376.453,2.68399,2.88008,375.359,126.296,1.60103,-1.99182,17095,229.882,1,2,3,4,5,0
58,6,488.274,375.4,1.61485,1.84266,422.445,162.583,3.19126,4.76851,7887.77,202.834,1,2,3,4,5,0
58,7,490.263,371.576,3.34576,3.44985,244.121,47.4,1.92344,-3.59621,15022.8,142.124,1,2,3,4,5,0
58,8,490.779,368.621,2.84493,2.75745,541.675,64.3655,1.90474,1.40446,24998.1,216.45,1,2,3,4,5,0
58,9,492.628,369.085,2.1913,2.33088,645.382,94.1421,2.30438,-6.21387,20486.3,214.243,1,2,3,4,5,0
58,10,493.282,368.957,2.4332,2.34201,623.211,99.0933,5.34219,-7.44984,22137.6,239.077,1,2,3,4,5,0
58,11,494.7,369.431,2.44278,2.11945,418.385,99.0842,-2.42278,-5.77941,13209.4,177.13,1,2,3,4,5,0
58,12,498.074,370.4,2.15968,2.18472,485.024,104.639,1.88178,-4.90073,13837.7,184.133,1,2,3,4,5,0
58,13,501.448,371.369,1.87657,2.24999,551.663,110.193,6.18634,-4.02206,14466.1,191.136,1,2,3,4,5,0
58,14,501.224,371.919,1.72265,2.06326,616.194,109.331,-1.02117,-10.7348,13708.9,191.101,1,2,3,4,5,0
58,15,501.451,372.066,1.53388,1.92639,539.076,123.586,2.28794,-11.6437,9528.42,177.982,1,2,3,4,5,0
58,16,503.408,372.552,1.88852,2.63934,235.088,167.537,9.66985,-6.36813,7200.08,209.385,,,,,,0
59,1,488.254,392.307,3.16957,3.78506,354.095,62.2174,-5.82742,0.835084,20356.3,184.592,1,2,3,4,5,0
59,2,486.33,392.99,2.75129,3.22352,313.66,82.1152,4.54138,-7.9257,16760.2,184.373,1,2,3,4,5,0
59,3,485.704,392.66,3.05262,2.83446,385.813,105.494,-9.08295,-5.29693,19360.4,227.148,1,2,3,3,4,0
59,4,485.815,394.339,1.8705,1.99531,543.228,129.287,-5.39584,-6.67913,12688.4,208.834,1,2,2,3,4,0
59,5,486.13,395.026,1.89521,1.81103,596.922,155.475,1.81471,-5.36107,12844.8,227.077,1,1,2,3,4,0
59,6,485.819,394.603,2.13758,1.95733,417.347,163.853,0.122154,2.88587,10306,220.349,1,1,2,3,4,0
59,7,485.73,395.32,1.94531,2.22521,437.042,131.422,1.06024,-5.58408,11778.5,201.923,1,1,2,3,4,0
59,8,485.882,395.24,1.77737,1.82891,419.918,160.911,3.57055,-13.0591,8564.15,208.923,1,2,3,4,5,0
59,9,485.691,393.842,2.45776,2.56733,333.705,157.068,2.33886,-1.89067,12789.2,236.58,1,2,3,4,5,0
59,10,485.918,395.645,2.38251,3.21941,348.523,144.866,-6.86643,-10.5631,15561.3,241.361,1,2,3,4,5,0
59,11,485.817,395.662,2.43761,3.29381,385.068,131.879,-11.3047,-9.01521,17881.4,243.296,1,2,3,4,5,0
59,12,483.548,396.562,1.63524,2.09242,302.212,178.094,0.142556,-6.42523,5756.79,220.16,1,2,3,4,5,0
59,13,482.995,398.699,2.30269,1.72663,431.313,140.018,0.100204,-1.43315,10676.3,208.929,1,2,3,4,5,0
59,14,482.371,399.454,2.78613,2.17506,359.756,104.653,3.59459,-1.77026,13892.4,187.053,1,1,2,2,1,0
59,15,482.577,399.513,2.14846,1.88647,445.83,123.043,-0.973257,-3.81405,10493.7,187.87,1,1,2,2,3,0
59,16,482.737,399.359,2.09363,1.99007,444.518,122.79,0.234072,-6.3208,11557.9,191.68,1,1,2,3,4,0
59,17,483.496,398.567,2.41286,2.21646,376.451,111.42,-2.60893,0.808863,12377.7,184.71,1,1,2,3,4,0
59,18,484.093,398.55,2.21425,1.9009,456.451,114.692,-2.72293,-1.75568,11972.7,184.479,1,1,2,2,3,0
59,19,483.891,398.283,2.31673,2.13416,331.116,84.3411,-1.306,-0.974222,10142.6,146.385,,,,,,0
60,1,488.648,486.954,2.37532,2.09432,345.739,89.8152,0.207253,6.95031,10638.4,151.479,1,1,2,3,4,0
60,2,488.038,487.56,2.18614,1.96279,404.803,90.2117,2.09816,0.935074,10824.6,155.32,1,1,2,3,4,0
60,3,488.704,487.215,2.04361,2.21732,397.837,123.455,4.14438,3.92178,11216.1,184.704,1,1,2,3,4,0
60,4,489.023,486.932,1.95525,1.80731,418.055,118.383,3.57582,4.68742,9260.64,184.272,1,1,2,3,4,0
60,5,489.651,486.465,2.47021,1.84444,262.679,115.524,11.3755,5.66117,7693.76,164.03,1,1,2,3,4,0
60,6,489.523,487.462,2.58377,1.79523,285.914,130.313,10.892,-0.375948,8294.92,181.55,1,1,2,3,4,0
60,7,489.394,488.459,2.69734,1.74603,309.149,145.103,10.4086,-6.41307,8896.07,199.071,1,1,2,3,4,0
60,8,488.963,487.945,2.16682,2.03091,352.874,105.476,9.97374,-2.44562,9678.65,161.349,1,1,2,2,3,0
60,9,488.667,487.525,2.25388,2.12962,383.616,72.0838,3.97583,-2.01814,11761.2,142.509,1,1,2,2,3,0
60,10,488.905,487.46,2.01433,1.79471,375.791,101.749,-0.957039,-0.523831,7871.57,152.13,1,1,2,2,3,0
60,11,489.567,487.538,1.77388,1.92337,437.261,94.7925,-1.33844,-0.950821,8552.58,144.568,1,1,2,2,3,0
60,12,489.544,487.648,1.86742,2.08403,452.393,87.692,-0.750971,-0.173576,11118.4,152.734,1,1,2,2,3,0
60,13,489.383,487.69,2.21409,1.61461,341.872,81.0074,1.83413,0.87138,7623.16,126.095,1,1,2,3,4,0
60,14,489.612,488.575,2.44227,2.16222,320.212,35.1719,5.22849,-7.34128,11962.5,111.254,1,1,2,3,4,0
60,15,490.064,488.314,2.01876,2.10286,344.58,57.7991,1.87613,-4.5853,9390.95,116.473,1,1,2,3,4,0
60,16,489.416,488.568,1.8871,1.68722,427.888,93.3696,2.97249,-5.53337,8616.76,142.544,1,2,2,3,4,0
60,17,489.759,487.372,1.98061,2.07018,362.944,75.3368,2.60742,1.16176,8971.29,129.379,1,2,2,3,4,0
60,18,490.584,487.592,2.66749,2.57526,349.36,46.01,0.313902,-3.02493,14512.4,132.497,1,1,2,3,4,0
60,19,489.716,487.678,2.61147,2.83961,292.529,43.1976,-3.24138,-2.18,12873.1,128.586,1,1,2,2,4,0
60,20,489.295,487.982,1.80077,2.15006,366.063,87.4309,-2.54002,-3.2278,8725.36,141.391,1,1,2,2,3,0
60,21,489.58,487.966,2.55846,2.42586,321.697,65.4343,-4.1609,-3.26814,12238.2,143.633,1,1,2,2,3,0
60,22,490.216,487.536,2.61297,2.48817,369.113,42.2034,-3.53697,-0.547727,14796.5,129.929,1,1,2,2,3,0
60,23,490.041,487.701,1.60497,1.91899,492.64,88.4756,-4.47222,0.182996,9515.49,141.154,1,1,2,2,2,0
60,24,489.768,487.804,2.06774,2.21992,421.882,67.626,-0.835206,1.32169,12043.4,137.112,1,1,2,2,3,0
60,25,489.389,487.314,2.18918,1.99183,367.428,71.9943,1.73177,3.27443,9975.06,130.314,1,1,2,2,3,0
60,26,489.135,486.847,2.18893,2.21628,389.229,70.7659,4.15605,3.84044,11719.9,139.219,1,1,2,2,3,0
60,27,489.7,487.197,2.21698,2.08876,374.075,71.9644,-1.25264,-0.762931,10767.6,135.592,1,1,2,2,3,0
60,28,489.818,487.381,2.38223,2.1737,347.069,56.1457,-4.60337,-1.21409,11386.1,121.592,1,1,2,2,3,0
60,29,489.257,487.641,2.81719,2.51341,298.654,62.683,2.93627,-2.32849,12998.7,139.343,1,1,2,2,3,0
60,30,489.597,487.191,2.27358,1.98617,372.207,70.7293,1.61484,0.531033,10442.8,132.598,1,1,2,2,3,0
60,31,490.053,487.567,2.03076,2.275,416,87.2536,-3.22206,-1.53479,11806.8,158.799,1,1,2,2,3,0
60,32,489.536,487.211,2.32982,2.58666,373.195,72.2091,1.12048,0.740169,14047.6,156.568,1,1,2,2,2,0
60,33,489.56,487.051,2.26359,2.2543,330.445,63.6686,3.58843,-2.77202,10425.9,127.266,1,1,2,2,2,0
60,34,490.324,486.987,2.12525,2.15436,395.269,66.826,2.35548,-3.5875,11259.8,133.142,1,1,1,2,2,0
60,35,490.027,487.158,2.08455,2.06518,401.096,78.1957,0.768368,0.195296,10772.3,139.959,1,1,1,2,2,0
60,36,490.151,487.15,2.6096,2.50952,313.005,52.2735,-0.422327,-0.0814922,12404.7,126.858,1,1,1,2,2,0
60,37,490.769,487.258,2.73466,2.41492,314.834,50.6631,-3.73489,0.478102,12402.4,126.746,1,1,1,2,2,0
60,38,490.479,487.515,2.20417,2.52991,336.102,67.4411,1.91332,0.717369,12049.2,140.746,1,1,1,2,1,0
60,39,490.457,487.376,2.11261,2.22828,305.531,109.796,-1.27154,3.33506,8762.03,159.982,1,1,1,2,2,0
60,40,490.121,487.603,1.79333,2.07397,378.114,91.8284,-2.05817,3.26031,8727.57,142.095,1,1,1,2,2,0
60,41,489.804,487.149,1.9896,2.35922,385.76,59.1804,-1.13747,5.90991,11229.9,131.562,1,1,1,2,1,0
60,42,489.985,486.985,2.10656,2.18098,363.847,76.4661,2.79952,5.36046,10333.1,138.136,1,1,1,2,2,0
60,43,490.139,486.818,2.15336,1.96811,376.126,85.6489,3.57566,8.07956,9944.56,144.657,1,1,1,2,2,0
60,44,490.462,487.459,2.22016,2.26259,333.782,77.8448,-0.308161,3.68147,10363.1,139.432,1,1,1,2,2,0
60,45,490.177,487.301,2.20118,2.21753,325.213,73.9759,-1.04718,1.29997,9845.73,132.58,1,1,1,2,1,0
60,46,489.892,487.142,2.18221,2.17248,316.644,70.107,-1.78621,-1.08153,9328.3,125.728,1,1,1,2,1,0
60,47,489.8,487.457,2.14191,2.11509,381.696,61.9526,1.85131,-3.58695,10756.6,126.195,1,1,1,2,1,0
60,48,490.215,487.488,2.16645,2.04508,378.901,73.1189,0.446284,-4.85432,10449.5,134.627,1,1,1,2,2,0
60,49,490.286,487.4,2.5599,2.88055,282.376,62.7926,-0.224415,-3.64941,12344.5,136.621,1,1,1,2,2,0
60,50,490.959,487.466,2.41509,2.5738,288.831,59.2441,-1.42311,-1.09773,10907.6,127.178,1,1,1,2,2,0
60,51,490.874,487.23,2.28159,2.08264,282.609,71.3879,-3.45778,-1.77156,8336.99,120.544,1,1,2,2,3,0
60,52,490.558,486.8,2.38449,2.51419,360.078,46.1168,-4.22177,-0.587974,13840.8,128.74,1,1,2,2,3,0
60,53,490.936,487.259,1.86969,2.44901,319.986,66.4888,0.017316,1.80997,9065.06,118.272,1,1,2,2,3,0
60,54,491.356,487.717,1.78958,2.36754,274.025,60.5558,-1.48378,-3.32098,7207.26,101.302,1,1,2,2,4,0
60,55,490.704,486.797,2.10405,2.10271,303.327,61.303,0.534519,-1.60191,8360.35,112.976,1,1,1,2,3,0
60,56,490.621,487.095,2.01159,2.17343,316.767,73.2343,-0.59865,-2.45447,8628.35,123.041,1,1,1,2,2,0
60,57,490.417,487.251,1.91104,1.9581,406.263,72.9261,1.11453,-0.444064,9513.49,130.124,1,1,1,2,2,0
60,58,490.783,487.572,2.08638,2.14367,318.849,106.791,-1.303,1.95181,8875.46,159.172,1,1,1,2,2,0
60,59,490.667,487.236,1.2524,1.92333,355.87,102.005,0.130112,-1.21753,5377.78,128.036,1,1,1,2,2,0
60,60,490.879,487.775,1.61167,2.10527,268.053,84.7134,-0.191367,-4.92167,5716.15,116.828,1,1,1,2,2,0
60,61,491.43,487.584,2.04978,2.29001,264.593,77.6423,-1.61842,-0.476686,7702.87,124.035,1,1,1,2,2,0
60,62,491.518,487.172,2.68669,2.1687,300.95,55.7019,-1.31218,4.18842,10732.9,122.243,1,1,1,2,2,0
60,63,491.126,486.782,2.35629,2.14742,292.766,61.7847,1.59006,4.61867,9164.88,117.219,1,1,1,2,2,0
60,64,490.806,486.825,2.1055,1.64207,400.732,82.2217,2.20902,1.9545,8667.21,133.615,1,1,1,2,2,0
60,65,490.895,486.612,2.52746,1.68017,326.753,59.8176,0.593499,2.36467,8567.03,112.154,1,1,1,2,2,0
60,66,491.5,486.912,1.88766,2.20479,266.352,72.9016,0.735145,-0.37183,6453.77,110.834,1,1,1,2,2,0
60,67,491.345,487.37,2.34912,2.13858,256.563,70.3076,0.166551,-0.15566,7581.22,115.095,1,1,1,2,2,0
60,68,491.191,487.828,2.81058,2.07238,246.775,67.7136,-0.402043,0.0605102,8708.68,119.355,1,1,1,2,2,0
60,69,491.216,487.688,2.74322,2.52666,296.509,56.3869,-0.94258,-0.886003,12471.8,136.207,1,1,1,2,2,0
60,70,491.477,487.155,1.81557,2.06393,341.714,88.341,0.711891,2.03434,6700.17,128.976,1,1,1,2,2,0
60,71,491.176,487.232,2.4216,2.21896,295.288,52.5059,0.0640182,1.23913,9776.14,115.604,1,1,1,2,2,0
60,72,490.796,487.46,2.2749,2.47423,276.607,86.7164,3.18212,3.36917,9863.81,146.018,1,1,1,2,2,0
60,73,491.229,487.872,1.7015,2.20999,312.238,96.9404,-1.01827,4.80332,7064.28,137.29,1,1,2,2,2,0
60,74,491.529,487.667,1.86369,2.26262,313.09,73.603,0.356476,4.34531,8309.81,121.811,1,1,2,2,3,0
60,75,491.055,487.545,2.67567,2.83276,306.218,40.4636,-1.03145,4.12673,13725.6,126.473,1,1,2,2,3,0
60,76,490.542,488.096,2.23953,2.6229,287.724,64.7032,0.876168,-0.964303,10307.7,128.675,1,1,2,2,4,0
60,77,490.585,488.625,1.82323,1.8393,323.5,102.024,-2.16657,-6.45249,6906.49,144.68,1,1,2,3,4,0
60,78,489.762,488.437,1.8257,1.75165,321.167,97.3931,-0.543007,-4.83413,6442.94,134.414,1,1,2,3,4,0
60,79,490.16,488.547,2.52193,2.82615,282.674,59.7206,-0.929339,0.33785,12008.7,134.633,1,2,2,3,4,0
60,80,491.522,488.494,1.67637,2.26133,290.372,86.9688,0.643131,-1.17553,6632.56,126.68,1,2,2,3,4,0
60,81,491.316,487.691,1.88852,2.08357,213.852,102.323,2.73466,-1.7145,5258,130.515,1,2,2,3,4,0
60,82,490.376,487.314,1.98561,1.97597,285.296,81.5814,2.29894,2.77841,6997.58,119.982,1,1,2,3,4,0
60,83,490.452,487.012,2.73542,2.45783,307.377,54.1279,2.1475,1.56765,12447.3,128.805,1,1,2,1,1,0
60,84,490.818,486.995,1.98579,2.66453,316.735,64.6993,-0.540288,-1.46247,10258.4,125.965,1,1,2,2,1,0
60,85,490.877,487.086,2.30048,2.18645,322.955,53.6644,-0.444668,-0.196749,10060.8,115.858,1,1,2,3,4,0
60,86,490.101,486.857,2.27023,1.60515,313.029,97.3916,0.470313,-0.145045,7110.44,140.663,1,1,2,3,4,0
60,87,490.353,486.867,2.38032,2.14393,263.532,79.6355,-2.59463,-0.734653,8308.71,130.704,1,2,2,3,4,0
60,88,490.737,488.203,2.21265,1.83841,395.431,70.4771,-3.41315,-4.29723,10031.8,127.976,1,2,2,3,4,0
60,89,490.753,487.862,2.8368,2.38319,314.16,57.7544,-3.47091,-6.50332,12750.2,135.976,1,2,2,3,4,0
60,90,489.384,486.377,2.91232,2.50442,337.155,77.1376,3.39962,-0.727002,14577.8,163.917,1,1,2,3,4,0
60,91,489.547,486.021,2.42269,3.51527,289.523,79.0654,-0.118634,1.83145,13946.9,162.828,1,1,2,3,4,0
60,92,489.554,486.884,2.38085,2.73583,297.87,63.7979,-1.53042,-3.96336,11476.8,133.953,1,1,2,3,4,0
60,93,489.38,486.472,1.85832,1.93206,371.617,87.7195,-0.918255,-0.839004,8353.04,132.71,1,1,2,3,4,0
60,94,489.973,486.555,1.76058,2.33466,297.714,97.2516,-3.26969,-3.07621,7083.48,137.935,1,1,2,3,4,0
60,95,490.374,487.574,1.67978,2.46471,319.689,76.9346,-0.621337,-7.16205,8445.67,129.041,1,1,2,2,3,0
60,96,490.241,487.358,1.75425,2.27106,340.923,84.9001,0.697149,-6.74346,8456.41,137.598,1,1,2,2,3,0
60,97,490.613,486.716,1.37524,2.33472,317.464,104.255,-3.95388,-0.934071,5973.13,136.793,1,1,2,2,3,0
60,98,490.585,486.227,1.15842,2.51447,367.319,105.947,-0.208103,-1.65718,6610.01,143.059,1,1,2,2,3,0
60,99,490.781,486.283,1.68511,2.24465,302.902,90.9998,1.28556,0.389274,7142.41,130.911,1,1,2,2,3,0
60,100,490.439,486.854,2.14133,1.94817,346.757,83.429,2.27507,-1.32589,9021,136.012,1,1,1,2,2,0
60,101,490.349,486.738,1.69222,2.00275,374.31,92.5907,2.48287,1.13322,7560.95,135.787,,,,,,0
61,1,491.981,423.299,1.89623,1.80976,552.73,120.846,-0.476136,4.64739,11890.8,189.852,1,1,1,1,1,0
61,2,491.57,423.447,2.08076,2.0377,415.423,132.027,-2.27732,-1.81379,11144.4,199.059,1,1,1,1,1,0
61,3,491.457,423.686,1.99259,1.87281,468.934,168.561,7.61396,-5.06666,11031.1,227.083,1,1,1,1,1,0
61,4,491.669,423.773,1.70708,1.9399,697.088,157.96,0.364708,-3.97532,14470.3,241.402,1,1,1,1,1,0
61,5,491.727,423.554,1.52478,1.93579,697.123,179.283,-1.64233,-3.67304,12334.6,251.426,1,1,1,1,1,0
61,6,491.393,423.549,1.37088,1.83817,669.541,202.63,3.52605,-6.42832,10437.8,260.467,1,1,1,1,1,0
61,7,491.71,423.486,1.34901,2.1799,618.079,215.15,-8.7926,-1.44807,11344.2,284.101,1,1,2,2,2,0
61,8,492.146,423.061,1.15411,1.51286,613.022,281.53,-29.4651,31.3054,6732.76,321.29,1,1,2,2,3,0
61,9,491.628,423.575,1.62209,1.69463,641.321,184.207,-13.556,18.9185,12228.1,255.675,1,1,2,2,3,0
61,10,491.444,423.139,1.46652,1.50565,700.577,194.392,5.13646,17.524,9756.32,254.751,1,1,2,3,4,0
61,11,491.533,422.895,1.41485,1.63088,601.002,191.386,8.54341,23.6712,8717.68,233.722,1,2,2,3,4,0
61,12,492.458,423.894,1.72997,3.07152,363.69,179.214,10.7562,16.6416,11800.7,234.704,1,2,2,3,4,0
61,13,491.998,423.634,1.27941,2.75051,323.595,152.541,8.42694,5.96546,7419.78,192.024,1,2,2,3,4,0
61,14,491.947,422.719,1.34955,2.26986,286.438,126.75,9.86994,10.7251,5589.26,155.29,1,2,2,3,4,0
61,15,493.467,423.334,3.19915,2.78554,380.288,98.4419,2.5878,2.97241,19334.2,213.822,1,2,2,3,4,0
61,16,492.328,423.255,2.23975,2.08324,953.736,176.709,-1.74732,2.62422,27994.8,340.633,1,2,2,3,4,0
61,17,493.118,423.757,1.97792,2.70918,768.271,128.623,1.46983,-4.09549,25124.8,277.231,1,2,2,3,4,0
61,18,493.254,424.561,2.25254,2.07027,635.983,121.253,9.54334,3.46584,18444.1,228.101,1,2,2,3,4,0
61,19,493.408,425.347,2.74834,2.83207,772.006,19.3131,-4.12434,-3.57352,37719.1,262.041,1,2,2,3,4,0
61,20,492.199,423.851,1.70257,2.09697,1285.49,115.374,-0.495964,-0.387741,28393.3,283.657,1,2,2,3,4,0
61,21,491.438,423.597,1.7847,1.86139,1668.77,141.423,4.57088,0.661687,34750.4,348.722,1,1,2,3,4,0
61,22,491.562,423.47,1.78413,1.83843,1537.12,136.845,4.35166,4.05806,32800.9,324.414,1,1,2,3,4,0
61,23,491.955,423.699,1.97995,1.82231,1270.77,161.979,10.6527,7.31516,26923.9,314.012,1,1,2,3,4,0
61,24,492.572,424.219,1.9924,2.4136,906.962,134.701,6.00208,15.2761,26698.2,290.26,1,2,2,3,4,0
61,25,492.8,424.955,2.25918,3.13245,697.918,129.63,7.56524,13.5639,27743.6,290.361,1,2,3,4,5,0
61,26,491.387,423.268,1.68833,1.54855,612.494,152.185,22.4822,14.5129,10555,209.811,1,1,1,1,1,0
61,27,491.582,423.247,1.91875,1.35504,707.359,101.316,10.5499,3.68505,12699.4,177.675,,,,,,0
62,1,495.745,167.339,1.79337,2.53167,495.755,156.569,-6.59982,-4.63031,13437.5,232.923,1,2,3,4,5,0
62,2,496.174,168.479,1.91181,2.72,609.261,125.094,-9.85503,1.32522,20710,245.893,1,2,3,4,5,0
62,3,496.376,171.039,1.93016,2.17462,350.064,121.109,0.267078,-2.12224,9163.91,174.154,1,2,3,4,5,0
62,4,498.552,175.416,2.03821,2.53048,365.572,81.3947,1.83322,3.54086,11642.2,154.041,1,2,2,4,5,0
62,5,498.467,175.368,2.14917,2.81099,339.403,68.697,0.211366,2.65541,12523.5,145.071,1,2,2,3,4,0
62,6,497.382,174.406,2.46419,2.84378,299.07,60.1035,7.75586,-2.54542,13213.9,141.805,1,1,2,3,4,0
62,7,498.07,174.11,2.39145,2.82356,289.616,60.8263,1.2674,-1.15723,11747.4,133.527,1,1,1,1,1,0
62,8,498.135,173.832,1.77343,2.23909,500.722,73.6068,0.335446,-3.42042,12396.9,153.166,1,1,1,1,1,0
62,9,497.929,173.737,2.12859,2.33356,484.412,92.2898,-2.145,-3.92067,14899.8,185.686,1,1,1,1,1,0
62,10,497.83,174.12,2.10337,1.99556,475.067,86.3548,0.632541,-0.355361,12447.3,163.006,1,1,1,1,1,0
62,11,497.951,174.245,2.3343,1.94242,402.089,106.604,-1.65304,2.28232,10956.3,169.355,1,2,3,4,5,0
62,12,496.781,172.548,2.18749,1.65726,382.799,106.708,0.0599273,-5.52035,9346.71,161.213,1,2,3,4,5,0
62,13,495.63,169.518,2.04546,2.33271,429.925,112.212,-3.91483,-2.44114,13258.7,186.077,1,2,3,4,5,0
62,14,495.065,168.441,2.77569,2.5984,373.777,64.9417,-3.35417,-0.292019,15874.4,164.598,1,1,2,3,4,0
62,15,495.196,168.759,3.11561,2.48894,329.318,51.2182,1.30621,-0.68179,14688.1,141.609,1,1,2,3,4,0
62,16,495.394,168.635,2.37298,2.50067,313.295,78.7615,-2.82016,-7.2004,11349.5,146.45,1,2,2,3,4,0
62,17,494.96,167.029,2.09007,2.53022,487.385,99.2634,-3.99536,-2.38743,15859.9,191.509,1,2,2,3,4,0
62,18,495.215,168.071,2.40485,2.38714,361.92,85.0191,-5.11218,-5.2145,12747.9,162.249,1,2,2,3,4,0
62,19,495.834,168.22,1.95564,2.02515,326.308,92.7804,-0.769219,-0.631326,8080.02,138.899,1,2,2,3,4,0
62,20,495.973,168.581,1.91803,1.77668,286.775,104.204,3.00522,2.60299,6125.99,140.538,1,2,3,4,5,0
62,21,496.784,170.917,2.29302,2.42887,306.428,98.1819,-0.304726,-0.755473,10493.3,157.42,1,2,3,4,5,0
62,22,498.144,174.094,2.04603,2.93798,261.012,128.786,-0.177341,6.48469,9432.54,185.107,1,1,1,2,2,0
62,23,498.29,174.315,2.30579,2.13702,407.534,130.47,-2.5006,10.9372,12814.1,205.083,1,1,2,2,3,0
62,24,498.367,174.735,3.48424,3.54719,410.007,22.4703,-6.85833,10.6478,27988.5,203.876,1,2,3,4,5,0
62,25,497.625,175.2,3.07909,3.5335,348.861,61.0522,0.436796,3.506,21530.9,193.071,1,2,3,4,5,0
62,26,497.47,173.043,1.84371,2.06888,423.482,116.028,-2.7047,1.67578,10040.4,176.444,1,2,3,4,5,0
62,27,495.846,170.507,2.01075,1.48514,263.773,94.7112,-2.469,-4.00625,4944.91,124.083,,,,,,0
63,1,492.364,451.786,2.30345,1.61268,541.669,307.343,-33.8471,-1.74529,12520.6,386.544,1,2,3,4,5,0
63,2,494.06,452.588,3.22366,2.24002,472.377,202.025,-9.04264,-4.77559,19950.2,322.669,1,2,3,4,5,0
63,3,494.269,456.427,1.90607,1.6732,453.943,226.021,2.93244,-13.7289,10099,280.408,1,2,3,4,5,0
63,4,494.245,459.194,2.10136,2.07163,458.582,161.866,3.47636,-1.09569,13099.3,240.391,1,2,3,4,5,0
63,5,495.068,462.101,2.03784,2.56812,348.31,128.846,2.99345,-1.28527,11204.7,193.982,1,2,3,4,5,0
63,6,497.129,465.758,2.66262,1.50316,293.073,148.795,8.87509,-5.52541,6401.41,178.828,1,2,3,4,5,0
63,7,496.275,466.666,2.11864,1.88477,278.572,144.891,5.22231,-0.881943,6948.62,181.893,1,2,3,4,5,0
63,8,492.949,462.51,2.5115,2.36563,255.73,100.787,10.1319,1.16392,9401.58,158.03,1,1,2,2,3,0
63,9,492.464,462.47,2.377,2.2942,347.184,91.1975,4.608,-4.92267,11503.3,162.101,1,1,2,3,3,0
63,10,491.749,462.721,2.39651,2.33256,393.105,68.9685,4.56984,-3.50104,13502.2,151.935,1,1,2,3,3,0
63,11,491.544,462.916,2.01201,2.18588,425.07,96.5732,4.95146,-6.57161,11642.5,168,1,2,2,3,5,0
63,12,491.932,462.119,1.92158,1.92542,478.47,79.9807,8.89638,-6.21537,11086.7,142.308,1,2,3,4,5,0
63,13,492.872,463.358,2.04435,1.88224,311.503,82.067,5.66689,-2.51441,7496.8,124.686,1,2,3,4,5,0
63,14,493.093,467.774,2.22025,2.58743,298.766,61.8276,3.67185,-1.47318,10499.1,130.45,1,2,3,4,5,0
63,15,492.883,469.606,2.65049,2.45913,364.575,50.3251,0.694501,-2.51135,15096.9,140.036,1,2,3,4,5,0
63,16,493.298,471.348,2.85118,1.46764,317.427,86.0492,3.70443,-1.55483,8050.12,139.065,1,2,3,4,5,0
63,17,492.674,471.3,1.99232,1.48367,288.567,86.7852,3.27516,-0.0175941,5345.21,115.87,1,2,3,4,5,0
63,18,491.616,465.06,2.08766,3.4987,249.385,78.2538,5.78944,-0.569981,10032.2,140.964,1,2,3,4,5,0
63,19,492.947,465.761,2.31153,2.48826,301.093,77.9719,6.93414,-3.18691,10615.2,140.923,1,2,3,4,5,0
63,20,495.827,466.746,2.47922,2.94281,323.4,69.658,2.16971,-4.10058,13999.5,149.663,1,2,3,4,5,0
63,21,496.622,467.506,1.52876,1.98829,423.955,94.8221,4.52321,-1.21316,8945.9,145.74,1,2,3,4,5,0
63,22,495.986,468.811,1.65554,1.92564,261.556,92.0242,8.563,2.37634,5229.33,121.905,1,2,3,4,5,0
63,23,493.542,468.182,1.90157,2.52151,246.794,79.923,2.67321,1.53322,7302.08,120.935,1,2,3,4,5,0
63,24,493.857,469.531,2.08244,2.19447,264.024,80.9737,1.89145,-0.916061,7352.56,125.497,1,2,3,4,5,0
63,25,494.173,470.88,2.26331,1.86743,281.255,82.0244,1.10968,-3.36534,7403.04,130.059,1,2,3,4,5,0
63,26,492.458,472.605,2.16297,2.21515,401.639,64.2787,-4.52099,-0.367084,11755.4,131.805,1,2,3,4,5,0
63,27,490.453,471.762,1.39676,1.21561,653.359,116.529,2.93235,-3.22352,6970.56,153.751,1,2,3,4,5,0
63,28,489.996,469.67,2.45006,2.14993,455.783,55.4491,2.04749,-2.58324,14798.7,143.047,1,2,3,4,5,0
63,29,490.718,471.191,2.46811,2.23347,292.347,81.2881,4.48352,-6.58806,9904.18,139.964,1,2,3,4,5,0
63,30,492.771,470.718,2.44961,1.6423,405.23,106.068,-0.756324,-4.9357,10096.5,164.769,1,2,3,4,5,0
63,31,493.524,469.968,2.65349,2.40712,370.496,103.81,-4.52923,-4.94024,14840.1,193.124,1,2,3,4,5,0
63,32,493.99,470.759,2.50931,2.97171,369.853,61.2859,1.48941,-1.18384,16652.8,160.604,1,2,3,4,5,0
63,33,496.374,471.711,2.12963,1.76729,252.933,88.3009,1.17019,1.38676,5946.98,120.769,1,2,3,4,5,0
63,34,497.663,472.502,3.39565,3.09463,299.683,34.194,4.76371,-1.7365,17992.5,145.716,1,2,3,4,5,0
63,35,498.182,471.991,2.27125,2.67502,270.001,73.3369,3.52801,-2.76982,9979.28,133.905,1,2,3,4,5,0
63,36,499.546,473.01,2.02295,2.32445,263,85.4735,8.16405,0.433253,7676.11,133.266,,,,,,0
64,2,160.369,359.983,2.00652,2.35851,302.217,225.255,-5.9215,12.3887,8880.06,273.402,1,2,3,4,5,0
64,3,160.636,359.535,2.25796,2.07703,309.364,173.941,-9.01853,13.3332,10624.6,233.42,1,2,3,4,5,0
64,4,156.131,365.804,2.55884,2.14982,431.486,146.463,6.42356,-7.30081,14565.2,245.947,1,2,3,4,5,0
64,5,156.258,365.548,2.7336,1.88397,367.394,167.94,13.9289,-6.91114,11345.5,236.828,1,2,3,4,5,0
64,6,156.675,363.937,2.61693,2.16098,276.724,158.509,0.695692,0.0523614,9911.6,220.456,1,2,3,4,5,0
64,7,155.094,363.841,2.94513,2.18655,310.935,140.792,-7.04295,3.304,11998.7,216.089,1,2,3,4,5,0
64,8,153.344,364.468,3.25781,3.24608,313.312,103.313,2.18065,-0.904162,18290.9,213.379,1,2,3,4,5,0
64,9,153.277,367.798,1.21239,3.60732,253.009,102.202,6.32023,-3.48794,6287.83,143.456,1,2,3,4,5,0
64,10,153.08,372.447,1.94803,2.39365,210.034,110.743,2.49602,3.5024,6062.2,147.207,1,2,3,4,5,0
64,11,153.352,373.783,1.68717,2.97579,299.045,111.949,2.68185,1.19883,9148.85,166.917,1,2,3,4,5,0
64,12,152.762,371.614,1.83057,2.5504,351.091,144.296,6.27005,-4.3473,9062.83,197.822,1,2,3,4,5,0
64,13,154.063,365.421,2.42541,3.51999,299.504,130.048,3.25715,-6.75638,14447.3,223.941,1,2,3,4,5,0
64,14,154.498,364.567,2.48419,2.81171,366.42,99.5846,-2.52513,0.785983,15268.7,196.479,1,1,2,2,3,0
64,15,154.461,364.729,2.43547,3.09383,324.863,79.7082,-1.21865,-1.81674,14359.9,173.976,1,1,2,2,3,0
64,16,154.758,364.182,2.03462,2.27018,268.027,109.506,-1.26975,-2.56216,7693.19,154.414,,,,,,0
65,2,162.155,42.6573,1.44763,1.62255,288.376,74.7454,-1.00537,-0.581175,4254.94,101.183,1,1,1,1,1,0
65,3,162.348,42.9142,1.53635,1.79877,358.847,61.0469,-2.48751,2.25911,6225.72,101.16,1,1,1,1,1,0
65,4,162.003,42.8411,1.33663,1.25418,472.055,70.0579,-4.64544,-0.203943,4972.11,100.923,1,1,1,1,1,0
65,5,161.802,43.0206,1.0289,1.42706,481.276,76.3652,-0.956584,0.225124,4441.39,102.893,1,1,1,1,1,0
65,6,162.196,42.8813,1.04018,1.60203,423.677,77.5246,-2.07653,1.70965,4440.75,102.083,1,1,1,1,1,0
65,7,162.414,42.5187,0.784895,1.44081,594.5,64.2737,-1.21203,3.33255,4124.33,86.0473,1,1,1,1,1,0
65,8,161.89,42.4005,1.73529,1.59907,329.226,63.2644,1.96849,2.43304,5277.05,97.9112,1,1,1,1,1,0
65,9,162.347,42.4552,1.51989,1.6373,306.7,65.432,-1.19395,1.16917,4564.69,95.6746,1,1,1,1,1,0
65,10,162.189,42.9262,1.34775,1.45313,428.632,66.0564,-0.033205,-1.06705,5274.32,98.5503,1,1,1,1,1,0
65,11,162.081,42.814,1.71498,1.67348,385.275,69.8477,2.48597,0.124335,6942.77,111.621,1,1,1,1,1,0
65,12,161.844,42.8325,1.73912,1.76142,390.306,60.5976,2.83178,3.15214,7504.44,106.053,1,1,1,1,1,0
65,13,162.069,42.9394,1.68495,1.89347,395.643,68.7171,-1.66373,2.86026,7918.31,115.355,1,1,1,1,1,0
65,14,162.468,43.1759,1.44288,1.46289,494.325,79.1096,-2.39135,-1.12447,6555.46,113.817,1,1,1,1,1,0
65,15,162.405,42.8974,1.45097,1.33364,579.122,78.144,-2.95469,-3.56762,7040.85,121.148,1,1,1,1,1,0
65,16,162.327,42.7481,1.81307,1.40861,337.102,72.3814,0.428428,-0.517482,5404.03,104.491,1,1,1,1,1,0
65,17,162.407,42.9427,1.61563,1.58418,286.173,77.1938,3.65855,-2.27416,4600.45,102.26,,,,,,0
66,2,161.05,381.588,1.79062,1.81346,322.823,134.594,-4.456,-8.52065,6577.15,170.763,1,1,2,3,4,0
66,3,160.306,382.16,2.4097,2.24746,421.382,71.9742,2.83332,-3.03399,14051.8,156.408,1,1,2,2,3,0
66,4,160.003,382.337,2.34232,2.0704,409.192,57.8435,1.02548,-2.7475,12297.8,131.024,1,1,1,2,2,0
66,5,159.626,382.472,2.21601,1.95415,516.773,68.8879,0.177085,-5.75003,13515.1,150.249,1,1,1,1,1,0
66,6,159.81,382.205,2.56717,2.1699,577.918,54.6597,0.432727,-4.59863,19734.4,177.988,1,1,1,1,1,0
66,7,159.84,382.486,2.44622,2.30908,523.371,69.9182,4.26752,-6.2325,18130.2,182.923,1,2,3,3,4,0
66,8,158.845,383.322,3.43771,3.15918,458.18,-37.0811,26.0588,-29.0846,32385,184.118,1,2,3,4,4,0
66,9,160.658,382.982,2.50848,2.22302,311.22,87.5537,8.51088,-21.699,11850.3,171.976,1,2,3,3,4,0
66,10,161.753,382.493,2.34974,1.99128,234.725,90.2432,0.397223,-10.7544,6807.67,133.402,1,2,2,3,4,0
66,11,161.822,381.84,1.75568,1.66559,344.397,95.968,-0.0702384,-7.98516,6322.95,141.467,1,2,2,3,4,0
66,12,161.461,382.013,1.90642,1.73972,286.956,105.809,-2.16768,-3.36501,5965.44,137.071,1,2,3,4,5,0
66,13,161.691,382.934,1.52054,2.77958,250.873,95.1116,-2.08703,-8.01851,6464.99,132.87,1,2,3,4,5,0
66,14,160.768,375.952,2.26406,3.08231,308.754,125.029,-1.60775,6.00065,12754.3,199.615,1,2,3,4,5,0
66,15,159.922,377.817,2.48448,3.07874,389.565,105.458,-0.823444,3.03959,17901.3,210.973,1,2,3,4,5,0
66,16,159.075,379.682,2.70489,3.07518,470.376,85.8865,-0.0391374,0.0785237,23048.3,222.331,1,2,3,4,5,0
66,17,161.417,381.491,2.84435,2.06783,295.734,108.278,-14.1513,-6.15807,10519.2,172.533,1,2,2,4,5,0
66,18,161.294,381.585,2.33202,1.76553,352.29,94.309,-5.05783,-3.59042,9015.05,146.639,1,2,2,3,4,0
66,19,160.363,382.017,2.29601,2.102,383.84,85.1764,-3.30837,-3.61389,11486,147.828,,,,,,0
67,2,173.78,292.359,2.79592,2.8885,858.263,303.108,-7.4195,-10.0562,39583.9,548.799,1,2,3,4,5,0
67,3,173.489,293.495,1.8956,2.06433,778.744,365.814,-21.2793,-13.1381,19099.5,478.083,1,2,3,4,5,0
67,4,172.279,292.085,3.17234,2.29708,434.15,242.174,8.17278,10.0903,19706.9,364.574,1,2,3,4,5,0
67,5,173.443,292.933,3.62787,1.95836,433.836,220.914,3.61077,1.93409,18633.6,334.462,1,2,3,4,5,0
67,6,174.607,293.782,4.0834,1.61964,433.522,199.654,-0.951226,-6.22208,17560.2,304.349,1,2,3,4,5,0
67,7,172.725,296.095,2.87387,2.119,506.432,147.395,-11.6492,0.0712592,19480.4,268.698,1,2,3,4,5,0
67,8,170.536,295.588,2.41374,3.13192,444.511,144.513,0.232969,10.9281,21152.8,274.03,1,2,3,4,5,0
67,9,167.257,296.545,2.29817,2.67236,524.009,113.36,3.92865,0.493411,20904.7,238.092,1,2,3,4,5,0
67,10,163.978,297.503,2.1826,2.2128,603.508,82.2075,7.62433,-9.94125,20656.6,202.154,1,2,3,4,5,0
67,11,163.228,296.431,2.26855,2.36876,613.147,94.6504,3.37257,-8.55054,19993.5,213.544,1,2,3,4,5,0
67,12,164.326,294.997,1.7,1.90186,619.313,151.159,2.68544,-2.04675,12557.9,225.574,1,2,3,4,5,0
67,13,164.975,293.107,2.32877,1.41321,647.796,169.656,11.7851,-13.4508,13274.6,237.923,1,2,3,4,5,0
67,14,164.661,291.213,1.93138,2.31378,1121.5,128.596,7.62276,-1.97113,31320,310.509,1,2,2,3,4,0
67,15,165.08,290.667,1.85774,2.06405,1235.43,140.273,4.54444,-3.55775,29620.9,316.178,1,2,2,3,4,0
67,16,165.452,290.299,1.81488,1.98933,1526.41,120.222,0.118405,-5.86572,35070,322.432,1,2,2,3,4,0
67,17,166.164,290.163,2.0768,2.27333,1150.7,112.04,-1.48922,-13.334,34333.1,318.609,1,2,2,3,4,0
67,18,167.705,289.553,2.04966,2.03112,1018.85,143.875,-3.72125,-12.2748,27608.5,306.166,1,2,2,3,4,0
67,19,167.546,289.662,1.83093,2.14989,815.992,127.077,-5.25931,-4.23644,20888.1,248.917,1,2,3,3,4,0
67,20,166.677,291.007,2.04295,2.44247,860.247,102.931,0.687356,-4.28436,26538.6,258.876,1,2,3,3,4,0
67,21,165.875,291.249,1.87044,1.96435,893.464,120.817,3.05043,-2.08021,20491.7,236.172,1,2,3,3,4,0
67,22,164.616,291.555,2.11908,1.90239,1162.95,110.063,6.47298,-1.36925,29986,288.444,1,2,3,3,4,0
67,23,165.051,292.804,1.92294,2.08647,1036.3,144.547,1.89434,-5.976,25982,294.876,1,2,3,3,4,0
67,24,165.367,293.272,2.10902,2.56011,939.891,108.687,-0.129615,-2.14698,30094.1,285.669,1,2,3,4,5,0
67,25,166.801,292.022,2.27899,2.32689,602.672,98.3137,-0.407923,-3.44401,19729.6,211.396,1,2,3,4,5,0
67,26,168.199,292.673,2.707,2.0594,575.742,107.176,3.91192,-9.16643,19393.7,221.041,1,2,3,4,5,0
67,27,166.168,293.648,1.83643,1.89678,506.339,117.548,0.725387,-2.23584,11052.8,182.994,1,2,3,4,5,0
67,28,164.05,295.221,2.21401,1.83434,704.79,141.246,-4.61612,-11.7716,16971.4,237.609,1,2,3,4,5,0
67,29,163.529,295.407,2.3814,1.97431,610.932,113.715,-5.19398,-8.61989,16567.2,205.787,1,2,3,4,5,0
67,30,161.848,294.374,2.28335,2.47319,661.527,100.656,-1.65655,-0.0824885,22913.3,235.16,1,2,3,4,5,0
67,31,160.769,295.447,1.93052,2.1553,755.837,87.8765,-5.94309,-6.07371,19607.4,201.065,1,2,3,4,5,0
67,32,161.634,296.136,1.55005,1.66347,533.606,112.306,-4.20675,-1.22489,8641.54,157.497,1,2,3,4,5,0
67,33,162.644,298.983,2.29202,2.5716,305.55,63.7357,-0.491348,-2.63553,10981.8,131.071,1,2,3,4,5,0
67,34,163.464,300.83,2.498,2.71322,290.122,42.0947,-3.99197,-3.51556,11818.7,121.704,1,2,3,4,5,0
67,35,163.696,301.646,2.1669,2.28723,260.792,63.4065,-3.12431,-3.30084,8387.86,117.355,1,2,3,4,5,0
67,36,163.928,302.461,1.83581,1.86125,231.463,84.7182,-2.25665,-3.08611,4957.02,113.006,,,,,,0
68,2,201.864,306.388,1.58625,2.00628,301.038,103.819,5.85289,-4.21035,6004.33,134.893,1,1,2,2,1,0
68,3,201.714,306.283,2.10336,1.75452,404.484,96.1741,4.72836,-5.73443,9313.85,147.71,1,2,3,4,5,0
68,4,202.362,306.854,2.44935,1.83479,338.03,89.8157,3.68064,-4.17012,9395.75,142.272,1,2,3,4,5,0
68,5,204.029,307.986,2.09652,2.10687,291.017,87.9845,5.19679,-6.83781,7840.58,130.704,1,2,3,4,5,0
68,6,205.696,309.117,1.74368,2.37896,244.005,86.1533,6.71294,-9.50551,6285.42,119.136,1,2,3,4,5,0
68,7,206.783,307.042,1.95314,1.67144,270.422,113.69,9.10363,-2.93735,5537.52,141.089,1,2,3,4,5,0
68,8,210.465,306.483,1.78384,1.62091,259.225,112.388,5.34393,0.434194,4743.85,136.642,1,2,3,4,5,0
68,9,214.147,305.925,1.61453,1.57037,248.029,111.085,1.58422,3.80574,3950.18,132.195,1,2,3,4,5,0
68,10,213.662,305.791,1.31841,1.67093,256.478,94.4882,0.255316,3.82538,3549.1,117.527,1,2,3,4,5,0
68,11,211.237,305.02,2.40545,2.17757,230.696,98.1544,0.0633121,2.87334,7459.26,139.207,1,2,3,4,5,0
68,12,212.083,306.098,2.38756,2.78048,215.531,85.3756,-2.75539,-0.218548,8619.9,135.396,1,2,3,4,5,0
68,13,210.66,307.141,1.39325,1.68568,303.257,128.413,2.12694,3.45567,4482.51,149.349,1,2,3,4,5,0
68,14,210.358,309.263,2.34994,2.55749,274.627,94.2835,-1.80958,0.905533,10063.2,156.911,1,2,3,4,5,0
68,15,211.866,307.963,2.15221,0.991116,344.104,118.913,-0.721896,7.42043,4590.83,139.68,1,2,3,4,5,0
68,16,213.544,308.036,2.24787,1.49995,356.775,94.0164,4.22337,1.26818,7494.96,136.929,,,,,,0
69,2,337.863,218.295,2.74016,2.19677,289.234,93.9389,-3.96559,-0.0907541,10567.2,158.633,1,1,2,3,4,0
69,3,337.602,218.107,2.31994,1.68283,472.379,102.781,-2.20926,-0.140804,11321.9,168.195,1,2,2,3,4,0
69,4,337.374,219.277,2.39544,2.44979,446.871,73.5559,2.76492,-3.67872,16949,174.828,1,2,2,3,4,0
69,5,337.514,220.362,3.01303,2.46421,350.332,108.299,0.508885,-3.03405,14823.9,201.592,1,2,2,3,4,0
69,6,337.289,220.179,2.14637,1.98757,491.959,129.896,-2.24863,-4.35122,13087.2,203.059,1,2,2,3,4,0
69,7,337.651,220.494,1.67159,1.71625,475.809,128.087,7.00918,-12.268,8569.21,180.663,1,2,3,4,5,0
69,8,338.135,223.723,2.25674,1.61463,264.777,124.443,-2.03467,-13.0371,5980.96,159.355,1,2,3,4,5,0
69,9,336.131,224.768,2.78518,1.93869,410.94,126.228,-3.76791,-5.54752,13491.1,211.846,1,2,3,4,5,0
69,10,337.714,223.662,3.09983,1.94239,362.708,117.507,-1.78687,-4.86487,12907.6,196.343,1,2,3,4,5,0
69,11,336.501,223.031,1.73073,1.70025,417.082,167.99,-1.89573,-4.76529,6364.51,200.55,1,2,3,4,5,0
69,12,332.897,222.757,1.75287,1.85012,531.974,165.728,-4.5941,-2.54876,10368.4,223.589,1,2,3,4,5,0
69,13,329.293,222.484,1.77501,2,646.866,163.466,-7.29246,-0.332236,14372.2,246.627,1,2,3,4,5,0
69,14,327.89,221.751,2.52845,2.33396,642.565,122.928,-6.69238,3.49627,23779.8,267.84,1,2,3,4,5,0
69,15,328.439,222.323,2.55512,2.57398,673.179,115.454,-25.0913,10.3919,28128.7,293.905,1,2,3,4,5,0
69,16,326.798,225.325,3.94317,2.67358,431.258,169.8,6.33485,-3.04166,24193,310.189,1,2,3,4,5,0
69,17,327.608,226.79,2.36049,2.3635,507.724,215.119,11.9648,-2.06137,13994,296.112,1,2,3,4,5,0
69,18,328.866,225.372,2.138,3.17975,531.477,165.457,-2.29099,6.42171,20845,285.225,1,2,3,4,5,0
69,19,330.275,223.315,1.8854,2.40542,708.232,185.858,14.3802,9.64591,20922.3,304.604,1,2,3,4,5,0
69,20,333.915,229.487,1.28948,3.71843,378.112,191.254,-1.54878,-7.97118,10155,251.763,1,2,3,4,5,0
69,21,333.208,228.125,2.71801,3.17122,347.508,86.833,-3.17254,-6.64989,17259.2,198.237,1,2,3,4,5,0
69,22,332.013,226.971,2.09131,2.30836,439.477,133.933,12.4525,-5.08808,13163.1,218.71,1,2,3,4,5,0
69,23,333.365,225.621,2.54135,3.10187,497.582,155.599,11.6665,-5.29698,22578.5,284.018,1,2,3,4,5,0
69,24,333.702,224.911,2.74625,3.20055,731.921,102.717,-1.73426,-1.80393,36905.3,328.686,1,2,3,4,5,0
69,25,333.995,226.058,2.96291,2.60406,802.075,106.321,-1.88143,-14.4166,36842.1,330.379,1,2,3,4,5,0
69,26,332.757,226.981,2.33062,2.73351,832.515,149.982,2.83884,-3.8333,32094.8,338.166,1,2,3,4,5,0
69,27,331.925,228.092,2.64168,2.65438,733.15,116.354,-8.89812,-8.38988,30850.7,298.213,1,2,3,4,5,0
69,28,330.704,229.839,1.97328,1.5551,407.882,168.702,-9.65129,-8.12819,7847.29,210.68,1,2,3,4,5,0
69,29,330.964,230.96,1.92676,1.73266,450.539,172.701,-13.2421,-9.60776,9431.6,231.219,1,2,3,4,5,0
69,30,329.863,227.684,2.31227,2.45747,423.006,152.943,-9.92656,-9.10334,15385.6,254.447,1,2,3,4,5,0
69,31,328.763,224.407,2.69777,3.18227,395.473,133.185,-6.61102,-8.59892,21339.7,277.675,,,,,,0
70,2,349.566,208.31,2.09546,3.01699,352.647,135.697,7.93368,-5.76738,12869,210.337,1,2,3,4,5,0
70,3,348.216,208.676,1.64172,3.22775,337.713,154.181,-1.65865,-2.67198,10529.8,220.757,1,2,3,4,5,0
70,4,344.626,205.262,2.21768,3.37126,288.776,151.222,10.3924,2.61981,13063.6,236.899,1,2,3,4,5,0
70,5,345.798,205.436,2.04986,2.96358,309.984,185.948,-11.269,-1.24536,10758.8,247.391,1,2,3,4,5,0
70,6,344.98,207.815,2.66351,3.5144,455.965,99.4564,-3.29106,-2.13039,26136.6,262.068,1,2,3,4,5,0
70,7,344.162,210.194,3.27715,4.06523,601.946,12.9644,4.68687,-3.01543,41514.3,276.746,1,2,3,4,5,0
70,8,343.851,210.14,2.96399,3.48384,438.184,116.348,0.548754,3.07422,24153.1,267.515,1,2,3,4,5,0
70,9,342.752,208.166,3.15142,3.75365,309.198,92.2947,10.1201,3.21625,20226.2,224.148,1,2,3,4,5,0
70,10,345.962,204.64,2.58647,3.01498,287.834,135.318,1.96937,7.636,12993.4,218.929,1,2,3,4,5,0
70,11,346.921,206.075,1.89418,1.65145,346.053,170.344,-1.68409,3.08965,6790.75,210.272,1,2,3,4,5,0
70,12,346.639,207.475,1.7033,1.52796,312.56,163.311,-0.000346223,10.1581,5019.87,186.355,1,2,3,4,5,0
70,13,348.083,209.433,2.59076,3.14172,393.107,72.243,0.228963,-4.34833,18842.5,186.343,1,2,3,4,5,0
70,14,348.549,207.509,2.12838,3.10238,432.662,108.148,-1.81846,4.52566,16299,202.964,1,2,3,4,5,0
70,15,347.702,207.249,2.41274,3.24215,323.493,85.4257,3.76628,-2.73437,15414,183.473,1,2,3,4,5,0
70,16,345.411,208.308,2.72416,2.84875,310.912,81.7353,-2.66556,-3.05855,14263.3,170.216,1,2,3,4,5,0
70,17,343.119,209.367,3.03559,2.45534,298.331,78.0449,-9.09741,-3.38273,13112.6,156.959,1,2,3,4,5,0
70,18,341.565,208.684,2.17695,2.94346,283.677,97.5554,-2.90739,-4.516,11236.9,164.87,1,2,3,4,5,0
70,19,342.263,208.503,2.31953,2.90571,251.195,106.67,-2.52487,-7.27876,10431.9,167.805,1,2,2,3,5,0
70,20,342.774,208.819,2.20464,2.17582,425.73,101.476,-2.70886,2.15069,12679.3,180.213,1,2,3,4,5,0
70,21,342.144,208.794,1.77579,1.57156,448.984,137.724,-7.00123,3.68256,6211.72,171.29,1,2,3,4,5,0
70,22,340.621,210.962,1.96372,2.82972,285.443,104.764,-1.41983,-4.09453,9519.04,164.686,1,2,3,4,5,0
70,23,338.633,209.637,1.64576,2.08441,325.096,129.534,0.508386,-0.0979446,6422.38,166.988,1,2,3,4,5,0
70,24,340.056,206.692,2.15665,2.92711,243.895,114.132,-1.37054,-4.30144,9092.78,174.361,1,2,3,4,5,0
70,25,344.16,206.649,1.72815,1.94579,252.997,132.278,-1.41864,-1.34951,5331.55,162.598,1,2,3,4,5,0
70,26,344.811,206.368,2.26205,2.01283,285.015,134.596,2.84114,-3.22912,7368.01,178.426,1,2,3,4,5,0
70,27,345.25,207.778,2.48995,2.43354,266.731,102.494,-3.26232,-6.36503,9860.64,163.751,,,,,,0
71,3,287.602,213.258,2.1418,3.6158,528.358,124.298,-0.796998,10.338,22499.1,271.852,1,2,2,3,4,0
71,4,287.758,212.371,2.27627,2.80061,505.194,138.828,-1.91037,6.21699,19133.7,258.722,1,2,2,3,4,0
71,5,288.814,213.179,1.81869,2.45614,420.642,159.128,0.0241703,5.08458,11630.3,236.544,1,1,2,1,1,0
71,6,288.798,213.223,1.84482,2.44699,355.041,153.685,6.25894,6.6789,9923.68,215.609,1,1,2,2,1,0
71,7,288.921,213.147,1.94285,2.79201,406.111,136.166,6.46967,7.19944,13390.4,215.621,1,1,2,2,3,0
71,8,288.786,212.618,1.82651,2.00799,451.639,137.546,5.09809,2.34511,10366.5,196.036,1,1,2,2,4,0
71,9,288.042,211.828,2.12333,2.29019,551.217,107.287,-2.85246,-4.97741,16626.8,209.349,1,1,2,2,3,0
71,10,288.225,211.61,2.04437,2.01219,564.426,137.399,-1.26271,-0.823809,14496.9,228.361,1,1,2,2,3,0
71,11,288.277,211.978,1.82493,2.25095,522.776,175.814,6.17409,9.01197,13383.4,254.858,1,1,2,2,3,0
71,12,287.922,212.349,2.10341,2.44204,540.108,179.069,4.27324,9.38887,16864.6,283.817,1,1,2,2,3,0
71,13,288.118,211.9,2.06351,2.2944,605.435,169.815,-2.6965,14.6187,18010.4,272.905,1,1,2,2,3,0
71,14,288.551,212.071,1.7849,1.8829,598.659,237.693,-5.25457,14.4536,12860.6,318.237,1,1,2,2,3,0
71,15,288.074,212.746,1.87548,2.16538,551.789,238.525,-15.1326,19.0919,13987.1,312.935,1,1,2,2,2,0
71,16,288.203,212.501,1.73534,1.73739,600.698,198.73,-12.4943,13.0195,11365.3,265.988,1,1,2,2,2,0
71,17,287.991,212.269,1.99996,2.00591,477.298,138.926,-2.06364,6.31455,11673.9,215.438,1,1,2,2,2,0
71,18,287.554,212.164,2.13281,1.97294,571.496,134.642,-0.78844,-0.534113,15009.6,233.183,1,1,2,3,4,0
71,19,287.959,212.573,1.94208,2.57435,447.07,176.261,-3.74602,14.2805,13729,258.166,1,2,2,3,4,0
71,20,288.206,213.667,2.07217,2.90221,408.644,168.903,2.59104,13.6933,15270.4,256.547,1,2,2,3,4,0
71,21,288.452,214.76,2.20226,3.23006,370.217,161.545,8.9281,13.106,16811.7,254.929,1,2,2,3,4,0
71,22,288.453,213.704,2.25311,1.96872,428.258,153.847,6.65038,3.87165,11807.4,220.515,1,2,2,3,4,0
71,23,287.998,213.172,1.81996,2.10421,592.608,134.402,0.397508,-2.492,13742.4,220.544,1,2,2,3,4,0
71,24,287.718,214.105,2.36556,2.02766,388.324,136.46,-2.48253,8.71838,11374.7,213.201,1,2,2,3,4,0
71,25,287.248,215.086,2.44236,3.21803,359.412,127.402,-3.49322,3.02786,18496.9,259.941,1,2,3,3,4,0
71,26,288.024,213.104,1.92819,1.91745,485.558,169.547,-4.98988,9.5209,11244,243.237,1,1,2,3,4,0
71,27,288.499,213.072,2.00018,2.48407,480.288,141.582,-3.76647,12.2239,14720.1,247.018,1,1,2,3,4,0
71,28,288.219,212.68,2.21438,2.39076,372.629,152.712,-3.9576,16.5765,12168.3,229.722,1,1,2,3,4,0
71,29,288.183,212.742,1.88849,2.01267,372.957,191.281,-5.21749,13.6535,8870.17,238.781,1,2,2,3,4,0
71,30,288.945,212.02,2.39333,2.66215,391.252,153.18,-15.8096,24.7011,16653.9,272.154,1,2,2,3,4,0
71,31,290.009,212.184,2.7322,2.08317,404.03,80.356,-33.1797,32.5227,24099.8,229.586,1,2,2,3,4,0
71,32,288.656,212.449,1.67215,1.51209,404.096,231.391,-26.3857,36.5436,10721.4,287.479,1,2,2,3,4,0
71,33,288.94,212.148,2.01581,1.91983,426.091,191.884,-31.8818,33.2392,14101.5,289.858,1,2,2,3,4,0
71,34,288.639,212.666,1.60961,1.81762,472.034,201.792,-21.3705,14.9779,8292.81,252.136,1,2,2,3,4,0
71,35,288.922,211.962,1.97909,2.07913,451.643,153.091,-24.8326,21.7432,13336.1,237.024,1,2,2,3,4,0
71,36,287.854,212.265,1.87839,1.91476,609.133,222.136,-25.8849,34.693,17695.4,331.722,,,,,,0
72,3,336.944,242.27,2.42453,1.91895,349.404,138.076,-4.84487,4.96302,11747.3,209.095,1,2,3,4,5,0
72,4,338.548,242.733,2.46647,2.23346,378.37,137.056,2.5036,-4.17273,12745.4,219.604,1,2,3,4,5,0
72,5,338.424,245.288,1.5018,1.52636,533.957,157.684,1.096,-6.20792,7690.18,197.479,1,2,3,4,5,0
72,6,337.191,245.741,1.9178,2.07576,500.714,143.802,-3.42566,2.70703,12458.5,218.953,1,2,3,4,5,0
72,7,335.74,245.555,2.43277,1.67639,463.629,160.064,-7.85745,-0.671641,11714.6,229.562,1,2,3,4,5,0
72,8,334.01,246.242,1.68198,2.02219,438.285,152.158,-8.51742,4.54311,9336.61,207.136,1,2,3,4,5,0
72,9,331.975,248.639,2.34093,2.27246,518.566,104.881,-0.379723,-1.04973,17016,208.698,1,2,3,4,5,0
72,10,331.739,248.267,2.9249,2.16415,476.757,100.906,1.42897,-4.32295,18102,211.55,1,2,3,4,5,0
72,11,332.746,245.939,2.41718,2.63119,387.901,94.828,-6.00926,-0.522074,14967.4,192.633,1,2,3,4,5,0
72,12,331.603,243.201,1.13545,2.00217,353.376,162.248,-6.87061,-0.506732,5039.62,192.456,1,2,3,4,5,0
72,13,331.281,242.546,1.62975,2.43148,402.76,149.956,-7.42638,5.42186,9879.97,208.225,1,2,3,4,5,0
72,14,331.026,245.787,2.14982,3.30541,488.134,157.11,-5.19047,7.73306,20101.3,273.953,1,2,3,4,5,0
72,15,332.057,246.057,2.92,3.91518,370.885,146.152,-9.8161,8.49236,21960.2,278.107,1,2,3,4,5,0
72,16,335.15,245.322,2.24028,2.52075,322.043,157.603,-11.499,8.55585,10552.8,217.207,1,2,3,4,5,0
72,17,337.908,247.86,1.99119,1.81715,416.565,135.507,-3.9238,-5.64211,9442,195.503,1,2,3,4,5,0
72,18,338.693,247.33,2.49643,2.126,476.742,106.769,1.89056,2.71921,15562.1,200.367,1,2,3,4,5,0
72,19,339.879,248.049,2.65718,2.86928,272.795,94.0739,4.61851,7.35455,12793,171.669,1,2,3,4,5,0
72,20,341.772,249.149,3.65411,2.67807,404.171,100.671,3.49232,-0.0269538,22564.2,235.675,1,2,3,4,5,0
72,21,343.908,246.832,2.1663,1.83702,427.835,135.901,-11.4113,-3.75847,10631.2,206.219,1,2,3,4,5,0
72,22,344.511,243.565,1.63495,2.18382,564.014,96.5001,-2.45964,-5.67542,12565.9,171.213,1,2,3,4,5,0
72,23,344.849,241.822,2.03336,2.56324,541.842,102.546,-1.9054,-13.1361,17361.8,210.734,1,2,3,4,5,0
72,24,345.861,242.428,2.12312,1.98157,389.835,126.133,-5.36142,-9.04479,10231.5,185.243,1,2,3,4,5,0
72,25,348.076,242.051,2.30652,2.43149,274.534,109.423,-10.332,-5.7459,9465.41,161.905,1,2,3,4,5,0
72,26,347.873,240.666,2.04004,2.17034,266.503,116.708,-9.44813,-8.14335,7491.59,161.281,1,2,3,4,5,0
72,27,347.67,239.281,1.77357,1.90919,258.471,123.993,-8.5643,-10.5408,5517.77,160.657,1,2,3,4,5,0
72,28,347.705,233.676,1.87234,1.66769,317.987,156.485,-12.4905,11.4474,4226.1,184.586,,,,,,0
73,4,200.066,83.7002,1.60562,2.35259,285.753,122.626,-3.66247,0.281916,6754.93,163.367,1,2,3,4,5,0
73,5,200.302,83.9489,1.59751,2.21561,235.991,152.504,-2.11355,1.33213,5214.78,185.888,1,2,3,4,5,0
73,6,204.495,83.7766,2.87905,2.02577,261.126,139.278,-9.49983,-4.87941,9969.42,198.621,1,2,3,4,5,0
73,7,204.082,84.0239,3.30638,1.9124,271.483,122.319,-7.19913,1.96739,10132.5,175.805,1,2,3,4,5,0
73,8,204.543,84.4833,2.8519,2.38721,251.021,71.8729,-3.51754,-7.22736,10582,143.302,1,2,3,4,5,0
73,9,206.552,81.9575,1.44314,2.36094,385.369,119.37,-2.761,-5.66572,8537.4,175.183,1,2,3,4,5,0
73,10,205.776,83.6153,2.36903,2.22156,279.005,109.841,-5.32368,-5.72351,9066.53,165.065,1,2,3,4,5,0
73,11,204.71,84.3272,2.78268,2.49968,386.317,60.9909,-3.17198,-3.85429,16088,161.982,1,1,1,1,1,0
73,12,204.789,84.0301,1.74662,1.83118,439.281,87.9555,-1.75988,-0.00344679,8814.96,139.136,1,1,1,1,1,0
73,13,204.672,84.3275,1.5712,1.89905,256.097,89.0288,-2.13936,2.1608,4792.79,111.521,1,2,3,4,5,0
73,14,201.504,88.0417,1.77692,1.99973,268.35,89.1194,-2.82503,-3.4588,5971,126.811,1,2,3,4,5,0
73,15,199.281,89.7428,2.78654,2.06827,428.079,128.815,-8.39911,-0.638317,14404.6,212.302,1,2,3,4,5,0
73,16,199.167,90.3188,3.32668,2.40636,283.842,118.849,-8.50239,-1.88138,13108.3,194.041,1,2,3,4,5,0
73,17,197.541,91.4605,3.13125,2.4379,333.873,119.758,0.205377,-4.0778,14219.9,207.722,1,2,3,4,5,0
73,18,199.055,92.6596,3.05605,2.82015,570.207,65.9427,-4.29607,-2.94811,28412.5,239.361,1,2,3,4,5,0
73,19,198.811,93.6839,3.02721,2.82736,597.061,69.575,-2.98327,-13.4572,30459.1,258.734,1,2,2,3,4,0
73,20,198.069,93.0766,2.49013,2.29233,733.697,144.402,-2.90427,-12.3726,25694.6,290.089,1,2,2,3,4,0
73,21,197.335,92.8881,2.29129,2.64238,716.462,135.364,-9.0781,-7.33324,25904.2,292.722,1,2,2,3,4,0
73,22,197.054,93.4761,1.97002,2.82153,650.418,146.687,-10.7501,-4.8663,20898.6,267.935,1,2,2,3,3,0
73,23,196.857,93.3483,1.65597,2.88996,608.513,224.575,-13.4799,9.45932,16110.3,309.325,1,2,3,4,5,0
73,24,195.107,95.8501,2.52629,2.92164,1013.42,224.246,-20.865,17.3762,44839.2,490.905,1,2,3,4,5,0
73,25,193.597,96.1371,2.80618,3.0168,568.783,311.225,18.4092,14.8747,25227.8,459.598,1,2,3,4,5,0
73,26,192.392,97.1557,2.8482,2.84334,574.447,147.861,7.6655,-9.39558,27931.5,316.982,1,2,3,4,5,0
73,27,193.065,96.2341,3.25966,2.86212,603.679,70.8611,8.50805,-12.5302,32892.7,278.136,1,2,3,4,5,0
73,28,194.186,94.7461,2.10802,1.86022,671.946,157.995,3.38468,-9.34021,16051.7,251.112,1,2,3,4,5,0
73,29,195.735,94.1514,2.45078,1.80171,477.996,186.91,1.95983,-9.71968,13062.5,254.828,1,2,3,4,5,0
73,30,196.039,93.3306,1.89701,1.65927,522.058,212.538,2.8931,0.663294,10307.5,275.817,1,2,3,4,5,0
73,31,194.06,94.635,3.16291,2.17101,467.169,124.46,-0.432397,-7.34358,18258,238.219,1,1,1,1,1,0
73,32,194.357,94.7512,3.36395,2.50372,484.955,72.3364,-9.09019,2.92024,23454.9,223.858,1,1,1,1,1,0
73,33,194.673,94.7654,3.26692,2.80689,534.621,84.4002,-10.5655,4.09896,30268.1,276.686,1,2,3,4,5,0
73,34,193.526,95.6737,2.61228,2.27338,617.822,143.842,6.33988,-13.56,23978.5,292.58,1,2,3,4,5,0
73,35,194.22,95.1603,2.31269,2.31643,555.562,129.49,12.6865,-10.9082,20823.8,264.491,1,2,3,4,5,0
73,36,197.787,93.542,4.0256,2.16719,385.584,146.401,9.29184,0.172843,17344,243.491,1,2,3,4,5,0
73,37,198.702,93.4598,3.84304,2.29456,472.9,100.137,-5.38804,-5.15799,22561.1,242.166,1,2,3,4,5,0
73,38,199.133,94.191,3.35614,2.23169,420.886,170.651,-9.004,-4.95503,19464.9,288.97,,,,,,0
74,4,212.225,427.935,2.0189,1.49575,469.206,92.3406,4.44284,-4.38785,8876.89,151.249,1,2,3,4,5,0
74,5,212.677,425.999,2.03282,1.80762,582.836,104.155,5.98178,-6.12055,13367.7,185.432,1,2,3,3,4,0
74,6,212.264,424.98,2.21464,2.09228,697.865,95.1224,7.82677,-3.3521,20105.7,219.828,1,2,2,3,4,0
74,7,211.825,425.218,1.93274,2.15997,758.834,114.275,8.52753,-0.891398,19763.9,227.663,1,2,2,3,4,0
74,8,211.953,426.36,2.25447,2.39796,570.571,79.8898,5.96432,-4.77204,18995.3,194.462,1,2,3,3,5,0
74,9,212.157,426.704,2.23531,2.37989,573.483,76.014,1.71187,0.00227348,18812.7,188.479,1,2,3,4,5,0
74,10,212.088,429.873,1.93793,1.71681,494.843,119.256,1.83892,-9.47525,10097,176.947,1,2,3,4,5,0
74,11,211.138,430.758,2.09934,2.18278,524.997,91.3066,7.44993,-6.46883,15440.5,185.828,1,2,3,4,5,0
74,12,211.619,429.598,1.69169,2.15552,501.972,110.088,7.55172,-5.40268,11429.7,179.438,1,2,3,4,5,0
74,13,213.029,426.8,2.9173,1.97988,282.637,108.419,6.89899,-3.91047,9837.81,171.769,1,2,3,4,5,0
74,14,214.158,426.037,3.56346,2.17102,276.021,85.4624,1.10498,-8.29889,12275.2,157.929,1,2,3,4,5,0
74,15,212.182,423.149,1.81081,2.00695,534.977,132.191,2.48718,-7.69543,12174.1,200.533,1,2,3,4,5,0
74,16,211.516,422.028,1.72427,1.98983,906.076,157.373,-5.19939,-14.591,19474.9,261.828,1,2,3,4,5,0
74,17,212.067,422.724,2.10725,2.62462,545.56,83.5813,-3.90561,-7.82438,18463.6,202.308,1,2,3,4,5,0
74,18,212.021,423.847,2.02674,4.14798,352.806,80.4805,3.69706,-5.60275,15845.9,182.828,,,,,,0
75,4,260.845,314.502,2.17453,2.47462,325.239,86.3373,1.61387,-0.478893,10753.7,156.509,1,2,3,4,5,0
75,5,258.79,313.73,2.00813,2.13919,429.291,111.971,1.74814,-2.42635,11498.5,182.036,1,2,3,4,5,0
75,6,258.075,312.474,1.68135,1.84983,501.46,118.364,1.28396,-6.311,9782.42,180.822,1,2,3,4,5,0
75,7,258.884,312.008,1.99345,2.44879,320.76,106.802,2.63265,-4.5888,9681.12,164.195,1,2,3,4,5,0
75,8,260.362,311.889,1.86369,2.15777,399.563,130.089,5.41061,-1.45962,10030.8,193.343,1,2,3,4,5,0
75,9,260.515,311.123,2.68744,3.69287,373.833,62.0666,3.62341,-1.48317,20402.1,187.781,1,2,3,4,5,0
75,10,258.77,311.447,2.86425,3.54705,410.279,27.2311,8.20001,-5.50843,23346.7,176.367,1,2,3,4,5,0
75,11,257.646,311.904,2.54173,2.6435,348.122,63.1757,-3.4513,-1.10599,15270.7,155.544,1,2,3,4,5,0
75,12,255.978,312.435,2.21961,2.28493,491.898,76.9582,-0.00497021,-1.76538,15429.4,172.012,1,2,3,4,5,0
75,13,255.255,312.852,2.28778,2.30041,279.323,82.6001,4.1949,4.03311,9078.4,139.592,1,2,3,4,5,0
75,14,254.485,315.973,1.83425,1.85003,412.026,101.558,3.94516,-1.7422,8965.84,155.243,1,2,3,4,5,0
75,15,253.915,316.526,2.2786,1.77405,354.977,81.3413,0.86809,-2.05791,8988.55,138.213,1,2,3,3,4,0
75,16,253.02,316.587,2.61811,1.7443,339.684,64.0772,-1.73996,1.9965,9288.99,121.13,1,2,3,3,4,0
75,17,251.517,317.302,2.85115,2.53979,336.712,49.8681,-2.07321,0.699509,15057.5,144.278,1,2,2,3,4,0
75,18,250.924,316.298,2.31386,2.32274,283.695,101.863,-6.63199,0.820911,9400.78,153.521,1,2,2,3,4,0
75,19,250.506,315.936,1.76542,1.98417,334.902,128.618,-2.43526,1.41608,7484.06,169.189,1,2,2,3,4,0
75,20,251.237,315.537,1.98185,1.83279,319.148,122.272,-1.33164,1.29002,7243.36,163.302,1,2,2,3,4,0
75,21,251.967,315.138,2.19828,1.68142,303.393,115.927,-0.228019,1.16396,7002.66,157.414,1,2,3,4,5,0
75,22,251.45,313.28,2.06995,2.56381,290.046,103.377,-0.2409,5.05415,9445.64,155.107,1,2,3,4,5,0
75,23,250.512,313.592,2.24503,2.60917,359.857,68.3901,1.31154,2.04698,12840.4,152.817,1,2,3,4,5,0
75,24,249.241,314.077,2.57753,2.15609,318.755,74.0115,0.0941507,1.34032,10856.5,137.852,1,2,3,4,5,0
75,25,247.763,314.82,2.78122,2.38888,401.261,47.5804,0.881674,0.0974231,16047.9,149.314,1,2,3,4,5,0
75,26,247.98,314.938,2.23971,2.25752,441.311,65.9601,0.715994,0.725313,13820.2,151.231,1,2,3,4,5,0
75,27,250.138,316.69,2.33132,2.83346,253.829,106.776,-3.82165,4.09591,9601.9,160.976,1,2,3,4,5,0
75,28,253.527,316.733,1.96342,1.56453,233.477,112.946,-8.7102,3.31865,4493.88,137.911,,,,,,0
76,4,355.159,122.319,2.07807,1.64927,315.48,100.005,4.79743,-2.5939,6766.96,146.142,1,2,3,4,5,0
76,5,356.255,122.602,2.96175,1.92252,248.46,99.4762,1.53113,1.81119,8493.83,152,1,2,3,4,5,0
76,6,352.841,123.453,2.46291,2.36856,242.499,94.799,2.26426,1.96086,8434.03,146.254,1,2,3,4,5,0
76,7,349.428,124.303,1.96408,2.81459,236.537,90.1217,2.99739,2.11052,8374.24,140.509,1,2,3,4,5,0
76,8,348.317,123.082,1.98077,2.67132,356.454,84.3708,1.58639,2.77977,11538.9,152.331,1,2,3,4,5,0
76,9,347.22,122.807,1.51588,2.33798,320.963,91.1248,1.19423,-1.3662,7075.69,128.568,1,2,3,4,5,0
76,10,345.928,118.749,2.15639,2.78715,262.126,74.146,4.43045,-0.461323,9542.68,127.87,1,2,3,4,5,0
76,11,346.305,117.473,1.99495,2.22657,395.244,84.1553,2.73056,-6.22053,11183.5,151.533,1,2,3,4,5,0
76,12,345.14,116.762,2.12207,2.05743,410.639,97.8574,5.29966,-7.70362,11388.7,164.408,1,2,3,4,5,0
76,13,344.551,117.588,2.40522,2.01736,291.425,103.472,1.10193,-6.61233,8736.46,152.609,1,2,3,4,5,0
76,14,343.753,120.002,1.7559,1.6682,333.638,138.186,4.5213,-4.5369,6476,171.154,1,2,3,4,5,0
76,15,344.353,121.444,1.60516,1.21708,405.49,131.905,7.08033,2.98301,4979.14,158.556,1,2,3,4,5,0
76,16,343.305,121.389,2.13235,1.5141,353.374,142.386,6.86431,3.96638,6935.12,180.689,1,2,3,4,5,0
76,17,342.256,121.333,2.65954,1.81113,301.259,152.867,6.64829,4.94974,8891.09,202.822,1,2,3,4,5,0
76,18,344.614,122.479,1.88954,1.94587,639.17,107.663,-2.04015,3.58913,16175.4,204.58,1,2,2,3,4,0
76,19,344.778,122.998,2.1099,2.14568,420.894,141.21,0.431247,3.85516,11863.8,206.781,1,2,2,3,4,0
76,20,344.651,123.127,2.43672,2.39811,379.758,118.136,5.07567,4.22901,13583.7,196.988,1,2,3,3,4,0
76,21,344.96,122.121,1.96159,1.76319,487.85,113.055,6.5475,1.87384,10577,174.899,1,2,3,4,5,0
76,22,346.574,123.146,2.33144,2.09813,415.881,94.7773,-5.03246,0.7339,12595,167.213,1,2,3,3,4,0
76,23,346.44,123.821,2.17441,2.7562,402.375,124.256,1.05926,-6.26329,14049.9,213.763,,,,,,0
77,4,411.457,482.928,1.75409,1.83226,342.67,205.718,11.9792,7.61618,6878.99,242.018,1,1,1,2,2,0
77,5,411.931,482.48,1.698,1.99653,387.206,180.15,11.5505,3.73646,8382.13,231.107,1,1,1,2,2,0
77,6,411.951,482.514,2.07066,2.30339,408.608,154.438,10.7674,-5.40744,12156.1,226.982,1,1,1,2,2,0
77,7,411.655,483.062,2.03017,2.05546,501.349,163.93,12.8216,-2.46753,13060.2,248.947,1,1,1,2,2,0
77,8,411.293,483.387,1.18334,2.08675,485.782,203.894,18.0878,-0.90666,6490.84,244.911,1,1,1,2,2,0
77,9,411.502,483.656,1.64188,2.43055,326.719,177.949,15.8282,5.87459,8037.85,232.071,1,1,1,2,1,0
77,10,411.749,483.862,2.01219,2.05778,334.784,160.816,14.1903,5.92999,8672.88,213.237,1,1,1,2,1,0
77,11,411.647,483.921,2.02473,2.17138,411.063,137.687,14.2136,9.55003,11354.9,206.763,1,1,1,2,2,0
77,12,412.052,484.098,1.7606,2.5224,460.106,165.679,17.7338,11.5402,12191.8,245.84,1,1,2,2,4,0
77,13,411.549,483.491,1.69213,2.13377,383.434,171.606,19.0957,6.61492,8648.76,229.959,1,1,2,3,4,0
77,14,411.42,483.36,1.56129,1.5894,434.906,176.629,5.49588,6.54551,6815.48,221.976,1,2,2,3,4,0
77,15,410.424,483.58,3.49522,2.19188,366.605,126.999,4.17152,0.973539,16694.8,227.479,1,2,2,3,4,0
77,16,411.993,483.606,1.78849,1.84506,416.359,190.197,0.342606,7.73568,8617.09,245.633,1,2,2,3,4,0
77,17,413.047,484.062,1.85581,1.71476,463.101,185.179,4.44747,9.18805,9246.46,250.041,1,1,2,3,4,0
77,18,412.746,484.102,1.87062,3.01068,340.356,157.264,2.63311,7.80431,11490.4,235.663,1,1,2,2,3,0
77,19,412.315,483.551,1.81989,2.48455,364.543,146.767,0.0125217,5.86828,10112.4,205.479,1,1,2,2,3,0
77,20,412.584,483.628,1.83338,2.04408,367.056,131.251,0.350734,5.22903,8602.02,185.84,1,1,2,2,3,0
77,21,412.763,484.043,1.83997,1.87221,454.459,136.883,5.23956,2.71041,9814.53,211.213,1,1,2,2,3,0
77,22,412.642,483.248,1.85359,2.06562,363.272,121.015,1.37614,0.859297,8696.69,177.195,1,1,2,2,3,0
77,23,412.129,482.887,1.79483,2.1072,435.242,118.231,1.01946,-0.509982,10292.9,180.456,1,1,2,2,3,0
77,24,412.052,483.443,1.8639,2.10385,518.906,114.742,7.47114,4.01769,12977.4,194.592,1,1,2,2,3,0
77,25,412.055,483.749,2.00418,2.01026,442.527,139.368,12.6457,10.7457,11093.2,203.586,1,1,2,2,3,0
77,26,412.833,483.012,1.80835,2.62256,459.38,112.729,6.77888,13.2639,13371.4,201.793,1,1,2,2,3,0
77,27,413.319,483.084,1.92297,3.24961,468.686,84.0542,1.12325,10.5801,17112,194.828,1,1,1,2,2,0
77,28,413.41,482.953,1.58416,2.36036,524.578,123.846,0.282585,7.67251,12194.1,192.26,1,1,1,2,2,0
77,29,413.869,483.019,2.09795,2.31874,404.645,114.247,-0.365883,4.81454,12206.8,195.112,1,1,1,2,2,0
77,30,413.55,483.36,1.98678,2.51624,404.332,112.958,2.14327,5.06632,12215.7,192.775,1,1,1,2,2,0
77,31,413.09,483.516,1.54748,2.09461,485.714,140.811,5.45766,7.40066,9594.58,199.278,1,1,1,2,1,0
77,32,412.974,483.551,1.69614,2.16322,450.055,130.435,4.94251,12.8586,10340.4,188.68,1,1,1,2,2,0
77,33,413.051,484.009,1.74188,2.35285,470.578,137.311,1.3461,10.9672,11904.5,218.746,1,1,1,2,2,0
77,34,413.084,484.249,1.58327,1.82296,402.808,159.965,-0.596897,13.5317,6395.28,200.343,1,1,1,2,2,0
77,35,412.669,484.01,1.90421,2.14814,397.695,141.498,7.3784,15.3107,9799.96,206.331,1,1,2,2,3,0
77,36,412.245,483.633,1.76848,2.43871,483.325,130.227,2.05281,8.45451,13676.6,216.817,1,1,2,2,3,0
77,37,412.073,483.179,1.88256,2.25675,481.13,112.877,9.35148,11.3462,12266.3,196.107,1,1,2,3,4,0
77,38,413.052,483.259,1.90486,2.14444,441.928,118.411,5.78733,5.92359,11268.7,183.704,1,1,2,3,4,0
77,39,413.536,483.965,1.95214,1.94726,406.291,131.175,2.63112,6.631,9665.69,180.101,1,1,2,3,4,0
77,40,413.546,484.067,1.59995,1.71635,433.182,170.57,5.2448,5.58989,5563.68,207.905,1,1,2,3,4,0
77,41,413.807,483.051,2.16408,2.38952,397.625,111.295,0.190326,14.2774,12111.8,194.213,1,1,2,3,4,0
77,42,412.884,483.219,1.86386,2.01698,369.007,144.961,6.26707,14.8483,8004.32,196.361,1,1,2,2,4,0
77,43,412.31,483.175,1.75481,1.94977,462.043,147.36,-0.653737,12.1171,9908.17,212.953,1,1,2,2,3,0
77,44,412.343,483.484,1.59808,2.01709,529.842,140.833,5.54975,10.7244,11013.4,207.355,1,1,2,2,3,0
77,45,412.768,483.047,1.41156,1.64173,499.452,150.332,3.43061,8.83147,6970.8,190.899,1,1,1,2,2,0
77,46,412.816,483.048,1.97814,1.78706,463.785,121.078,5.52191,6.71341,10272.5,190.467,1,1,1,2,2,0
77,47,412.552,483.467,2.11594,2.42108,385.827,113.741,7.96041,6.92337,11878.9,193.402,1,1,1,2,2,0
77,48,412.254,483.123,2.47359,2.71986,379.022,83.1089,10.4936,11.354,16537.5,187.527,1,1,1,2,2,0
77,49,412.746,483.338,2.1319,2.60127,369.381,133.369,6.06844,7.42995,12833.3,212.444,1,1,1,2,2,0
77,50,412.638,482.787,2.48794,2.73506,355.214,140.844,11.0761,10.2131,14529,228.68,1,1,1,2,2,0
77,51,412.975,483.272,2.34536,2.80291,322.058,150.975,9.90243,8.75005,13075.9,240.006,1,1,1,2,2,0
77,52,412.786,483.273,2.34539,2.02654,358.209,134.04,10.1273,12.0275,10550.6,204.633,1,1,1,2,2,0
77,53,412.171,483.6,2.17877,2.04221,354.661,143.396,12.5831,12.211,9861.22,205.189,1,1,1,2,2,0
77,54,412.513,483.604,2.25555,2.16969,388.439,130.669,10.2166,14.1898,11911.4,204.382,1,1,1,2,2,0
77,55,412.855,483.608,2.33232,2.29718,422.217,117.941,7.85016,16.1686,13961.6,203.574,1,1,1,2,3,0
77,56,412.88,483.706,2.12005,2.3781,365.973,154.973,7.54318,12.0376,11419.3,220.213,1,1,2,2,4,0
77,57,413.924,484.345,1.63161,1.79591,453.021,187.384,6.33715,16.531,8340.65,238.953,1,1,2,2,3,0
77,58,413.423,484.287,1.71575,2.01958,408.834,176.424,7.45347,16.818,8652.29,236.485,1,1,2,2,3,0
77,59,413.516,484.094,1.94462,2.16689,418.222,176.3,8.45924,15.8474,11852.2,248.577,1,1,2,2,3,0
77,60,413.609,483.9,2.17349,2.3142,427.611,176.176,9.46502,14.8767,15052.1,260.669,1,1,2,2,3,0
77,61,413.033,484.23,1.79837,2.02351,490.403,189.804,13.5488,10.7572,11809.4,257.627,1,1,2,2,3,0
77,62,412.456,484.561,1.42325,1.73282,553.195,203.433,17.6326,6.63758,8566.63,254.586,1,1,2,2,3,0
77,63,412.122,484.432,1.80693,1.90584,413.382,200.723,18.3673,20.1497,8238.71,257.42,,,,,,0
78,5,17.2847,116.425,1.85816,1.598,361.415,134.953,2.98346,-2.53933,6733.53,172.432,1,2,3,4,5,0
78,6,20.0993,122.577,1.70976,1.82768,362.581,129.897,3.3267,-1.84566,6779.67,165.686,1,2,3,4,5,0
78,7,22.8494,127.362,2.03061,1.80243,429.537,150.772,0.242833,10.3907,9840.26,204.941,1,2,3,4,5,0
78,8,16.752,131.533,2.62452,3.3906,348.519,88.2766,-4.79206,2.33245,18974.6,202.734,1,2,3,4,5,0
78,9,15.9077,132.859,1.9435,2.3964,615.955,147.568,-6.42624,-1.723,16585.7,238.385,1,2,3,4,5,0
78,10,16.4266,133.352,2.13413,2.51106,835.24,113.54,-8.40526,-1.31479,27490.3,284.592,1,2,3,4,5,0
78,11,15.1527,133.748,2.3203,2.89525,466.036,127.525,-6.93343,-5.41376,18747.4,240.124,1,2,3,4,5,0
78,12,13.5645,135.527,1.79898,2.15726,575.622,190.565,4.49288,-9.54936,12955.2,259.811,1,2,3,4,5,0
78,13,15.1242,137.246,2.08755,2.17565,889.506,147.412,-3.63262,-15.8718,25143.7,295.604,1,2,3,4,5,0
78,14,11.5627,135.659,2.03897,2.43905,286.597,123.706,6.40776,-8.79856,8609.07,177.882,1,2,3,4,5,0
78,15,10.601,136.392,2.0576,2.08948,460.348,118.649,-7.07136,-8.74552,12333.7,193.231,1,2,3,4,5,0
78,16,8.98791,137.88,1.69052,2.05861,527.227,136.657,-5.33732,-7.11406,11486.9,197.87,1,2,3,4,5,0
78,17,8.31507,137.923,1.77372,2.4508,721.997,115.112,-9.96493,2.72008,18832.7,228.432,1,2,3,4,5,0
78,18,7.59156,138.195,1.75069,2.34944,445.475,162.838,-15.4862,11.2275,10058.9,222.13,1,2,3,4,5,0
78,19,6.46252,138.703,2.14814,2.25399,507.294,137.124,-22.763,15.7425,15580.1,235.207,1,2,3,4,5,0
78,20,9.10622,139.779,2.17798,2.3566,603.046,111.668,-12.9299,4.77859,19733.9,233.13,1,2,3,4,5,0
78,21,11.7499,140.854,2.20782,2.45922,698.798,86.2129,-3.09684,-6.18535,23887.6,231.053,1,2,3,4,5,0
78,22,10.55,140.452,2.21093,2.50417,532.557,93.0071,-2.88233,-3.81978,19089.1,207.941,1,2,3,4,5,0
78,23,10.0154,139.223,2.67245,2.04798,433.218,95.2224,-5.5574,-5.73416,14493.8,184.036,1,2,3,4,5,0
78,24,10.3619,140.04,2.09259,1.44096,305.808,118.639,-0.863344,-7.28169,5777.92,153.574,1,2,3,4,5,0
78,25,11.1528,143.891,2.16752,3.19324,392.247,97.7036,-4.29984,-2.08137,16013.8,192.414,,,,,,0
79,5,91.7455,145.395,1.29674,1.5822,355.655,158.911,-7.84543,5.70267,4594.41,183.018,1,1,2,2,3,0
79,6,91.8569,146.037,2.68544,2.59507,389.07,84.8288,-10.2705,-0.640114,16280.8,184.479,1,1,2,2,3,0
79,7,92.1923,145.888,2.8003,2.78408,439.918,34.975,-7.79797,-4.16114,20332,162.083,1,1,2,3,4,0
79,8,93.0405,146.313,1.67856,2.1754,652.309,95.3495,-0.865117,-5.38049,14873.8,179.006,1,1,2,3,4,0
79,9,93.8479,146.121,2.11478,2.34003,610.91,73.621,0.466738,-0.69413,18730.3,187.041,1,1,2,2,3,0
79,10,94.4717,145.76,1.95425,2.15354,723.277,71.1351,0.271981,2.23388,18804.8,182.426,1,1,1,2,3,0
79,11,94.629,145.813,2.17462,2.19843,650.872,92.0149,1.08696,-7.24351,19006.6,199.077,1,1,1,2,1,0
79,12,94.558,145.569,2.17647,2.24454,615.082,85.6578,0.116061,-6.44167,18606.5,194.201,1,1,1,2,2,0
79,13,94.0573,145.543,1.85759,2.28216,700.112,91.8075,-5.5725,-2.01693,18638.4,201.29,1,1,1,2,2,0
79,14,93.7416,145.472,1.82388,2.10947,659.252,113.335,-10.496,0.299376,15840.7,212.26,1,1,2,2,2,0
79,15,93.5513,144.932,1.76838,2.08191,582.421,144.954,-17.5739,0.603367,13639.2,227.45,1,1,2,3,4,0
79,16,93.6912,144.671,1.90595,2.03196,524.472,170.884,-28.5215,11.1556,13289,258.97,1,2,2,3,4,0
79,17,93.6573,145.891,3.78877,2.02876,502.971,150.647,-20.9087,-6.47439,21468.7,277.586,1,2,2,3,4,0
79,18,92.7147,145.606,3.37077,3.12579,720.165,42.4687,-8.99901,-1.6519,42043.9,302.757,1,2,2,3,4,0
79,19,93.8232,144.967,2.64922,2.91975,571.722,103.616,-13.2265,2.94171,28236.1,275.586,1,2,2,3,4,0
79,20,94.0715,144.482,1.71173,2.15975,640.633,173.761,-16.9042,2.57361,13864.9,251.55,1,2,2,3,4,0
79,21,93.2687,143.69,2.09223,2.46757,547.881,124.262,-10.4636,1.9398,17271.7,227,1,2,2,3,4,0
79,22,93.0674,144.121,2.58444,2.82067,379.688,101.458,-14.2395,-0.00458361,16494.8,198.858,1,2,3,4,5,0
79,23,90.2783,146.514,2.26561,1.72589,478.304,134.309,-2.94115,-8.6667,10517.8,188.692,1,2,3,4,5,0
79,24,90.4345,145.796,2.28715,2.48465,466.161,69.8698,-1.80921,-2.86816,16019,167.154,1,2,3,4,5,0
79,25,89.2374,142.664,1.98582,2.06824,413.808,73.4493,3.30319,-3.93487,10679.3,138.118,1,2,3,4,5,0
79,26,89.0159,141.178,1.94283,2.29422,634.782,64.7359,3.45142,-0.916994,17593.4,167.669,1,2,3,4,5,0
79,27,88.9494,141.84,1.77423,2.10132,641.003,84.0645,-0.140151,-1.37825,14945.5,173.32,1,2,3,4,5,0
79,28,88.897,143.044,1.85391,2.5116,494.611,123.022,-7.30748,4.32245,13865.2,205.799,1,2,3,4,5,0
79,29,89.6156,143.591,1.7543,3.01582,333.404,130.893,-5.19598,4.94865,11151.6,194.58,1,2,3,4,5,0
79,30,91.1758,142.567,2.53468,1.96903,501.109,124.5,-1.99204,-5.27594,15399.3,215.734,1,2,3,4,5,0
79,31,92.0145,141.287,3.27634,2.31666,374.129,128.816,3.38088,-3.87032,16507.8,229.396,1,2,3,4,5,0
79,32,91.197,140.889,2.81867,1.67116,374.171,147.091,0.384003,5.02402,9892.19,208.302,1,2,3,4,5,0
79,33,89.6698,142.185,2.21782,2.1117,623.012,136.374,7.86201,3.19083,18440.6,248.651,1,2,3,4,5,0
79,34,89.834,142.588,1.81136,1.83575,736.813,169.485,1.96436,-4.59139,14787.4,258.118,1,2,3,4,5,0
79,35,89.1005,143.504,1.91438,2.01165,555.712,161.249,-7.30223,-4.14798,13380,235.562,1,2,3,4,5,0
79,36,88.6848,144.948,2.03031,2.9974,505.425,147.163,-1.79477,6.78504,18348.9,263.059,1,2,3,4,5,0
79,37,87.9529,145.534,2.48671,2.91933,509.675,96.2713,-3.81093,4.6347,21780.4,234.42,1,2,3,4,5,0
79,38,85.9645,146.07,1.34314,2.57394,455.063,136.618,-3.69752,-1.55953,9340.14,194.024,1,2,3,4,5,0
79,39,84.5498,146.88,1.6652,2.09503,700.291,137.028,-7.17423,-9.85946,15268.2,225.982,1,2,3,4,5,0
79,40,85.4421,147.081,1.36035,2.03254,541.422,148.712,-7.98792,-10.7408,9378.71,199.734,1,2,3,4,5,0
79,41,87.273,143.08,1.2716,1.72326,467.255,122.088,-5.80653,-7.75995,5874.81,148.864,1,2,3,4,5,0
79,42,90.1307,138.103,2.14082,2.33951,331.529,90.5368,1.78783,-0.951009,10281.2,150.858,1,2,3,4,5,0
79,43,91.2968,135.53,2.0701,2.14347,274.795,134.534,3.37083,1.15828,6737.88,173.426,1,2,3,4,5,0
79,44,91.0625,135.297,2.24661,2.06289,326.809,108.39,6.27866,4.66367,10115.7,171.71,1,2,3,4,5,0
79,45,91.5931,135.966,2.19596,1.58337,368.739,126.366,0.542242,1.81804,8000.7,174.296,1,2,3,4,5,0
79,46,92.8334,135.795,2.37905,1.54263,350.587,120.441,-0.472558,1.29373,7992.51,167.811,1,2,3,4,5,0
79,47,95.2423,136.442,2.60997,2.40516,304.949,95.0084,1.26989,-3.62481,11613.6,168.041,1,2,3,4,5,0
79,48,97.3052,136.261,2.66025,3.79631,269.638,87.024,-2.60835,0.783991,14071.4,172.32,1,2,3,4,5,0
79,49,97.8133,134.651,2.34312,3.76189,244.944,76.1091,2.6746,-2.17036,13426.4,157.391,1,2,3,4,5,0
79,50,96.5532,131.801,2.01931,1.71566,297.043,97.5376,-0.474143,-2.64321,6662.73,136.58,1,2,3,4,5,0
79,51,94.1366,130.083,2.29753,1.92538,225.822,103.159,-0.857317,-2.30956,6212.73,140.911,,,,,,0
80,5,178.97,281.067,1.47491,1.97099,837.76,275.606,-23.3536,-19.6842,15293.9,367.609,1,1,1,1,1,0
80,6,179.083,281.432,1.59481,1.83439,1003.26,198.571,-9.40439,-12.7993,18415.8,308.509,1,1,1,1,1,0
80,7,179.058,281.347,1.6712,1.84657,864.183,196.498,3.23109,-1.23122,14564.7,284.923,1,1,1,1,1,0
80,8,179.075,281.441,1.66036,2.10656,807.398,206.965,2.5118,0.420933,16024.1,301.817,1,1,1,1,1,0
80,9,178.805,281.145,1.81296,2.1958,804.588,166.012,-0.432792,-3.17943,20997.2,298.71,1,1,1,1,1,0
80,10,178.835,281.04,1.87981,2.33968,877.88,141.357,-1.80524,-0.45366,24703,297.201,1,1,1,1,1,0
80,11,179.275,281.049,2.36363,2.22054,824.03,161.636,-3.16519,-2.52449,26700.2,323.479,1,1,1,1,1,0
80,12,179.551,280.897,1.85856,1.88593,809.771,215.731,-14.765,4.24006,16907.3,308.349,1,1,1,1,1,0
80,13,179.53,281.522,1.83878,1.87957,1034.67,178.781,-4.37342,3.92527,22618.6,308.462,1,1,1,1,1,0
80,14,179.821,281.321,2.13365,2.1518,854.654,116.217,-0.413951,-1.03051,24406.7,263.456,1,1,1,1,1,0
80,15,179.704,280.88,2.2712,2.58347,891.31,72.8474,-4.16912,1.39542,32439.4,272.562,1,1,1,1,1,0
80,16,179.506,281.191,2.24711,2.64035,906.83,101.475,-5.09558,-1.08718,33551.3,301.858,1,1,1,1,1,0
80,17,179.411,281.459,2.53824,2.46424,879.343,127.14,-7.58454,-0.756248,33856.7,331.402,1,1,1,1,1,0
80,18,179.174,281.786,2.0908,2.05093,1044.54,155.435,-7.04381,1.4949,27666.7,320.527,1,1,1,1,1,0
80,19,178.928,282.086,2.11552,2.07278,939.006,156.313,3.50212,-2.79191,25672,305.035,1,1,1,1,1,0
80,20,178.814,281.96,2.4264,2.77706,783.846,91.327,2.13717,-0.607902,31776.2,283.527,1,1,1,1,2,0
80,21,179.082,281.486,2.18949,2.23997,838.23,124.553,-2.32202,2.78436,25736.1,277.45,1,1,1,2,2,0
80,22,178.575,281.621,2.04674,1.89891,1112.52,180.471,1.75037,-1.71502,26440.6,337.574,1,1,1,1,2,0
80,23,179.07,281.273,1.80403,2.19982,894.465,177.272,2.67142,-5.13924,22145.5,304.231,1,1,1,1,1,0
80,24,179.039,281.442,1.95102,1.92898,790.172,168.603,6.25193,-8.31452,18387.4,274.438,1,1,1,1,1,0
80,25,179.191,281.643,1.9798,2.18697,700.379,112.48,1.14776,-2.7342,18889.9,225.905,1,1,1,1,1,0
80,26,179.175,281.542,2.01142,2.17492,682.815,112.642,-1.51433,2.26861,18597.5,219.976,1,1,1,1,1,0
80,27,178.978,281.638,2.31102,2.17995,688.831,121.748,-0.897325,0.595134,21455.1,248.893,1,1,1,1,1,0
80,28,178.883,282.207,2.3701,2.21533,745.8,108.372,-3.57106,-3.49939,24177.9,249.893,1,1,1,1,1,0
80,29,178.657,282.265,2.00583,2.05576,718.952,127.825,-1.28605,-1.43572,18509,231.136,1,1,1,2,2,0
80,30,179.083,281.996,2.06243,1.96179,651.797,135.385,-7.12453,-1.4814,15279.4,224.533,1,1,1,2,2,0
80,31,179.363,281.495,1.93097,2.27146,624.742,121.074,-7.11151,-2.05933,17140.5,221.183,1,1,1,2,2,0
80,32,179.285,281.285,1.9914,3.39383,571.108,106.855,6.8813,-15.5502,22327,241.314,1,1,1,2,2,0
80,33,179.711,281.314,2.41759,2.88729,592.369,56.1572,1.40849,-4.59613,26633.6,215.036,1,1,1,2,3,0
80,34,179.663,281.602,2.11586,2.64313,502.46,97.812,3.36189,-10.2192,17329.3,207.722,1,1,2,2,3,0
80,35,179.921,280.804,1.97791,2.08704,687.639,145.253,10.664,-17.7364,18503.3,255.408,1,1,2,2,3,0
80,36,180.452,280.578,1.77041,1.77969,941.828,177.866,-0.839637,-10.594,17634,276.574,1,1,2,2,3,0
80,37,180.88,281.377,2.54546,2.05586,816.538,110.459,3.63182,-1.73061,26290.4,263.278,1,1,2,2,3,0
80,38,181.228,281.891,2.81953,2.21473,834.227,144.113,11.057,-0.0481617,31053.2,328.456,1,1,1,2,3,0
80,39,181.143,281.884,2.94776,2.51382,931.14,120.134,7.49596,-5.72196,40336.5,364.544,1,1,1,2,2,0
80,40,180.522,282.01,2.33807,2.14593,1260.15,152.237,10.7778,-10.5918,38358.1,375.012,1,1,1,2,2,0
80,41,180.167,281.948,2.52857,2.19055,1189.2,131.234,11.7447,-3.75216,40443.2,379.787,1,1,1,2,2,0
80,42,179.764,282.178,2.93421,2.19018,994.445,119.68,21.9343,-9.52342,39169,354.331,1,1,1,2,2,0
80,43,179.396,282.381,2.05302,2.10782,824.797,172.271,13.3479,-15.7733,22609.5,305.012,1,1,1,2,2,0
80,44,179.397,282.657,2.05667,2.33036,741.763,170.116,16.2888,-26.6658,24149.9,312.917,1,1,1,2,2,0
80,45,179.994,282.684,2.04524,2.00298,811.917,211.484,2.14327,-25.7409,20232.9,326.669,1,1,1,2,2,0
80,46,179.96,282.958,1.88424,2.0453,929.974,165.218,12.9418,-16.0374,22421.2,303.059,1,1,1,2,2,0
80,47,179.96,282.295,1.95359,1.93954,991.706,154.564,13.7692,-10.1473,23039.4,284.107,1,1,1,2,2,0
80,48,180.329,282.512,1.8473,1.94103,958.304,174.72,15.9447,-15.0048,21462.3,301.237,1,1,1,1,1,0
80,49,179.921,282.545,1.68514,1.94329,968.094,172.006,13.6042,-14.4896,19314.8,285.237,1,1,1,1,1,0
80,50,179.488,282.62,1.95524,1.9731,861.058,142.122,9.64359,-18.5042,20736.4,268.716,1,1,1,1,1,0
80,51,179.197,282.649,1.95063,2.05004,908.659,135.632,17.7898,-16.9682,22769.4,279.314,1,1,1,1,1,0
80,52,179.161,282.584,2.18626,1.97521,764.638,151.79,21.4459,-7.27096,21124,282.621,1,1,1,1,1,0
80,53,179.563,282.587,2.02208,1.93862,682.093,205.764,27.2666,-3.74911,16706.9,299.568,1,1,1,1,1,0
80,54,179.481,282.617,2.16854,1.99797,648.299,215.842,24.1105,-6.03249,17485.3,319.746,1,1,1,1,1,0
80,55,179.548,282.271,1.92181,2.11983,757.155,198.85,23.8982,6.44697,21959.9,330.308,1,1,1,1,1,0
80,56,179.714,282.507,1.81986,1.8065,831.65,223.387,22.4781,-0.520467,17087.2,315.432,1,1,1,1,1,0
80,57,179.693,282.428,2.28268,1.85461,853.659,184.109,13.9339,-0.962178,22182.7,312.302,1,1,1,1,1,0
80,58,179.699,282.13,2.34408,2.36179,1069.11,117.142,4.89232,-3.34721,36407.7,333.284,1,1,1,1,1,0
80,59,179.254,282.525,1.94866,2.15033,1568.94,156.206,3.98121,-7.71702,40556.7,396.799,1,1,1,1,1,0
80,60,179.28,282.635,1.9197,2.15359,1608.59,171.938,0.182607,-11.2247,40231.8,412.124,1,1,1,2,2,0
80,61,179.914,282.516,1.88645,2.07066,1279.98,184.58,-9.87245,4.37838,28737.9,350.225,1,1,1,2,2,0
80,62,179.751,282.726,1.91647,2.1811,1277.23,164.166,-0.32952,-0.109658,33091.2,359.32,1,1,2,2,3,0
80,63,180.165,282.413,2.22314,2.3703,1107.58,137.33,0.17862,-3.84467,36553,364.361,1,1,2,2,3,0
80,64,180.289,281.664,2.1904,2.99547,984.352,160.906,4.27065,-5.74911,38494.6,389.669,1,1,2,2,3,0
80,65,179.933,281.677,2.31446,3.08672,1078.36,109.473,0.725618,-5.85944,49201.1,413.574,1,1,2,3,4,0
80,66,180.309,282.025,1.78521,2.93301,1038.22,216.985,-11.285,0.937605,32770.5,415.515,1,2,2,3,4,0
80,67,180.132,282.989,1.73549,2.77943,958.992,278.078,-15.0507,11.1138,28180.7,427.84,1,2,2,3,4,0
80,68,178.831,284.073,2.56588,2.96652,1182.85,178.514,-5.76997,8.18671,53161.8,498.195,1,2,2,3,4,0
80,69,178.595,284.235,2.60291,2.86611,1201.76,171.74,-6.48533,7.59669,55214.2,509.491,1,2,2,3,4,0
80,70,178.711,283.84,2.94992,4.02051,1253.19,-39.1401,-24.2308,18.1896,82974.1,487.716,1,2,3,4,5,0
80,71,178.807,285.238,2.60896,4.08772,822.097,95.3987,7.25697,-1.81721,47843.4,398.402,1,2,3,4,5,0
80,72,177.8,288.875,1.857,3.10828,655.983,266.416,27.1284,-16.3192,20310.9,391.751,1,1,2,2,3,0
80,73,177.917,289.143,2.88992,2.78413,797.209,165.671,10.356,-11.1433,39790.1,393.858,1,1,2,2,3,0
80,74,177.187,289.2,2.35434,2.25224,720.091,289.914,27.7431,-27.4768,21401.8,393.923,,,,,,0
81,5,338.898,88.2029,2.63081,2.01289,246.487,94.1092,6.60708,-1.16341,8003.3,140.728,1,2,3,4,5,0
81,6,340.823,88.3383,3.38568,2.28583,250.925,82.4616,8.74698,-0.32422,10839.2,147.669,1,2,3,4,5,0
81,7,342.747,88.4737,4.14054,2.55877,255.363,70.8141,10.8869,0.514968,13675,154.609,1,2,3,4,5,0
81,8,343.493,90.4277,2.58624,1.89208,237.204,111.58,7.11551,-3.71378,7456.12,154.663,1,2,3,4,5,0
81,9,341.509,92.4989,1.98927,1.83348,265.222,95.4948,0.965745,-1.62076,6119.61,134.373,1,2,3,4,5,0
81,10,339.525,94.5701,1.39231,1.77488,293.241,79.4094,-5.18402,0.472261,4783.1,114.083,1,2,3,4,5,0
81,11,339.9,96.5295,1.52616,1.4306,361.265,124.22,-10.2517,4.14619,4955.68,157.331,1,2,3,4,5,0
81,12,340.588,99.1429,2.15446,1.82494,392.221,107.658,-1.89774,-3.16191,9624.79,166.947,1,2,3,4,5,0
81,13,341.449,98.9962,1.92933,1.8696,355.726,110.196,-1.32234,-2.97633,8396.91,156.817,1,2,3,4,5,0
81,14,343.719,101.015,2.019,1.93454,475.75,115.316,-4.86907,-4.12754,11621.4,180.574,1,1,2,2,3,0
81,15,344.244,101.179,2.06921,2.16001,425.665,79.4245,-2.92643,1.64223,11848.2,153.456,1,1,2,2,3,0
81,16,343.902,101.325,2.06495,2.36753,354.291,97.2753,1.16862,0.433019,10350.2,159.172,1,1,2,3,4,0
81,17,343.842,102.036,1.75539,1.98647,469.629,127.649,-0.914322,-8.0749,10260.2,179.615,1,1,2,3,4,0
81,18,344.618,101.97,2.08165,1.78523,545.582,126.047,0.661286,-9.19711,12677.4,206.45,1,1,2,3,4,0
81,19,344.286,101.216,1.98055,2.36489,491.084,100.495,0.0265942,-3.85134,14828.1,193.538,1,1,2,3,4,0
81,20,343.792,101.018,1.84047,2.43125,417.431,124.378,-0.725379,-3.14853,11572.3,188.527,1,1,2,3,4,0
81,21,343.245,101.295,2.12353,2.45569,404.207,99.6465,-1.04647,-11.2352,12990.6,176.751,1,1,2,3,4,0
81,22,343.392,101.054,2.14514,1.97926,521.852,131.863,-3.08543,-4.07308,13557.9,210.16,1,2,2,3,4,0
81,23,343.532,102.383,2.07777,2.5236,419.183,132.158,-5.15971,0.223749,13502.4,212.68,1,2,2,3,4,0
81,24,343.573,101.307,1.72892,1.93085,475.217,131.833,-1.94937,3.42586,9942.43,191.018,1,1,2,1,1,0
81,25,343.415,101.253,1.99839,1.81329,524.837,111.723,-0.277576,0.887774,12375.7,186.751,1,1,2,2,1,0
81,26,343.372,101.449,2.26165,1.9668,448.638,122.899,-4.29977,-0.308155,12052.3,192.509,1,1,2,2,3,0
81,27,343.781,101.552,1.95801,1.81792,497.153,135.641,-6.22002,-4.06211,11084.8,200.012,1,1,2,2,3,0
81,28,342.936,101.567,2.64339,2.00509,425.448,136.997,-3.79371,-5.92056,14287.5,220.231,1,1,2,2,3,0
81,29,342.599,101.125,3.07759,2.32088,485.329,113.231,0.125816,-2.53388,20456.7,238.544,1,1,2,2,3,0
81,30,342.995,100.903,2.30967,2.1839,436.991,135.801,-2.83109,-0.23024,13649.9,220.314,1,1,2,2,3,0
81,31,343.359,101.02,2.00175,2.12193,442.389,165.487,-3.24101,5.46244,11721.9,233.982,1,1,2,2,3,0
81,32,343.757,101.031,2.30669,1.99963,526.028,161.94,-5.61377,4.75208,15610.7,258.059,1,1,2,2,3,0
81,33,343.723,100.735,3.07163,2.05908,398.51,152.908,-1.33075,0.365917,15752.4,245.533,1,1,2,3,4,0
81,34,342.71,100.687,2.27166,2.01243,408.985,157.892,1.5935,5.26934,12482.6,231.065,1,1,2,3,4,0
81,35,343.006,100.769,2.75733,1.77307,377.24,162.878,4.57147,2.37578,12185.1,238.882,1,1,2,3,4,0
81,36,342.571,101.894,2.03356,1.77208,300.189,151.147,12.4763,-15.9153,6777.4,194.32,1,1,2,3,4,0
81,37,343.065,101.842,1.33723,1.93549,394.855,165.896,10.8311,-12.2976,6470.8,208.586,1,1,2,3,4,0
81,38,343.725,101.286,2.33326,2.08698,461.42,146.434,12.4929,-16.4998,13919.9,231.03,1,1,2,2,3,0
81,39,343.579,101.226,2.34993,1.86211,362.12,157.395,17.1636,-21.451,9853.91,217.432,1,1,2,2,3,0
81,40,343.413,100.915,1.91786,1.68336,344.996,145.401,16.9603,-15.3379,7539.29,191.834,1,1,2,2,3,0
81,41,343.109,100.336,1.98152,1.49947,337.774,144.039,8.89825,-4.47077,6291.64,186.059,1,1,2,2,3,0
81,42,343.068,100.874,2.31805,1.99661,314.009,142.107,9.32778,-6.61375,9026.96,203.846,1,1,2,3,4,0
81,43,343.112,100.677,3.48531,2.44514,299.588,109.279,13.4076,-7.11276,14496.6,204.722,1,2,2,3,4,0
81,44,342.148,101.505,2.51218,2.17153,287.834,112.736,19.2355,-11.8747,10752.6,183.207,1,2,2,3,4,0
81,45,342.88,101.008,2.82577,2.14838,287.841,107.365,10.9128,-6.57904,10716.3,176.423,1,2,2,3,4,0
81,46,343.613,100.51,3.13936,2.12523,287.848,101.993,2.59019,-1.28339,10680,169.639,1,1,2,3,4,0
81,47,342.937,100.923,1.92983,1.73935,436.005,126.706,-3.32969,3.13341,9175.84,183.876,1,1,2,3,4,0
81,48,342.868,101.335,2.05271,1.94639,376.667,104.345,-0.707415,-0.779776,9405.2,167.396,1,1,2,2,3,0
81,49,343.34,101.638,2.23325,2.01484,405.157,92.8688,0.675121,-2.65525,12164.5,166.941,1,1,2,2,3,0
81,50,343.92,101.276,2.20817,2.27667,345.429,112.74,-4.96304,0.187802,10753.7,178.911,1,1,2,2,3,0
81,51,343.252,101.05,2.5925,2.47508,350.97,90.317,-0.279428,1.15505,14529.5,180.598,1,1,2,2,3,0
81,52,343.736,100.869,2.23943,1.97204,381.829,137.893,-8.43727,0.527619,10642.6,202.296,1,1,2,2,3,0
81,53,343.497,100.958,2.10767,2.00542,422.201,139.308,-11.5661,3.14939,11127.2,205.935,1,1,2,2,3,0
81,54,343.43,100.975,1.79116,1.83604,509.012,156.808,-5.20458,-3.11934,10497.9,219.698,1,1,2,2,3,0
81,55,343.913,100.698,1.79398,2.27223,413.572,154.306,-5.80451,1.95926,9118.33,205.562,1,1,2,2,3,0
81,56,344.401,100.582,1.99644,2.23781,446.896,160.023,-7.99033,5.85383,10699.7,222.805,1,1,2,3,4,0
81,57,343.689,101.216,2.6271,2.79527,366.287,115.378,-1.29731,4.84938,16362.4,217.568,1,1,2,3,4,0
81,58,343.352,101.229,2.2137,2.89833,353.433,104.677,-1.15517,-0.500197,13610.5,190.006,1,1,2,3,4,0
81,59,344.323,100.977,1.71264,1.23309,443.258,167.047,0.96208,-1.76383,4737.79,194.355,1,1,2,3,4,0
81,60,343.73,100.865,2.43571,2.22736,340.367,120.989,6.98632,-3.14117,12329.7,189.331,1,1,2,3,4,0
81,61,344.011,101.137,3.54619,2.20243,364.422,116.481,8.05456,-2.42611,16182.7,226.095,1,1,2,3,4,0
81,62,344.88,100.623,3.61135,2.1171,390.821,156.084,8.62163,6.75812,17545.1,254.651,1,1,2,3,4,0
81,63,345.215,100.914,3.89361,3.17984,386.132,68.1648,1.56648,1.73061,26970.4,244.249,1,2,3,4,5,0
81,64,349.838,101.694,3.55601,2.86854,406.33,48.557,14.9505,-19.1104,30317.5,248.899,1,2,3,4,5,0
81,65,352.111,100.981,2.18788,1.7857,416.284,161.449,0.107157,-14.3057,10153.7,234.219,1,2,3,4,5,0
81,66,353.341,100.452,1.60646,1.76192,379.357,200.779,11.7978,-21.4984,6739.77,233.166,,,,,,0
82,5,366.803,157.613,2.81249,2.02835,476.874,91.4421,-3.16293,-0.329507,16604.4,191.172,1,1,1,1,1,0
82,6,366.935,157.671,2.3874,1.99341,447.523,96.4211,-5.32281,-4.32359,13279,178.296,1,1,1,1,1,0
82,7,366.916,157.352,1.75001,1.60859,524.211,140.212,-2.74752,-6.16143,9265.42,191.686,1,1,1,1,1,0
82,8,366.685,157.005,1.69574,1.65899,517.096,118.284,2.23856,0.0616686,9134.59,169.994,1,1,1,1,1,0
82,9,366.726,157.06,1.5609,1.80833,482.477,108.846,0.849056,-0.305973,8552.02,157.639,1,1,1,1,1,0
82,10,367.015,156.855,1.84978,1.72131,522.779,108.613,-0.677596,1.72135,10443.5,167.615,1,1,1,1,1,0
82,11,367.057,157.052,2.1343,1.80354,508.494,107.252,-3.91705,3.44568,11759.5,172.87,1,1,1,1,1,0
82,12,367.461,156.994,2.19553,1.59107,431.387,108.592,-1.10432,0.256533,8784.22,158.272,1,2,3,4,5,0
82,13,371.419,156.566,3.54317,2.76839,290.149,32.4741,5.04866,-6.58509,17275.7,140.254,1,2,3,4,5,0
82,14,372.451,156.395,2.94521,2.53277,339.312,70.1008,2.17697,-0.00954556,15173.3,167.746,1,2,3,4,5,0
82,15,372.248,158.075,1.96024,1.67019,257.394,125.828,3.84216,4.40503,5293.94,152.266,1,2,3,4,5,0
82,16,371.625,159.682,2.6524,2.76818,329.567,76.2721,1.59747,-2.72512,14632.2,162.905,1,2,3,4,5,0
82,17,370.715,159.727,2.43099,2.41443,339.163,80.0644,0.521655,-0.972828,12184.6,157.888,1,2,3,4,5,0
82,18,368.386,159.621,1.84277,1.80886,270.572,128.06,-9.31077,8.93887,5658.21,163.769,1,2,3,4,5,0
82,19,363.496,159.279,1.45969,1.82968,316.751,142.085,0.85784,-0.410388,5309.6,171.379,1,2,3,4,5,0
82,20,361.066,156.908,1.74845,2.27306,426.405,122.447,-10.7445,3.44456,10136.7,179.118,1,2,3,4,5,0
82,21,358.932,157.402,3.24187,1.74377,414.033,126.493,-3.89241,-2.21635,13767.6,211.148,1,2,3,4,5,0
82,22,359.469,159.958,2.94102,2.05259,368.472,85.0629,-5.52212,-10.4898,13346.7,167.107,1,2,3,4,5,0
82,23,359.153,163.572,1.56957,1.61192,350.479,152.28,-4.55385,-12.3228,6380.65,183.254,1,2,3,4,5,0
82,24,360.748,166.037,2.33324,2.39168,362.612,122.973,-2.14618,-1.44441,12442.2,200.663,1,2,3,4,5,0
82,25,361.973,168.249,1.80003,2.03787,537.422,164.443,-0.395925,3.95419,12338.3,234.799,1,2,3,4,5,0
82,26,363.453,171.001,2.10409,2.73105,875.997,138.307,-0.0934944,-5.31765,30250,319.361,1,2,3,4,5,0
82,27,364.655,170.611,2.41428,2.7226,921.375,138.034,0.0237205,-3.81059,35960.3,356.349,1,2,2,3,4,0
82,28,364.722,169.823,3.49071,2.81637,709.13,92.7905,2.15415,-7.7441,39126.2,334.817,1,2,2,3,4,0
82,29,365.732,169.482,2.8833,2.41054,621.438,108.611,-3.16253,-4.74788,27132.2,280.902,1,2,2,3,4,0
82,30,366.742,169.142,2.27588,2.0047,533.746,124.432,-8.47922,-1.75166,15138.3,226.988,1,2,2,3,4,0
82,31,366.193,168.185,2.18627,1.96042,465.181,149.881,-18.4678,-3.72348,12679.6,215.669,1,2,2,3,4,0
82,32,366.722,166.987,1.82488,1.96956,432.112,179.352,-21.9199,5.86072,9962.45,230.29,1,2,2,3,4,0
82,33,367.251,165.79,1.4635,1.97869,399.043,208.823,-25.372,15.4449,7245.33,244.911,1,2,2,3,4,0
82,34,366.91,164.873,2.16877,1.97042,321.235,220.732,-20.3602,19.8747,8564.02,276.473,,,,,,0
83,5,391.513,127.604,2.52276,2.4634,228.452,112.605,6.95162,-1.4451,8622.35,164.036,1,2,3,4,5,0
83,6,391.6,126.754,2.59947,2.94319,230.609,95.1277,3.44626,1.71897,10399.4,155.592,1,2,3,4,5,0
83,7,392.53,125.022,1.79232,2.6516,402.652,133.563,-4.83142,3.04551,11523.9,202.651,1,2,3,4,5,0
83,8,395.026,124.275,1.63821,2.7283,262.827,127.93,-2.40392,5.63931,7174.61,165.84,1,2,3,4,5,0
83,9,395.657,123.991,2.29222,2.73612,316.62,95.3982,-1.81893,3.56154,11675.9,168.331,1,2,3,4,5,0
83,10,394.121,123.083,1.85569,1.57893,346.881,131.947,-1.11286,3.28424,6378.48,166.391,1,2,3,4,5,0
83,11,391.391,121.782,2.10491,2.61948,278.999,112.269,2.73705,-0.889501,9412.52,169.361,1,2,3,4,5,0
83,12,391.405,121.222,2.21798,2.63094,391.632,97.8986,3.51282,-4.02018,13937.8,180.414,1,2,3,4,5,0
83,13,391.259,119.948,1.45498,2.04038,456.398,136.609,7.39956,5.86674,8501.17,185.657,1,2,3,4,5,0
83,14,389.996,119.737,2.1108,1.87048,342.934,97.0767,-1.57169,-2.31228,8461.21,147.58,1,2,3,4,5,0
83,15,387.509,118.488,2.09862,2.54942,425.769,96.0196,-0.826926,-6.47335,14517.6,182.018,1,2,3,4,5,0
83,16,385.833,118.799,2.33637,2.4743,368.733,102.826,4.64429,-5.52494,13537.9,186.669,1,2,3,4,5,0
83,17,386.623,119.593,3.5534,2.44746,238.34,77.4661,7.96965,-4.31455,11657.5,150.438,1,2,3,4,5,0
83,18,389.197,119.8,2.18338,2.3278,496.727,83.1347,-0.000589727,-1.03569,16275.3,180.787,1,2,3,4,5,0
83,19,386.942,119.856,2.94923,2.11754,294.251,77.6231,-0.360751,-1.35006,11025.2,143.959,1,2,3,4,5,0
83,20,386.37,120.888,2.97397,2.52582,239.63,67.4088,0.43061,-3.74839,10626.4,129.538,1,2,3,4,5,0
83,21,385.707,123.268,2.3767,2.3918,283.826,74.0401,4.04245,-5.38812,9899.43,132.355,1,2,3,4,5,0
83,22,384.79,123.185,2.10742,2.30589,356.286,72.2179,0.852666,-1.55437,10735.5,132.521,1,2,3,4,5,0
83,23,385.35,122.401,2.01407,2.50884,345.037,73.0787,-2.77621,1.40973,10731,133.769,1,2,3,4,5,0
83,24,386.202,121.464,1.81061,1.68117,358.334,83.5871,-2.22608,-5.39455,5955.14,115.527,1,2,3,4,5,0
83,25,387.581,120.531,2.51559,2.19181,400.407,74.5372,2.32082,-5.5837,13546.1,157.544,1,2,3,4,5,0
83,26,387.517,120.133,3.03053,2.46356,329.038,58.5149,2.94456,-2.55633,14460.1,143.556,1,2,3,4,5,0
83,27,385.559,119.456,1.96171,1.98722,369.656,89.5827,2.85891,-3.27407,9005.55,142.633,,,,,,0
84,6,160.567,451.139,1.85604,2.42889,363.647,122.77,-7.91596,-12.6558,10372.6,180.355,1,2,3,4,5,0
84,7,159.679,452.095,2.20917,3.23689,312.978,99.2225,-6.15837,-2.07388,13089.7,176.036,1,2,3,4,5,0
84,8,158.448,454.071,1.82172,2.24736,340.131,86.2065,-0.291573,-2.98482,8676.8,135.74,1,2,3,4,5,0
84,9,158.026,454.914,2.18507,2.32661,392.687,72.5715,-5.02266,0.331128,12355.7,151.385,1,2,3,4,5,0
84,10,156.869,455.316,2.31032,1.95877,596.319,95.8818,-8.41966,-6.15304,16766.3,192.432,1,2,3,4,5,0
84,11,154.91,455.178,2.49264,2.64822,563.276,85.9087,-2.47604,-7.12749,22473.2,220.781,1,2,3,4,5,0
84,12,152.343,455.224,1.82911,2.1155,1046,165.15,-4.11997,-11.831,23700,302.905,1,2,3,4,5,0
84,13,151.223,456.411,1.83774,1.78584,995.352,165.098,-7.67865,-8.91421,20485.4,281.882,1,2,3,4,5,0
84,14,149.674,457.591,2.13972,2.26053,1644.31,158.42,-7.5793,-6.25306,48126.9,447.284,1,2,3,4,5,0
84,15,150.373,458.482,2.25191,2.10749,826.596,127.972,-10.9749,-5.7237,24115.6,270.586,1,1,2,2,3,0
84,16,150.726,458.63,2.11666,2.20011,894.417,139.687,-11.4387,0.319538,25535.7,290.692,1,1,2,2,3,0
84,17,150.328,458.871,1.71706,2.04349,1404,170.963,-10.4879,-8.31558,30842.4,348.947,1,1,2,2,3,0
84,18,150.665,458.305,1.90452,2.08351,1037.75,159.26,-1.78991,-6.705,25725.7,313.254,1,2,3,4,5,0
84,19,152.978,457.512,1.75269,2.05957,963.38,142.549,-7.50294,-10.7354,21748.3,269.154,1,2,3,4,5,0
84,20,153.662,456.458,2.27087,2.18307,758.656,118.88,-1.2745,-7.27978,23491,259.266,1,2,3,4,5,0
84,21,154.845,456.008,2.19808,2.96405,529.851,114.73,2.03869,-5.73076,20297.7,234.361,1,2,3,4,5,0
84,22,157.804,455.438,2.54056,2.86694,245.273,93.4019,-3.72937,-6.42826,10027.3,154.568,1,2,3,4,5,0
84,23,157.947,454.784,3.0777,3.17731,287.157,55.5906,-4.59925,-2.42527,15776.7,159.343,1,2,3,4,5,0
84,24,155.202,455.374,2.23461,2.13374,510.391,114.943,2.84403,-7.99626,14904.3,201.899,1,2,3,4,5,0
84,25,154.028,451.613,2.57159,1.80908,368.166,145.479,13.3815,-12.1836,10923.4,217.746,,,,,,0
85,6,390.255,115.153,2.03612,2.09626,345.014,126.409,-3.00722,-2.62474,8726.93,179.615,1,2,3,4,5,0
85,7,393.036,115.294,2.58057,2.66472,258.686,112.151,1.82482,3.14004,10693.8,182.722,1,2,3,4,5,0
85,8,393.901,112.71,2.43304,2.54331,305.57,97.9333,0.459951,1.79487,11226.7,169.698,1,2,3,4,5,0
85,9,394.766,110.125,2.28552,2.42191,352.454,83.7162,-0.904922,0.449695,11759.5,156.675,1,2,3,4,5,0
85,10,394.269,109.508,2.21138,2.5904,369.459,68.4608,-0.578626,3.33329,12918.9,147.686,1,2,3,4,5,0
85,11,391.8,111.649,2.49996,2.35408,308.021,116.648,-0.329801,0.70684,10528.4,181.911,1,2,3,4,5,0
85,12,391.007,110.057,1.94654,2.5704,454.947,107.971,-0.458973,4.02252,14007,189.917,1,2,3,4,5,0
85,13,391.113,109.346,2.59668,2.48573,399.409,88.0839,-6.90339,-1.58807,15615.9,179.03,1,2,3,4,5,0
85,14,388.691,106.031,2.07758,1.87535,331.618,104.747,0.42146,5.08993,8076.56,157.302,1,2,3,4,5,0
85,15,387.404,104.899,2.093,1.68466,407.313,103.1,0.834161,2.02832,8980.65,152.728,1,2,3,4,5,0
85,16,386.815,104.063,1.70221,1.95349,494.726,103.369,-0.95458,3.01185,10312.7,162.296,1,2,3,4,5,0
85,17,385.778,103.039,2.09603,2.36603,365.12,88.0538,-1.47678,-0.179289,11210.5,153.03,1,2,3,4,5,0
85,18,384.581,101.343,3.04032,2.67367,266.107,87.666,-2.42593,-7.33501,12684.4,167.97,1,2,3,4,5,0
85,19,381.789,101.65,2.21193,2.68638,262.5,119.178,-1.48776,-19.5202,9604.1,185.746,1,2,3,4,5,0
85,20,379.279,99.1025,1.99007,3.15597,443.983,290.214,5.43061,-40.1662,16493.1,372.686,1,2,3,4,5,0
85,21,378.329,97.9028,2.14412,3.1788,926.085,240.028,14.1223,-33.21,37310.6,465.994,1,2,3,4,5,0
85,22,377.585,98.9445,2.22022,2.56384,833.572,179.387,6.59433,-22.3069,28662.9,369.834,1,2,3,4,5,0
85,23,376.462,100.537,3.69681,1.78874,450.332,173.302,8.55068,-16.5443,17507.9,281.556,1,2,3,4,5,0
85,24,379.06,100.486,3.19483,1.75648,425.535,174.615,-10.2042,-20.0505,14868.5,260.692,,,,,,0
86,7,48.731,107.277,2.43174,3.15816,244.249,98.7341,2.55115,2.65752,11575.7,169.402,1,2,3,4,5,0
86,8,49.3837,110.93,2.06838,2.29553,229.329,101.973,-3.1309,1.13673,6339.51,143.024,1,2,3,4,5,0
86,9,51.9311,111.989,2.39887,2.65095,261.484,101.512,-1.76131,7.6365,10359.2,160.58,1,2,3,4,5,0
86,10,55.9974,112.635,1.89552,1.67567,401.393,144.123,3.24973,-3.65651,7573.41,190.26,1,2,3,4,5,0
86,11,55.4259,111.121,2.01154,1.80016,380.566,123.477,3.48973,-4.71032,8384.35,171.814,1,2,3,4,5,0
86,12,54.8545,109.607,2.12755,1.92465,359.74,102.832,3.72973,-5.76412,9195.29,153.367,1,2,3,4,5,0
86,13,54.2579,110.204,1.60925,2.07962,429.72,101.937,-0.0782444,-3.08769,9000.6,154.142,1,2,3,4,5,0
86,14,55.1395,111.354,2.12475,2.44996,372.253,83.0694,2.49531,-5.1455,11943.9,153.834,1,2,3,4,5,0
86,15,57.6363,111.728,2.00422,2.23869,331.77,119.401,5.60227,-11.9579,9283.07,180.822,1,2,3,4,5,0
86,16,59.5571,111.34,1.813,1.83046,321.57,146.769,9.89333,-16.5518,6720.6,185.497,1,2,3,4,5,0
86,17,61.4988,109.597,1.82034,1.56459,491.842,150.736,8.40813,-10.552,8789.27,201.101,1,2,3,4,5,0
86,18,61.7823,110.311,2.01827,1.61332,433.154,119.507,1.9804,-8.41019,8842.68,167.722,1,2,3,4,5,0
86,19,58.7556,110.703,2.09085,1.53991,347.135,107.864,1.49972,-6.56175,7010.88,145.033,1,2,3,4,5,0
86,20,55.7289,111.095,2.16343,1.4665,261.117,96.2209,1.01904,-4.7133,5179.09,122.343,1,2,3,4,5,0
86,21,52.9687,111.353,1.9858,2.17827,231.549,93.5525,-3.97939,-4.13821,6241.14,130.751,1,2,3,4,5,0
86,22,51.2988,107.599,2.01158,2.50798,366.822,88.8286,-4.08716,-0.53483,11392.7,154.763,1,2,3,4,5,0
86,23,51.1606,106.834,2.15092,2.34102,325.938,84.732,-2.64621,-3.78561,10157.9,147.414,1,2,3,4,5,0
86,24,51.9059,106.114,1.79624,2.14344,388.212,99.3228,-0.268854,-4.25692,9339.51,151.16,1,2,3,4,5,0
86,25,50.1368,106.683,2.4663,2.48643,334.479,66.5928,-0.522173,-0.994443,12087.4,138.219,1,2,3,4,5,0
86,26,48.3678,107.253,3.13635,2.82942,280.746,33.8627,-0.775492,2.26804,14835.4,125.278,1,2,3,4,5,0
86,27,49.5275,110.977,2.84646,2.64464,309.815,69.1598,-1.03334,1.74982,13888.4,155.855,1,2,3,4,5,0
86,28,50.6873,114.701,2.55657,2.45985,338.885,104.457,-1.29118,1.2316,12941.4,186.432,1,1,2,2,3,0
86,29,50.3712,115.036,2.18474,2.59262,403.457,104.207,-0.118958,-0.807646,13984.7,185.503,1,1,2,2,3,0
86,30,50.9788,114.849,2.16881,2.37609,376.296,97.074,-1.5947,-4.43427,12211.9,173.994,1,1,2,2,3,0
86,31,51.3337,114.699,2.22635,2.24789,348.175,127.206,-6.06681,0.29446,10657,187.787,1,1,2,2,3,0
86,32,50.8796,115.069,2.42804,2.2919,322.135,113.255,-9.11658,-3.95974,11027.2,179.609,1,2,3,4,5,0
86,33,48.1647,114.446,3.05696,2.27653,228.947,89.5941,-5.79245,-0.314295,9433.87,145.408,1,2,3,4,5,0
86,34,45.7928,115.555,1.81834,1.78247,456.858,129.632,-6.1461,-7.96737,9288.9,185.237,1,2,3,4,5,0
86,35,45.7872,114.708,1.81765,1.95503,317.129,157.505,-15.1279,-16.5403,7073.49,198.964,1,2,3,4,5,0
86,36,44.206,110.986,3.93202,2.44506,370.824,96.6789,-7.91451,-3.38599,19472.3,218.533,1,2,3,4,5,0
86,37,42.2722,110.18,2.666,2.22532,359.925,132.274,-8.51257,-9.21546,13002.8,210.467,1,2,3,4,5,0
86,38,39.8075,108.472,2.83554,2.51109,523.706,100,-6.82557,-6.72397,23013.8,242.071,1,2,3,4,5,0
86,39,39.363,107.678,2.24825,2.24688,450.947,149.798,1.49057,-5.46948,13601.9,229.615,1,2,3,4,5,0
86,40,38.2697,106.701,2.36538,2.27158,256.417,166.092,12.7885,8.49788,8072.65,217.746,1,2,3,4,5,0
86,41,36.0887,105.118,1.50483,1.93668,248.427,138.971,0.188326,8.43525,4540.94,163.036,1,2,3,4,5,0
86,42,34.8379,105.49,2.40499,2.13546,311.609,131.689,-2.95649,5.42287,9876.37,194.178,1,2,3,4,5,0
86,43,35.5778,104.225,2.05017,2.63111,220.919,116.611,3.67311,5.94718,7293.19,161.97,,,,,,0
87,7,354.755,170.105,1.77011,2.27266,556.865,89.7539,-0.264175,-0.205134,13955.7,172.799,1,2,2,3,4,0
87,8,355.144,170.298,1.80045,2.12963,546.475,105.503,-3.0999,-3.74781,13091.4,185.497,1,2,3,4,5,0
87,9,355.025,169.132,2.11854,1.93002,352.963,95.2675,-1.45311,-4.35371,9014.15,149.195,1,2,3,4,5,0
87,10,357.29,166.548,2.80685,2.2342,355.897,94.159,-4.6172,-2.21846,13462,179.385,1,2,3,4,5,0
87,11,356.358,165.864,2.1372,1.7999,508.884,140.437,-3.50603,-11.1549,12229.1,216.16,1,2,3,4,5,0
87,12,353.727,158.78,1.50913,2.50611,369.877,163.707,1.76694,13.6184,8653.23,221.775,1,2,3,4,5,0
87,13,356.476,163.867,2.30457,1.88668,396.471,121.38,-7.6165,-9.35556,10740.5,192.509,1,2,3,4,5,0
87,14,356.051,162.45,2.80272,2.95981,380.466,71.2306,-2.4433,-6.76285,18365.2,186.249,1,2,3,4,5,0
87,15,356.497,162.812,2.45692,3.07749,329.189,80.84,0.324838,-4.86297,14813.1,169.432,1,2,3,4,5,0
87,16,357.716,165.014,1.46501,1.58524,618.479,143.513,-0.534398,-1.23557,9023.58,185.444,1,2,3,4,5,0
87,17,359.468,166.274,2.26353,2.68851,476.505,83.7997,1.77359,-3.16791,17597.2,187.793,1,2,3,4,5,0
87,18,360.607,168.933,2.0754,2.06716,408.76,127.316,2.46853,-6.62467,10935.9,189.325,1,2,3,4,5,0
87,19,360.993,170.994,1.78534,1.93658,624.731,168.187,0.567686,3.73186,13539.2,238.734,1,2,3,4,5,0
87,20,363.053,173.585,2.04477,2.36154,552.299,161.691,-5.56059,12.5284,16408.5,256.441,1,2,3,4,5,0
87,21,365.112,176.176,2.30421,2.78651,479.868,155.196,-11.6889,21.3249,19277.8,274.148,1,1,1,1,1,0
87,22,364.781,176.241,2.24604,2.70689,461.093,136.387,-0.651266,8.21503,17174.7,246.302,1,1,2,1,1,0
87,23,364.71,176.184,2.64676,2.80657,437.712,104.199,-3.3977,0.541527,19414.4,229.686,1,2,2,3,4,0
87,24,364.563,177.267,2.08701,2.3716,406.264,166.266,-10.2516,7.68111,12326.7,242.941,,,,,,0
88,8,311.54,230.521,2.08541,1.19895,519.644,96.295,3.00443,-0.434476,8549.67,146.201,1,2,3,4,5,0
88,9,308.694,230.746,1.90948,1.98681,260.438,87.4403,3.28946,-4.6869,6182.2,123.408,1,2,3,4,5,0
88,10,306.389,227.432,3.30208,3.14975,304.757,32.8826,-0.205378,-7.97488,17444.8,144.698,1,2,3,4,5,0
88,11,304.646,225.622,2.50681,2.58886,427.634,83.0077,1.99783,-2.8309,16780.2,187.751,1,2,3,4,5,0
88,12,304.182,225.151,2.05017,2.60645,459.885,83.0756,0.357093,-7.10671,15071.8,173.101,1,2,3,4,5,0
88,13,304.364,224.221,1.92286,2.74033,492.959,82.0464,0.156791,-4.04375,15830.1,174.74,1,2,3,4,5,0
88,14,305.721,223.124,2.46193,2.74488,405.253,88.4503,5.47275,-4.03382,16492.6,188.645,1,2,3,4,5,0
88,15,307.304,222.342,2.2182,2.27054,465.818,117.564,-2.91112,-4.95871,14516.1,201.888,1,2,3,4,5,0
88,16,307.801,223.37,2.84845,2.22535,391.924,98.6508,-0.736199,-8.69454,15154.7,191.349,1,2,3,4,5,0
88,17,307.716,224.766,2.47204,2.29061,391.86,88.5945,-1.56173,-9.32525,13883.9,169.42,1,2,3,4,5,0
88,18,306.629,223.412,1.90931,1.90653,427.985,103.823,-2.5605,-2.9701,9753.09,156.189,1,2,3,4,5,0
88,19,307.052,221.213,2.42406,1.36649,354.867,113.285,-0.636886,-9.456,7292.2,151.071,1,2,3,4,5,0
88,20,308.525,218.254,1.75684,1.90309,408.283,120.268,-2.0811,2.30171,8584.84,167.195,1,2,3,4,5,0
88,21,311.132,219.249,1.7624,2.23705,337.129,100.524,0.205571,-1.78487,8286.45,143.982,1,2,3,4,5,0
88,22,312.659,220.121,2.43722,2.73548,449.459,60.1223,-3.1336,-0.974108,18051.1,167.219,1,2,3,4,5,0
88,23,314.071,220,1.5423,2.32226,299.193,86.6031,1.71681,2.05848,6670.49,125.16,1,2,3,4,5,0
88,24,317.91,220.421,2.53042,2.66761,439.179,67.9151,3.06439,-0.0581362,17843.2,174.491,1,2,3,4,5,0
88,25,318.664,220.061,3.74345,2.78391,368.068,34.5519,3.88237,-0.242059,20822.8,165.112,1,2,3,4,5,0
88,26,317.025,220.902,2.65913,2.28514,343.231,75.86,3.05758,-0.992454,12695.3,153.012,1,2,3,4,5,0
88,27,317.225,220.486,2.26023,2.28196,374.021,109.019,3.45596,-0.325188,12425.4,179.964,1,2,3,4,5,0
88,28,316.831,219.537,2.24587,2.02235,379.975,113.587,2.42943,1.44559,10866,175.314,1,2,3,4,5,0
88,29,318.006,219.651,1.91338,1.91336,305.851,135.795,2.5955,5.88863,7012.05,177.314,1,2,3,4,5,0
88,30,320.984,217.707,2.04865,2.46241,470.678,140.019,3.64036,5.14772,15577.7,232.964,1,2,3,4,5,0
88,31,321.996,218.725,2.00721,2.96565,524.725,192.31,11.7795,14.7408,18737.2,293.201,1,2,3,4,5,0
88,32,321.405,218.505,1.93655,2.60864,536.905,243.016,18.2745,22.5043,14688.9,333.55,1,2,3,4,5,0
88,33,325.439,222.566,2.51062,2.13937,528.097,335.747,3.63128,-5.17093,16433.9,431.491,1,2,3,4,5,0
88,34,326.234,223.866,3.44948,3.32519,697.138,183.269,12.4071,0.0125856,42988.2,443.101,1,2,3,4,5,0
88,35,327.67,223.744,3.30335,2.10456,670.753,202.736,-17.2984,-7.66695,28167.5,369.331,1,2,3,4,5,0
88,36,329.206,222.814,2.83253,2.4744,1096.13,130.583,-8.04447,-2.50248,46044.5,410.231,1,2,3,4,5,0
88,37,329.86,223.603,2.59162,2.39697,975.024,177.216,-13.6451,-14.9662,36816.3,397.136,1,2,3,4,5,0
88,38,328.166,221.993,2.5518,2.82927,800.173,149.195,-9.24757,-4.11018,33158.8,351.462,1,2,3,4,5,0
88,39,326.471,220.383,2.51198,3.26157,625.322,121.174,-4.85003,6.7458,29501.4,305.787,1,2,3,4,5,0
88,40,327.921,216.975,3.39074,3.07816,609.101,6.67432,-24.9712,21.3453,41083.4,276.438,1,2,3,4,5,0
88,41,328.208,214.717,2.196,2.25324,395.842,160.548,-25.0393,25.9999,13941.1,248.799,1,2,3,4,5,0
88,42,327.991,213.819,2.21838,2.6402,370.518,146.827,-13.8491,14.6857,13280.6,227.178,1,2,3,4,5,0
88,43,329.519,212.093,2.08186,3.65051,316.282,117.41,-1.97254,8.05128,13805.2,206.58,1,2,3,4,5,0
88,44,331.398,211.567,2.05349,1.85268,534.615,149.821,-4.81319,7.82734,13399.1,227.515,1,2,3,4,5,0
88,45,332.851,212.07,1.85456,1.82916,402.619,173.385,-6.06992,9.23167,8564.45,229.349,1,2,3,4,5,0
88,46,334.162,212.09,2.16781,1.39004,447.313,158.474,-1.67899,8.08981,8422.33,206.503,1,2,3,4,5,0
88,47,335.389,209.498,2.02049,1.94641,345.158,132.456,-1.51408,4.46281,7728.14,176.512,1,2,3,4,5,0
88,48,336.617,206.906,1.87317,2.50278,243.002,106.439,-1.34917,0.835814,7033.95,146.521,1,2,3,4,5,0
88,49,337.708,205.073,2.10668,1.84548,416.824,108.229,-2.73508,3.22954,9900.03,165.136,1,2,3,4,5,0
88,50,335.939,205.588,2.10301,2.05816,391.582,104.1,-0.801881,3.28815,10565.7,165.308,1,2,3,4,5,0
88,51,334.172,206.459,2.25942,2.9208,243.814,110.892,-3.05099,4.34659,9617.35,164.266,1,2,3,4,5,0
88,52,331.606,209.168,2.37895,2.48164,320.966,63.3668,1.47851,-7.67163,11677.4,138.183,1,2,3,4,5,0
88,53,332.457,209.538,1.98716,2.4776,378.561,82.7697,-3.63931,1.90957,11483.5,162.142,1,2,3,4,5,0
88,54,334.235,210.096,2.79876,2.17685,377.128,101.59,1.33403,5.33691,13902,187.811,1,2,3,4,5,0
88,55,333.508,209.272,2.7676,2.38608,292.074,104.582,-1.49228,-0.54869,12236.5,180.349,1,2,3,4,5,0
88,56,333.54,209.168,2.0862,2.69107,204.686,136.673,0.875372,-3.46581,7006.15,176.237,1,2,3,4,5,0
88,57,335.244,208.901,2.26748,3.31416,250.427,99.3369,6.30044,-0.802729,10917.7,172.349,1,2,3,4,5,0
88,58,335.16,208.297,1.57399,2.20433,389.302,111.834,3.67789,2.15222,8430.67,158.964,1,2,3,4,5,0
88,59,333.853,206.931,1.52891,1.66503,370.091,140.745,-1.70179,1.21573,5917.64,177.071,1,2,3,4,5,0
88,60,333.889,205.304,1.5671,1.54545,411.216,139.661,-1.91502,-5.58669,6256.22,174.462,1,2,3,4,5,0
88,61,335.73,202.405,2.20004,2.0832,350.441,117.961,-6.44515,1.76509,10049.9,176.787,1,2,3,4,5,0
88,62,335.325,203.526,1.79231,1.93847,300.896,132.205,-1.82772,-5.90378,6238.1,164.095,1,2,3,4,5,0
88,63,335.327,204.389,2.17712,2.04217,411.644,101.109,-4.98861,-6.92579,11390.3,169.272,1,2,3,4,5,0
88,64,335.639,204.366,2.9991,2.97274,295.658,68.3007,-1.3732,-8.31852,15103,166.183,1,2,3,4,5,0
88,65,336.257,200.53,1.78134,2.51814,304.574,139.839,-5.35484,1.46961,8168.41,186.467,1,2,3,4,5,0
88,66,334.605,202.54,2.16598,2.33655,429.196,89.1061,-4.74471,-9.64663,13415.8,168.627,1,2,3,4,5,0
88,67,334.488,204.176,1.75239,1.61593,529.539,103.096,-4.9385,-5.31006,9412.51,155.254,1,2,3,4,5,0
88,68,335.272,208.182,1.83136,2.47884,316.05,110.049,-6.16493,-2.13124,8871.08,162.444,1,2,3,4,5,0
88,69,333.811,211.542,2.53282,2.38568,291.691,110.26,-2.69422,-0.774825,10741.9,180.473,,,,,,0
89,8,322.945,176.38,2.60697,4.14168,585.637,69.6165,-3.62548,-2.63084,33755.8,285.503,1,2,2,3,4,0
89,9,322.958,175.813,3.03226,3.2631,778.417,-43.5835,-11.7117,-15.4217,48970.4,265.402,1,2,2,3,4,0
89,10,321.994,175.647,3.24697,3.11026,787.941,65.1856,0.882819,-1.53396,38063.5,294.657,1,2,2,3,4,0
89,11,322.253,175.102,2.59431,3.46923,573.868,137.804,9.90994,6.29694,28311.3,304.893,1,2,3,4,5,0
89,12,321.257,173.711,2.11466,2.13087,479.278,188.494,18.0712,8.45448,13243,262.787,1,2,3,4,5,0
89,13,321.158,173.199,2.22141,2.0272,417.122,118.563,13.5378,7.15875,11784.2,192.769,1,2,3,4,5,0
89,14,327.891,172.866,4.14439,2.31466,312.195,69.4432,-7.79177,-0.657019,15935.4,172.888,1,2,3,4,5,0
89,15,321.711,173.15,2.54479,2.32226,378.41,69.4817,1.22284,-1.18832,14089.2,153.651,1,2,3,4,5,0
89,16,319.28,173.552,3.45914,2.19853,731.312,67.8286,3.9395,-7.1641,20682.5,194.876,1,2,3,4,5,0
89,17,321.43,173.349,1.89704,2.17235,521.284,108.544,-0.366999,-0.624046,13393.6,182.598,1,2,2,3,4,0
89,18,321.466,173.067,1.8733,2.00225,541.828,94.1703,0.516075,0.430936,12127.3,163.87,1,2,2,3,4,0
89,19,320.502,172.326,1.71256,2.14043,618.692,82.7054,2.22827,6.41234,14766.5,168.101,1,1,2,2,3,0
89,20,320.476,172.556,2.15767,2.09602,514.88,83.7865,-0.0929413,1.33415,14473,171.03,1,1,2,2,3,0
89,21,320.183,173.152,1.97233,2.01121,466.121,94.4177,0.807051,-1.18407,11561.2,161.26,1,1,1,2,2,0
89,22,320.089,173.514,1.8319,1.9494,611.963,86.361,-2.74446,2.3871,13559.9,171.284,1,1,1,2,2,0
89,23,319.941,173.522,1.99552,1.89261,622.811,92.6727,-5.09006,0.0953096,14401.5,177.231,1,1,1,2,2,0
89,24,319.662,173.373,2.2067,2.19521,650.659,72.2683,-4.1786,-4.25375,19285.3,191.047,1,1,1,2,2,0
89,25,320.126,173.447,2.3521,2.3259,546.299,69.7265,0.0360473,-2.31558,18387.1,176.781,1,1,2,2,3,0
89,26,320.865,173.749,2.18341,2.21197,536.95,87.8234,0.381971,-3.79496,16095.4,184.467,1,1,1,2,3,0
89,27,320.952,173.619,2.16465,2.38971,549.127,80.1059,-1.46478,-0.401162,17482.8,187.112,1,1,2,2,3,0
89,28,320.762,173.642,2.08046,2.39282,537.753,100.854,-3.98513,2.34836,16546.7,202.053,1,1,2,2,4,0
89,29,320.927,174.261,1.95791,2.1205,626.03,97.145,-1.44344,-3.91444,16179.1,191.308,1,1,2,3,4,0
89,30,321.81,174.528,2.13481,2.2449,533.858,73.0896,-2.07067,-5.94058,15940,170.408,1,1,2,3,4,0
89,31,321.616,173.946,1.96812,1.96249,534.318,92.8348,-1.28643,-3.59588,12908.9,171.45,1,2,2,3,4,0
89,32,320.622,173.648,2.06708,2.22402,666.98,88.3151,1.06528,-4.41747,19375.7,204.408,1,2,2,3,4,0
89,33,320.433,173.836,2.13309,2.2738,579.646,128.179,10.7122,-6.0849,17841.9,236.136,1,2,3,4,5,0
89,34,322.801,174.095,3.62422,2.05899,545.449,182.123,-9.52506,-10.2265,21034.6,308.751,1,2,2,3,4,0
89,35,321.862,173.894,2.97709,2.07379,589.455,166.107,-7.10208,6.01423,24025,306.148,1,2,2,3,4,0
89,36,320.821,174.294,2.49654,2.27872,613.558,137.418,1.98207,6.76586,21401.6,264.266,1,2,2,3,4,0
89,37,320.036,174.046,2.26573,1.77893,560.624,142.98,11.8916,-2.98655,14081.1,223.822,1,1,2,3,4,0
89,38,319.946,173.539,2.0398,2.18684,636.626,117.112,10.2408,-2.72339,17637.9,219.639,1,1,2,3,4,0
89,39,320.25,174.129,2.23547,2.17431,659.033,87.213,4.70556,-1.72674,19873.9,209.704,1,1,2,3,4,0
89,40,320.669,174.126,2.29076,1.99007,556.991,133.059,8.60977,-2.63,15773.7,227.172,1,2,2,3,4,0
89,41,321.527,173.561,2.26253,1.88641,502.177,219.348,17.7434,7.00908,13615.6,297.521,1,2,2,3,4,0
89,42,321.844,173.262,1.57753,2.27588,403.937,294.608,17.0758,33.1066,9266.24,345.651,1,2,2,3,4,0
89,43,320.867,174.248,1.6072,1.72544,713.825,291.062,23.0168,32.2374,13115.8,362.266,1,2,2,3,4,0
89,44,320.075,174.242,2.30596,2.10258,596.568,239.895,30.6548,13.0074,18553.2,357.355,1,2,2,3,4,0
89,45,320,173.506,2.24979,1.9654,661.466,154.816,7.80657,6.83955,17977.9,268.769,1,2,2,3,4,0
89,46,319.753,173.85,2.29662,1.97018,532.417,148.572,9.30572,1.95533,14652.9,233.059,1,2,2,3,4,0
89,47,320.443,174.552,2.74062,2.20161,494.291,128.521,4.56343,3.63167,18656.7,253.852,1,2,2,3,4,0
89,48,320.264,175.641,1.90067,2.17395,473.341,161.754,11.4921,-0.539879,11814.2,231.598,1,1,2,3,4,0
89,49,319.982,175.473,1.9482,2.36202,485.58,141.482,7.02475,1.238,12302.2,210.58,1,1,2,3,4,0
89,50,319.645,175.275,2.23827,2.24564,617.977,126.6,3.33697,7.13486,19223.2,238.58,1,1,2,3,4,0
89,51,319.056,176.134,2.19648,2.23793,661.744,136.524,5.29328,-0.884854,19877.3,257.456,1,1,1,2,3,0
89,52,319.136,175.827,2.14921,2.0936,665.181,134.646,1.4079,-3.63056,18639.3,247.213,1,1,1,1,1,0
89,53,319.16,175.332,1.93152,2.21476,657.562,110.481,-0.478025,-1.30737,17918.2,217.982,1,1,1,1,1,0
89,54,318.776,175.295,1.9924,2.13953,729.448,107.686,0.901974,-4.16288,19390.2,220.331,1,1,1,1,1,0
89,55,318.474,175.175,2.16052,2.20396,709.092,117.195,1.30568,-5.18683,20473.3,239.698,1,1,1,1,1,0
89,56,318.588,175.259,2.1176,2.07335,655.216,131.639,8.8101,-9.06188,17953.6,237.018,1,1,1,1,1,0
89,57,318.906,175.056,2.48975,2.42716,504.341,112.227,7.3905,2.32882,18615,223.012,1,1,1,1,1,0
89,58,318.966,174.884,2.4706,2.44874,539.588,103.646,10.6005,10.1075,19938.8,222.852,1,1,1,1,1,0
89,59,319.463,174.949,2.399,2.24178,621.22,117.935,9.26857,3.02905,20566.9,246.189,1,1,1,1,1,0
89,60,319.565,174.966,2.58511,2.25861,635.914,119.369,9.96027,-2.80121,22663.9,258.456,1,1,1,1,1,0
89,61,319.655,175.149,4.00814,1.99527,449.141,155.416,16.3695,-3.52493,20383.5,273.639,1,2,2,3,4,0
89,62,318.266,175.278,2.79014,1.81059,478.149,171.672,14.8124,-0.640276,14689.1,262.586,1,1,1,1,1,0
89,63,318.216,175.169,2.61806,2.19252,656.375,135.038,10.1687,1.85934,23517.3,283.491,1,1,1,1,1,0
89,64,317.94,174.922,2.53684,2.13841,608.794,138.096,16.9824,5.36167,19621,258.189,1,1,1,1,1,0
89,65,318.247,175.036,2.47783,2.14385,680.451,148.625,14.6241,6.7621,22258.6,292.024,1,1,1,1,1,0
89,66,318.126,175.368,2.31682,2.05575,606.535,194.599,12.9444,7.71183,17921.2,304.231,1,1,1,1,1,0
89,67,318.146,175.404,2.10043,1.90254,687.828,159.359,8.78514,2.91947,16793.6,262.136,1,1,1,1,1,0
89,68,318.212,175.67,2.12608,1.89452,668.364,142.318,5.13875,2.49907,16810.4,241.491,1,1,1,1,1,0
89,69,317.991,175.686,2.07195,2.21492,600.849,144.449,-0.67151,4.27494,16914.8,242.509,1,1,1,1,1,0
89,70,317.854,175.678,1.85074,2.51032,661.793,126.966,-1.93303,4.18176,18339.5,235.491,1,1,1,1,1,0
89,71,317.906,175.882,2.00768,2.43764,661.586,116.727,-7.22973,1.95683,20022,232.68,1,1,2,3,4,0
89,72,316.792,175.608,2.1323,2.54488,542.307,105.074,-2.75421,4.3226,18310.8,213.781,1,1,1,2,3,0
89,73,316.634,175.918,2.28321,2.44867,634.732,80.1099,-6.03257,-1.3871,23228,217.58,1,1,1,1,1,0
89,74,316.777,176.11,2.20998,2.13535,671.934,125.703,0.831973,-1.9065,20411.9,244.728,1,1,1,1,1,0
89,75,316.495,176.31,2.23683,2.00411,564.145,122.774,7.41484,-0.985077,15715.1,213.627,1,1,1,1,2,0
89,76,316.053,176.223,2.21646,2.12594,485.571,127.49,3.64928,1.74132,14219,214.905,1,1,1,1,2,0
89,77,315.422,176.028,2.17058,2.22777,577.698,128.472,2.28633,2.31774,17328.2,237.373,1,1,1,1,1,0
89,78,315.141,175.796,2.22945,2.43186,586.493,96.4744,4.72462,-1.76,19615.9,221.485,1,1,1,1,1,0
89,79,315.294,175.668,2.09843,2.15864,574.232,115.926,7.84573,0.583145,15723.9,208.923,1,1,1,1,1,0
89,80,315.651,175.562,1.88846,1.84382,642.635,145.94,3.97508,-2.00788,14018.7,224.201,1,1,1,1,1,0
89,81,315.369,175.471,1.99899,1.87339,663.511,150.528,9.20223,-4.31515,14990.7,240.053,1,1,1,1,1,0
89,82,315.564,175.604,1.88687,1.92775,600.684,143.21,8.53144,-2.04074,13677,224.266,1,1,1,1,1,0
89,83,315.409,175.459,2.06374,2.02956,559.439,123.622,5.03694,-8.26851,14612.1,212.763,1,1,1,1,1,0
89,84,315.39,175.538,2.3708,2.17176,566.402,98.2747,-0.38794,-9.56844,18209.3,208.976,1,1,1,1,1,0
89,85,315.609,175.242,2.31691,2.27081,523.276,94.8332,3.1534,-0.683062,16985.6,195.527,1,1,1,1,1,0
89,86,315.655,175.207,2.2573,2.20098,475.131,92.2822,7.26985,1.55195,14622.5,179.645,1,1,1,1,1,0
89,87,315.708,175.474,2.31902,2.10031,451.148,82.7677,4.6952,0.260642,14396.5,169.379,1,1,1,1,1,0
89,88,315.601,175.462,2.33097,1.8966,493.749,92.5761,1.06333,0.657702,12750.8,170.124,1,1,1,1,1,0
89,89,315.353,175.722,2.39871,2.00296,561.992,73.0401,9.76887,1.55797,18121.7,186.172,1,1,1,1,1,0
89,90,315.603,176.143,2.03543,2.22286,638.824,80.9701,-0.375835,-1.96581,17978.3,188.45,1,1,1,1,1,0
89,91,315.627,175.999,2.19261,2.23293,448.878,86.6993,-1.25323,-4.85494,13626.5,169.728,1,1,1,1,1,0
89,92,315.53,176.003,1.94591,2.06954,465.57,87.8787,2.39288,-3.72273,11711.8,154.503,1,1,1,1,1,0
89,93,315.624,175.992,1.855,2.23561,651.608,90.2464,1.76574,-2.56526,16840.9,190.325,1,1,1,1,1,0
89,94,315.618,175.815,1.98311,2.38115,671.286,82.8619,0.881638,-4.5642,19626.2,202.142,1,1,1,1,1,0
89,95,315.563,175.653,1.90113,2.02663,668.611,118.715,-1.76337,-4.85561,16148.6,215.402,1,1,1,1,1,0
89,96,315.63,175.698,1.86993,2.28083,666.528,106.998,2.57628,-1.12463,17457.8,214.006,1,1,1,1,1,0
89,97,315.558,175.855,1.83043,2.39255,609.125,96.2942,3.19655,-0.995399,16348.1,194.071,1,1,1,1,1,0
89,98,315.441,175.727,1.76221,2.39299,576.39,94.6685,1.24773,0.678155,15075.3,181.201,1,1,1,1,1,0
89,99,315.547,175.841,2.14527,2.35433,618.325,71.6976,-2.4121,-2.62139,19443.8,188.118,1,1,1,1,1,0
89,100,315.575,175.837,2.53402,2.19798,603.754,69.1454,-0.290743,-3.20543,20607.2,194.325,1,1,1,1,1,0
89,101,315.449,175.58,2.24255,1.94616,592.919,88.3203,-2.16568,-3.04507,15540.9,184.373,,,,,,0
90,8,491.945,345.107,2.6731,2.69993,275.112,172.165,-3.93804,16.6294,11865.9,239.917,1,2,3,4,5,0
90,9,493.667,343.197,2.04618,1.62888,245.915,163.478,-6.06817,9.52128,4926.5,188.479,1,2,3,4,5,0
90,10,493.265,341.14,2.37588,2.62944,372.054,119.632,-2.62671,4.09057,13381.9,199.941,1,2,3,4,5,0
90,11,492.677,339.798,1.74004,2.15171,411.584,122.351,-0.666927,-1.37645,9627.48,176.172,1,2,3,4,5,0
90,12,492.701,338.25,1.77377,2.3126,519.701,122.429,0.0769849,2.6347,13771.7,202.657,1,2,3,4,5,0
90,13,492.29,339.058,1.50134,1.81255,542.241,160.157,2.27186,6.91439,9264.38,212.521,1,2,3,4,5,0
90,14,491.886,338.748,2.26907,2.24036,273.774,107.441,-4.14226,1.50953,8293.86,162.006,1,2,3,4,5,0
90,15,489.144,337.528,1.74721,1.96762,268.443,132.356,0.513732,2.11511,5862.99,167.435,1,2,3,4,5,0
90,16,486.403,336.307,1.22534,1.69488,263.112,157.271,5.16973,2.72068,3432.11,172.864,1,2,3,4,5,0
90,17,485.625,337.336,2.02602,2.03182,306.887,147.232,1.60891,3.02302,7886.05,190.355,1,2,3,4,5,0
90,18,486.105,336.024,2.06793,1.8054,424.144,148.178,-4.90686,7.92091,9907.86,203.497,1,2,3,4,5,0
90,19,485.881,335.946,2.12787,1.56691,596.462,147.459,-4.13617,-2.23681,12438.2,226.349,1,2,3,4,5,0
90,20,486.421,334.288,1.49293,1.59162,1151.33,231.008,8.29332,-20.3492,17187,323.704,1,1,1,1,1,0
90,21,486.501,334.189,1.58179,1.55807,1012.52,238.319,11.059,-25.3678,15249.5,318.012,1,1,1,2,2,0
90,22,486.744,333.76,1.74032,1.47039,1001.41,242.442,5.1474,-21.8824,16091.5,331.308,1,1,1,2,2,0
90,23,486.325,333.691,1.46046,1.79283,901.708,201.993,6.0607,-22.0712,14825.2,291.361,1,2,3,4,5,0
90,24,485.5,327.912,1.49603,1.24554,422.888,169.794,7.82409,-0.393903,4362.32,192.402,1,2,3,4,5,0
90,25,487.129,327.245,1.70826,1.80721,325.421,146.25,6.22585,0.353602,5394.61,174.973,1,2,3,4,5,0
90,26,488.759,326.579,1.9205,2.36888,227.955,122.705,4.6276,1.10111,6426.89,157.544,,,,,,0
91,8,492.268,441.532,2.62332,2.16852,331.924,149.118,-4.52384,5.95046,12033.6,218.692,1,2,2,3,4,0
91,9,492.854,442.225,2.08351,2.27957,391.423,119.718,-0.959717,1.62115,11541.3,189.053,1,2,2,2,3,0
91,10,492.764,442.325,1.92726,2.40619,381.208,110.602,-0.754204,-0.645832,10945.6,177.947,1,2,3,4,5,0
91,11,493.895,445.067,1.49303,1.15076,292.348,152.248,-1.23177,-6.35931,3174.83,173.899,1,2,3,4,5,0
91,12,494.346,447.926,1.74339,2.19755,448.006,127.711,4.83842,-10.5822,10714,188.781,1,2,3,4,5,0
91,13,495.135,449.176,1.8094,1.66009,265.401,156.968,12.4596,-6.21925,5011.81,189.793,1,2,3,4,5,0
91,14,497.735,451.872,2.83678,3.34414,290.833,94.5366,-1.19705,2.82724,15306.3,189.249,1,2,3,4,5,0
91,15,494.777,452.954,1.70081,2.2042,505.03,132.809,0.319948,-4.74935,11819.8,199.479,1,2,3,4,5,0
91,16,493.426,452.587,2.3431,1.99386,567.845,132.578,1.14851,-3.80657,16435.4,234.065,1,2,3,4,5,0
91,17,493.247,451.933,1.86391,2.50163,523.831,131.363,-2.3689,-8.95262,15088.2,233.834,1,2,3,4,5,0
91,18,494.182,453.887,1.01809,1.66367,348.845,166.225,2.32204,-10.5894,3720.51,186.444,1,2,3,4,5,0
91,19,495.146,454.994,2.16431,3.33039,340.448,113.398,-0.873061,-3.58318,13670.3,194.852,1,2,3,4,5,0
91,20,494.664,452.897,2.46567,2.39416,409.827,91.6656,3.42775,3.61891,15473.7,188.071,1,2,3,4,5,0
91,21,496.511,452.798,2.53212,2.38916,550.554,85.9585,1.06251,-3.88282,20285.2,212.361,1,2,3,4,5,0
91,22,497.205,454.166,2.25328,2.09758,371.064,98.4529,3.04628,-3.90312,10893.1,159.491,1,2,3,4,5,0
91,23,500.367,455.807,2.66615,1.93396,381.796,95.4903,-2.73495,0.0634102,12027.3,166.183,,,,,,0
92,9,142.248,346.385,2.02547,2.54459,279.636,58.0552,1.1624,-3.4684,8861.46,112.018,1,1,1,1,1,0
92,10,142.324,346.253,1.55276,2.26613,372.906,70.7733,0.689645,-0.324655,8180,115.408,1,1,1,1,1,0
92,11,142.547,346.6,2.13028,2.2463,313.759,54.5892,-1.94817,0.40229,9170.95,109.941,1,1,1,1,1,0
92,12,142.773,346.55,2.11017,2.14016,266.03,72.5957,-2.86834,-0.995564,6977.67,113.065,1,1,1,1,2,0
92,13,142.425,346.872,1.67717,2.04559,326.853,99.7275,-2.00082,-8.35438,7030.27,138.355,1,1,1,2,2,0
92,14,142.604,347.29,1.60476,2.39262,411.315,68.7759,-2.60827,-8.41891,9801.4,129.101,1,1,1,2,2,0
92,15,142.546,346.604,2.10743,2.74703,332.787,78.7964,-3.19662,-7.31791,11624.2,150.391,1,1,1,1,1,0
92,16,142.632,346.807,2.26051,2.42035,390.359,60.785,-1.30501,-3.84556,13137.9,143.355,1,1,1,1,1,0
92,17,142.764,346.533,2.31473,2.87751,318.167,40.368,-2.73755,-2.02868,12681.6,118.302,1,1,1,1,1,0
92,18,142.783,346.902,1.74053,2.41923,334.09,56.5715,-1.54236,-3.15785,8723.32,107.154,1,1,1,1,1,0
92,19,142.71,347.398,1.73969,2.04835,398.168,60.9336,-0.335174,-3.59454,8877.74,113.527,1,1,1,1,1,0
92,20,142.485,347.532,1.66025,1.86903,374.373,84.1403,3.38191,-3.08691,7295.02,122.207,1,1,1,1,1,0
92,21,142.578,347.185,1.74893,1.83869,492.605,87.9894,2.78585,-1.81443,9484.88,144.822,1,1,1,1,1,0
92,22,142.742,347.089,1.53127,1.68956,667.109,86.4685,-4.46598,-2.28223,10839.9,148.627,1,1,1,1,1,0
92,23,142.27,346.999,1.77997,2.09869,558.588,68.9087,-3.12527,-4.09994,13050.1,149.16,1,1,1,1,1,0
92,24,142.342,346.714,1.92388,2.51822,544.128,52.6394,-1.97007,-1.28398,16248.8,151.633,,,,,,0
93,9,234.779,317.874,3.11418,1.70652,294.504,220.18,10.1099,-6.53104,9469.23,272.935,1,2,2,3,4,0
93,10,235.665,318.516,3.40081,2.06234,267.783,178.333,2.53251,-1.23149,11682.7,246.107,1,2,2,3,4,0
93,11,236.751,318.454,2.55398,2.26272,290.508,138.909,5.1575,3.87927,10261.5,213.97,1,1,2,3,4,0
93,12,236.529,318.43,2.3476,2.71779,261.409,109.652,4.65825,3.88699,10303.5,175.095,1,1,2,3,4,0
93,13,236.746,318.491,2.07658,2.32921,266.977,125.99,0.302259,5.62776,7996.24,173.805,1,2,2,3,4,0
93,14,237.848,318.648,3.65383,3.65557,330.634,60.3774,-6.09249,5.64852,22957.2,205.574,1,2,2,3,4,0
93,15,237.392,320.041,1.77544,3.53347,347.461,124.077,-0.38592,-1.47123,12677.5,197.249,1,2,2,3,4,0
93,16,237.423,319.227,1.98795,3.00467,297.703,124.64,-2.87949,-0.708155,10484.9,187.979,1,2,2,3,4,0
93,17,237.454,318.413,2.20046,2.47587,247.946,125.204,-5.37305,0.0549251,8292.22,178.71,1,2,2,3,4,0
93,18,236.633,318.445,2.67208,2.65204,280.243,114.782,-1.06302,0.742923,12097.3,192.535,1,2,2,3,4,0
93,19,235.812,318.477,3.1437,2.82821,312.541,104.36,3.24702,1.43092,15902.3,206.361,1,2,2,3,4,0
93,20,236.688,319.298,2.24553,2.80706,416.031,119.413,0.867491,3.5773,15818,214.071,1,2,2,3,4,0
93,21,237.316,319.707,2.37589,3.10282,395.485,93.817,1.85837,-5.37971,17629.6,204.385,1,2,2,3,4,0
93,22,238.135,319.224,1.75384,3.22448,324.08,127.435,-5.95792,2.33644,10615.6,193.503,1,2,2,3,4,0
93,23,237.45,318.802,2.26076,3.15935,267.779,118.303,-2.3166,6.93148,11738.6,186.172,1,1,2,3,4,0
93,24,237.553,318.315,2.31903,2.41059,262.42,112.38,-2.20142,4.50945,9021.14,163.488,1,1,2,3,4,0
93,25,237.657,317.828,2.3773,1.66183,257.061,106.456,-2.08624,2.08742,6303.7,140.805,1,2,2,3,4,0
93,26,236.961,317.513,1.93035,2.19759,313.53,87.3443,-1.79571,1.05251,8080.68,137.254,1,2,2,3,4,0
93,27,236.556,318.374,2.95667,2.06364,264.106,86.6776,-2.82111,1.38411,9371.5,143.325,1,2,2,3,4,0
93,28,237.245,317.514,2.36967,1.56484,251.443,99.4695,0.319545,3.38079,5446,133.136,1,2,2,3,4,0
93,29,236.435,317.164,2.47089,1.7287,227.089,98.8002,7.37995,4.55146,6610.63,138.396,1,2,3,4,5,0
93,30,238.343,316.2,2.37681,2.63497,291.477,103.853,1.24834,-0.617211,11461.5,170.923,1,2,3,4,5,0
93,31,240.251,315.235,2.28272,3.54124,355.864,108.906,-4.88327,-5.78588,16312.4,203.45,1,2,3,4,5,0
93,32,239.595,316.414,2.07745,2.72146,398.971,86.1038,-4.78359,-2.72079,13888.5,168.692,1,2,3,4,5,0
93,33,239.102,316.265,2.92904,2.60904,340.943,93.0073,-0.415353,0.497075,15622.8,189.852,1,2,3,4,5,0
93,34,239.326,315.577,2.20981,2.10483,286.95,130.252,-0.657038,6.26444,8666.33,180.485,1,2,3,4,5,0
93,35,242.545,320.542,3.64281,2.56347,232.093,116.788,-1.32073,-7.96181,11993.6,193.982,1,2,3,4,5,0
93,36,241.248,320.709,2.93742,2.9264,416.041,64.2102,3.37973,-4.12643,20683.4,194.941,1,2,3,4,5,0
93,37,239.546,319.764,1.91755,2.0809,360.611,89.4027,1.79104,-3.78175,8989.3,149.509,1,2,3,4,5,0
93,38,240.319,316.905,2.22083,2.09509,345.964,90.9792,1.14928,-1.1669,10182.8,155.012,1,2,3,4,5,0
93,39,241.093,314.046,2.52411,2.10927,331.318,92.5557,0.50751,1.44795,11376.3,160.515,1,2,3,4,5,0
93,40,240.352,315.494,2.98194,2.34383,307.216,84.2589,-1.9349,-0.0585601,12792.9,161.275,1,2,3,4,5,0
93,41,239.611,316.942,3.43976,2.57839,283.115,75.9622,-4.37731,-1.56507,14209.5,162.036,,,,,,0
94,9,358.892,101.23,3.44932,2.66856,966.601,115.174,5.29794,-18.1658,52669.9,435.84,1,1,2,3,4,0
94,10,358.331,100.897,2.50855,2.13049,664.238,203.614,11.6801,-11.1537,22670.4,345.615,1,1,2,3,4,0
94,11,358.55,101.164,1.60127,1.68872,560.104,266.188,17.5625,-14.5312,9537.05,310.456,1,2,2,3,4,0
94,12,358.047,101.866,1.77027,2.20106,523.455,236.27,23.9025,-2.32452,12734.6,318.533,1,2,2,3,4,0
94,13,357.866,100.47,1.8518,2.13667,464.271,232.737,20.0328,4.91461,11469.6,294.675,1,2,2,3,4,0
94,14,357.723,100.002,2.14345,2.51452,517.803,262.073,20.2924,-16.1885,17180.9,357.503,1,2,2,3,4,0
94,15,357.879,100.287,2.64522,3.50889,662.577,166.101,20.229,-25.2131,36037.7,386.284,1,2,3,4,5,0
94,16,356.52,98.8317,3.38323,2.69172,681.206,204.993,44.1463,-32.7914,36225.7,444.988,1,2,3,4,5,0
94,17,358.953,96.9235,3.05078,3.14549,957.332,220.269,-9.78201,-22.8387,51303,531.272,1,2,3,4,5,0
94,18,362.668,94.23,2.32012,2.24836,747.044,244.442,-19.687,3.83848,25227,399.462,1,2,3,4,5,0
94,19,361.829,94.0221,2.49308,2.63317,514.958,218.409,3.09367,-4.95351,20291.2,340.03,1,2,3,4,5,0
94,20,365.05,91.2199,4.04843,3.0641,521.042,68.9349,-7.48647,9.59646,35601.2,298.503,1,2,3,4,5,0
94,21,365.925,91.461,2.70302,2.14045,629.977,173.733,10.914,-5.15513,22187.7,300.473,1,2,2,3,4,0
94,22,365.06,90.747,2.45667,2.24734,373.71,168.056,10.9499,-0.350463,12693.7,259.728,1,2,2,3,4,0
94,23,364.95,91.4962,2.36642,1.56919,352.936,175.198,8.30626,-1.80229,10112.3,228.811,,,,,,0
95,9,434.728,417.684,1.9871,1.90974,309.518,108.225,-1.22153,-1.00401,7349.01,158.645,1,1,2,2,3,0
95,10,435.503,417.858,2.93612,2.48285,362.643,75.1005,-1.68214,1.52794,15723.6,176.178,1,1,1,1,1,0
95,11,435.341,417.818,2.58824,2.5855,351.213,101.064,-1.97187,1.44017,14083.6,189.506,1,1,1,1,1,0
95,12,435.179,417.778,2.24035,2.68815,339.784,127.027,-2.26159,1.3524,12443.5,202.834,1,2,3,4,5,0
95,13,436.119,415.07,2.43213,2.58086,325.971,142.088,-0.635673,4.17191,12354.4,216.222,1,2,3,4,5,0
95,14,437.06,412.363,2.6239,2.47357,312.158,157.148,0.990248,6.99142,12265.3,229.609,1,2,3,4,5,0
95,15,435.925,413.769,2.74432,3.40124,371.224,131.531,11.9713,0.300291,19544.4,246.793,1,2,3,4,5,0
95,16,437.662,416.508,2.94741,3.23416,447.634,81.3901,-6.5611,-7.63211,24379.8,233.976,1,2,3,4,5,0
95,17,438.096,415.909,2.8151,3.37659,427.165,108.459,-0.302195,0.579889,21931.1,242.006,1,2,3,4,5,0
95,18,436.449,418.422,2.41304,2.19178,240.687,172.167,14.2627,-13.6088,8551.36,224,1,2,3,4,5,0
95,19,436.284,419.569,1.9762,2.02031,408.194,189.067,7.35835,-11.1535,10181.5,242.438,1,2,3,4,5,0
95,20,437.832,418.654,3.07457,2.11435,450.789,138.678,5.37791,-4.18536,17390,240.053,1,2,2,3,4,0
95,21,437.939,418.452,2.62546,2.21001,533.545,144.86,9.18134,-1.88489,18254,248.68,1,2,2,3,4,0
95,22,437.5,419.567,2.19899,2.72862,560.433,136.789,4.1633,-8.45065,20367.6,260.87,1,2,2,3,4,0
95,23,437.204,420.048,2.36354,2.98664,464.41,114.595,-1.35115,-7.4108,19681.9,230.692,,,,,,0
96,10,166.833,400.787,2.10829,2.30455,307.744,98.0496,1.59386,5.61425,9272.3,150.107,1,2,2,3,4,0
96,11,166.586,399.962,2.40185,2.20121,368.437,81.8958,2.09285,3.87199,12006,152.391,1,2,2,3,4,0
96,12,167.176,399.477,2.02215,2.52324,361.027,86.1859,-0.446078,2.43749,11155.3,154.734,1,2,2,3,4,0
96,13,166.798,398.571,2.15582,2.71692,212.303,85.8595,1.38904,-0.325711,7553.02,131.231,1,2,2,3,4,0
96,14,167.381,396.794,1.73163,1.91385,361.928,88.872,-2.41307,-1.75231,7519.79,130.03,1,1,2,3,4,0
96,15,167.77,396.265,1.8622,1.80386,420.382,77.9136,-4.87032,-3.19687,8854.31,132.29,1,1,2,2,2,0
96,16,167.902,395.802,2.09048,2.20922,442.63,71.3867,-1.36411,-3.0235,12713.9,152.728,1,1,2,2,2,0
96,17,167.469,395.998,1.87002,1.99722,493.053,98.9519,2.15612,-2.38771,11524,163.278,1,1,1,2,2,0
96,18,167.958,396.212,2.03102,2.00218,382.318,81.2236,-0.598271,-2.32867,9715.17,138.497,1,1,1,2,2,0
96,19,168.068,396.178,1.81144,1.35829,427.395,113.838,1.11103,-1.04739,6602.34,146.018,1,1,1,2,2,0
96,20,168.225,395.828,1.80671,1.54124,447.629,111.122,0.621618,-4.77367,7824.45,153.438,1,1,1,2,2,0
96,21,167.789,395.925,2.81432,2.17322,335.291,75.0433,0.284703,-5.08869,12398.1,148.988,1,1,2,2,2,0
96,22,167.415,395.403,2.36956,2.28349,418.277,63.5564,2.84205,2.65356,14795,149.059,1,1,2,2,2,0
96,23,167.447,395.712,1.77277,2.42578,459.758,71.583,-0.0733892,3.63224,12337.4,142.444,1,1,2,3,4,0
96,24,167.421,396.275,1.91153,2.25324,426.288,94.2832,0.557983,-1.73384,11942.4,163.988,1,2,2,3,4,0
96,25,168.672,396.485,1.9799,1.4222,483.977,134.456,5.11017,2.59402,8291.34,179.136,1,2,2,3,4,0
96,26,169.532,397.073,2.11658,1.91017,553.418,121.906,-1.15842,2.09593,13964.6,198.645,1,2,3,3,4,0
96,27,168.651,396.903,2.29733,2.20338,535.587,92.4771,-1.30828,-1.81799,16774.3,194.101,1,2,3,4,5,0
96,28,167.196,398.311,2.38305,2.4957,370.563,62.1737,-2.48376,-3.46837,14178.3,147.615,,,,,,0
97,10,211.785,412.229,2.23282,2.10348,805.711,108.676,8.11501,-1.00409,23055.2,243.053,1,1,1,1,1,0
97,11,212.048,412.232,2.2518,2.4567,917.629,77.7231,2.39743,-5.18301,31210.3,268.763,1,2,3,4,5,0
97,12,211.099,413.841,1.88904,1.77997,677.539,145.818,2.56617,-1.51882,14118.5,225.047,1,2,3,4,5,0
97,13,207.922,415.151,1.82951,1.82819,656.352,128.165,0.585474,-4.40408,13768.1,209.373,1,2,3,4,5,0
97,14,206.557,414.426,2.5,1.82524,672.62,122.795,-1.19402,-7.73072,19087.5,238.527,1,2,3,4,5,0
97,15,207.575,412.186,2.22512,2.11942,1059.53,170.964,2.12154,6.70057,31020.1,353.751,1,2,3,4,5,0
97,16,208.318,412.306,1.94377,2.22274,993.289,202.265,6.75183,5.89322,27162.9,357.87,1,2,3,4,5,0
97,17,210.229,413.248,2.35758,2.92887,696.595,92.7466,1.26832,-2.63178,28695.2,272.669,1,2,3,4,5,0
97,18,211.047,415.344,2.15565,3.4017,347.026,117.671,3.73838,3.27076,14425,203.864,1,2,3,4,5,0
97,19,211.382,418.035,2.45073,2.78282,498.942,88.144,3.40829,2.23031,21040.8,219.142,1,2,3,4,5,0
97,20,210.31,418.387,2.21185,2.79792,496.441,77.7034,-1.2577,-9.48598,18546.4,194.947,1,2,3,4,5,0
97,21,206.48,414.513,2.19647,2.27022,329.354,103.607,-2.19554,2.49835,10245.6,168.13,1,2,3,4,5,0
97,22,201.378,414.446,2.00956,1.99857,561.72,115.09,-0.907566,-2.04933,14088.9,196.793,1,2,3,4,5,0
97,23,200.28,414.054,2.28868,2.06371,663.754,104.044,-9.28089,0.783856,19461,219.639,1,2,3,4,5,0
97,24,199.561,414.425,2.88029,2.08862,441.813,96.3316,-10.9293,-0.177162,16210.1,195.604,1,2,3,4,5,0
97,25,199.107,414.653,2.10338,1.76787,478.667,123.75,-12.5439,-0.976516,11131.6,189.888,1,2,3,4,5,0
97,26,196.715,410.778,2.50728,2.08864,277.406,117.175,-2.76035,5.32042,9070.67,171.669,1,2,3,4,5,0
97,27,196.459,411.259,2.17842,1.59895,367.999,126.183,-5.79991,2.92735,7999.92,176.16,1,2,3,4,5,0
97,28,196.288,412.43,2.03821,2.28544,380.307,132.945,-13.8257,7.85141,10991.9,194.811,1,2,3,4,5,0
97,29,196.904,411.578,1.67625,1.77007,584.138,109.244,-4.64822,-1.41299,11372.1,177.183,1,2,3,4,5,0
97,30,200.134,412.388,2.2241,1.90817,414.923,110.838,-1.79582,0.677268,10985.4,172.686,1,2,3,4,5,0
97,31,202.741,412.663,1.28948,2.09203,401.818,147.409,-2.65772,1.42696,5666.89,178.533,1,2,3,4,5,0
97,32,205.747,412.412,2.75841,3.10263,740.045,157.455,3.25498,1.96997,35165.9,364.136,1,2,3,4,5,0
97,33,205.377,414.124,1.83894,2.20459,1093.74,196.163,-4.43082,-17.0086,26396.9,345.207,1,2,3,4,5,0
97,34,203.03,415.186,2.20728,2.41339,1436.73,155.77,-3.31019,-14.1229,47194.9,435.083,1,1,1,1,1,0
97,35,203.238,414.96,2.26887,2.37922,1250.15,166.924,-2.54316,-11.5537,42188.6,420.828,1,1,1,1,1,0
97,36,203.404,414.644,2.56795,2.37746,1270.65,146.652,0.914291,-12.5119,47869.7,435.166,1,2,3,4,5,0
97,37,202.257,414.445,2.10337,2.47436,1435.75,190.695,-0.700437,2.62028,45259.8,447.521,1,2,3,4,5,0
97,38,200.832,414.697,2.25297,2.92574,999.44,138.11,-2.7626,6.8608,39909.5,382.03,1,2,3,4,5,0
97,39,199.624,415.379,2.83489,3.40861,906.229,90.1608,-2.81023,0.68357,47487.2,384.917,1,2,3,4,5,0
97,40,198.189,415.842,2.12669,2.4595,962.458,182.418,5.31981,-3.70021,31038.2,364.527,1,2,3,4,5,0
97,41,195.663,415.796,2.54037,2.08851,781.839,170.653,8.7187,-5.6818,24932.4,320.882,1,2,3,4,5,0
97,42,194.645,415.836,2.29112,2.55735,768.586,167.863,0.903417,-5.55658,27520.4,331.621,1,2,3,4,5,0
97,43,195.875,413.84,1.66955,1.86328,525.173,185.536,-5.88998,8.11558,9101.48,243.112,1,2,3,4,5,0
97,44,195.893,414.95,1.55513,1.64487,407.255,156.482,-6.59357,3.12758,6543.81,196.385,1,2,3,4,5,0
97,45,195.119,417.422,1.9863,2.13459,407.658,143.005,-9.78483,0.968446,10776.8,203.929,,,,,,0
98,10,246.031,90.2045,2.5094,2.27252,240.142,111.25,-11.5981,11.9252,9301.41,166.746,1,2,3,4,5,0
98,11,245.291,92.1395,2.68589,2.72664,407.033,88.691,-2.28415,4.21646,18709.5,202.757,1,2,3,4,5,0
98,12,245.283,91.9227,3.18772,2.86048,392.016,70.6527,-5.84681,0.504371,20376.8,195.941,1,2,3,4,5,0
98,13,244.85,92.4131,2.17583,2.16786,407.42,138.824,-9.36135,1.09457,11935.4,204.03,1,2,3,4,5,0
98,14,244.615,94.8854,1.83145,2.16764,491.241,148.369,-12.0119,-4.75631,12103.5,219.509,1,2,3,4,5,0
98,15,242.577,97.2285,2.75452,2.64093,620.284,131.008,-8.89776,-10.1227,26863.3,291.296,1,2,3,4,5,0
98,16,242.516,97.2937,2.07736,2.33552,619.918,133.032,-10.0912,-2.04767,18643.5,243.882,1,2,3,4,5,0
98,17,241.952,99.1533,2.06688,2.4259,401.598,112.531,0.982629,-2.41153,12687.4,187.746,1,2,3,4,5,0
98,18,242.859,99.7448,2.15602,2.37366,393.79,101.294,-2.22178,3.22231,12455.4,171,1,2,3,4,5,0
98,19,244.377,99.2164,2.29676,2.0148,345.346,113.435,-5.69364,2.02376,9629.48,172.053,1,2,3,4,5,0
98,20,243.94,98.7096,2.45286,2.41804,360.724,99.1979,-2.03926,-0.00266541,13391.4,180.237,1,2,3,4,5,0
98,21,243.599,99.2635,2.04153,2.94582,249.535,134.824,5.33864,10.7125,9006.39,193.367,1,2,3,4,5,0
98,22,245.483,104.014,1.57896,1.9325,594.81,164.403,-0.707865,-7.32709,11382.5,224.349,1,2,3,4,5,0
98,23,246.668,105.247,2.1621,2.10132,378.083,133.168,-1.96349,-3.45934,10686.8,196.68,1,2,3,4,5,0
98,24,243.998,108.356,1.76322,1.503,361.935,209.245,15.0554,4.05697,6027.72,236.183,1,2,3,4,5,0
98,25,243,109.017,2.17333,2.09463,650.756,150.153,10.4036,1.27858,18443.2,260.544,1,2,2,3,4,0
98,26,243.382,108.817,2.222,2.22819,825.656,123.972,0.635465,-1.92031,25075.5,274.71,1,2,2,3,4,0
98,27,242.983,109.069,2.37243,2.61455,890.548,87.9028,7.88833,-8.9628,34276.6,294.089,1,2,3,4,5,0
98,28,243.176,110.423,1.92839,1.6637,888.108,180.231,-5.99052,-4.74801,15920.9,266.047,1,2,3,4,5,0
98,29,243.368,111.429,2.26533,2.20375,879.54,95.0822,-8.49356,-10.05,28430.1,273.982,1,2,3,4,5,0
98,30,243.685,113.084,2.21181,1.97927,464.091,129.006,-8.22847,-16.2451,13299.6,206.929,1,2,3,4,5,0
98,31,237.349,110.98,3.04757,2.21634,411.003,138.037,8.20916,-0.754221,16523.2,251.178,1,2,3,4,5,0
98,32,243.337,113.614,2.79426,2.37932,445.392,119.502,-14.5428,-19.6781,18930.6,237.864,1,2,3,4,5,0
98,33,242.99,114.989,1.74875,1.73772,713.722,154.048,-5.71886,-16.608,13614.3,234.781,1,2,2,3,4,0
98,34,243.022,115.528,2.12756,2.10602,760.027,123.998,-9.82868,-19.2037,22968.8,261.444,1,2,2,3,4,0
98,35,242.413,114.683,2.39692,2.40518,764.388,127.297,-1.98421,-9.13657,26981.4,288.994,1,2,2,3,4,0
98,36,242.458,114.207,2.18787,2.47375,761.207,137.668,-2.1829,-2.16568,25326.4,286.219,1,2,3,4,5,0
98,37,241.656,114.879,2.85241,2.46579,719.891,152.545,-3.57983,-4.28273,29965.5,337.32,1,2,3,4,5,0
98,38,241.897,117.38,2.77199,3.98913,1104.43,17.8274,-24.6088,-10.2582,57538.4,380.947,1,2,3,4,5,0
98,39,243.352,114.99,1.6969,1.92317,542.147,171.49,-10.406,-12.4907,11094.2,237.124,1,2,3,4,5,0
98,40,243.957,112.953,2.81646,2.99406,655.539,154.221,7.59036,-6.32279,22736.8,297.544,1,2,3,4,5,0
98,41,242.634,112.271,2.16065,2.93449,676.474,100.361,-5.78519,-16.9566,27331,264.817,1,1,2,3,4,0
98,42,242.599,112.123,1.84095,2.89975,730.109,128.745,-2.66608,-17.3008,24019.5,264.183,1,1,2,3,4,0
98,43,243.083,111.303,1.73281,2.47121,979.352,153.604,-7.62956,-15.5274,25462.5,298.047,1,1,2,3,4,0
98,44,243.343,111.407,1.91927,2.63956,921.946,119.896,0.593259,-15.4553,28594.1,292.568,1,1,2,3,4,0
98,45,243.21,111.817,2.02578,2.49696,941.829,111.708,4.35494,-10.2513,29430.5,296.686,1,2,2,3,4,0
98,46,242.99,110.695,2.00729,2.56904,814.424,100.185,1.91119,-8.44034,25202,250.757,1,2,2,3,4,0
98,47,243.119,111.224,2.27973,2.6696,393.071,91.6179,2.63625,-11.9124,14547.7,178.047,1,2,3,4,5,0
98,48,241.981,112.41,1.88864,1.6753,317.801,100.593,3.3865,-4.25599,6308.03,133.432,1,2,3,4,5,0
98,49,242.291,115.222,1.77343,1.89362,583.102,101.048,-2.31314,-2.90932,11753.2,169.781,1,2,3,4,5,0
98,50,242.612,117.927,2.20265,2.56122,374.966,104.346,-3.21802,3.47737,13146.6,180.408,1,2,3,4,5,0
98,51,240.851,121.318,1.82255,1.84108,714.28,127.319,1.08495,0.365664,15158.6,216.272,1,2,3,4,5,0
98,52,240.418,123.137,1.99479,1.73679,540.903,132.458,-0.807369,-0.940776,11736.8,205.462,1,2,3,4,5,0
98,53,238.813,126.344,2.07076,2.99113,649.233,99.5096,-1.32354,3.91177,24036.9,246.805,1,2,2,3,4,0
98,54,238.789,127.349,2.18584,2.02558,583.394,131.406,0.372664,6.50449,16083.3,217.598,1,2,2,3,4,0
98,55,238.953,126.959,1.82413,1.68,571.692,130.201,-0.930011,2.17086,11044.5,194.503,1,2,2,3,4,0
98,56,239.154,125.865,2.0401,2.45448,664.423,106.944,-2.72523,-5.56256,20549.1,224.485,1,2,2,3,4,0
98,57,238.421,126.231,2.42509,2.29073,749.886,81.4481,2.40643,-3.46448,25889.1,238.781,1,2,2,3,4,0
98,58,239.142,125.968,2.30223,2.35773,586.498,72.0577,0.00995908,-2.49085,19622.4,194.16,1,1,2,3,4,0
98,59,239.677,125.907,2.44996,2.28261,567.718,68.3209,-0.713653,-3.20397,19499.7,188.178,1,1,2,3,4,0
98,60,239.864,125.461,2.17155,2.08456,612.21,91.7029,0.924881,-7.88939,17240.2,199.059,1,2,2,3,4,0
98,61,239.277,124.765,2.07574,2.37784,760.324,83.9933,-0.0743337,-3.55817,24320.6,227.663,1,2,2,3,4,0
98,62,238.336,125.52,2.15101,2.49714,683.014,64.5663,7.56462,-3.10304,23107.2,206.349,1,2,2,3,4,0
98,63,238.378,126.475,2.19064,2.12576,411.288,101.108,4.68686,-5.1948,11891.5,170.012,1,2,2,3,4,0
98,64,239.219,126.698,1.97252,2.09535,402.812,105.27,-0.140723,-8.40194,10393.1,166.586,1,2,3,4,5,0
98,65,238.812,124.689,2.08031,1.9083,492.402,120.229,3.64635,-7.79567,12215.6,191.355,1,2,3,4,5,0
98,66,239.633,123.371,2.29476,2.23743,910.008,103.239,-0.222541,-12.8283,28863.1,278.26,1,2,3,4,5,0
98,67,238.932,124.43,2.03811,2.22435,569.533,105.598,4.15668,-8.20495,16052.7,202.467,1,2,3,4,5,0
98,68,238.689,125.458,2.13226,2.42256,527.345,91.3866,8.65656,-12.762,17285.7,203.533,1,2,3,4,5,0
98,69,239.247,125.483,2.48389,2.726,698.403,20.0759,20.3641,-11.542,32594.6,225.16,1,2,3,4,5,0
98,70,240.197,123.543,2.34051,1.74716,652.281,112.205,6.08595,-7.89136,16682.6,214.201,1,2,3,4,5,0
98,71,239.52,122.728,1.8547,2.12893,767.146,132.087,7.72366,-8.53249,18675.8,244.988,1,2,3,4,5,0
98,72,239.253,124.109,1.93768,2.65105,705.994,87.3138,3.26207,-8.58271,22222,221.586,1,2,3,4,5,0
98,73,238.877,125.043,1.739,2.87179,607.995,137.391,0.826297,-9.16658,18386.9,241.97,1,2,3,4,5,0
98,74,237.816,126.673,2.13755,2.54365,712.237,127.518,6.17723,-13.471,22217.8,258.379,1,2,3,4,5,0
98,75,236.536,129.629,1.7538,2.016,487.293,137.666,-0.499541,-10.8038,10634.3,200.87,1,2,3,4,5,0
98,76,235.825,131.33,2.29248,2.35215,646.148,72.468,0.312173,-9.47587,21468,202.757,1,2,3,4,5,0
98,77,235.721,131.885,2.16656,2.38373,721.187,82.9821,1.3142,-10.1808,22749.4,223.325,1,2,3,4,5,0
98,78,235.211,132.198,2.06103,2.43478,716.827,108.829,0.899567,-10.1353,22222.2,237.751,1,2,3,4,5,0
98,79,233.894,133.424,2.26588,2.58376,696.873,122.754,-2.67059,-3.64565,25066.8,267.604,1,2,3,4,5,0
98,80,232.303,136.726,2.38483,2.15448,373.658,85.4701,1.18516,-5.46562,12267.1,164.734,1,2,3,4,5,0
98,81,231.677,137.63,1.98001,2.33659,495.694,95.2262,-2.74359,-2.94582,14307.2,181.521,1,2,3,4,5,0
98,82,232.73,136.091,2.28045,2.83286,410.585,91.8979,-5.58484,-3.70602,16068.2,185.207,1,2,3,4,5,0
98,83,233.656,134.863,1.76179,2.93807,511.035,145.458,-11.7381,-16.1211,15963.4,247.266,1,1,1,1,1,0
98,84,233.633,134.906,1.73812,2.60569,471.822,131.971,-13.2681,-17.5076,13173.4,223.343,1,1,2,1,1,0
98,85,233.651,135.146,1.78266,1.97276,486.168,161.421,-18.4447,-20.4306,10713.7,215.686,1,2,2,3,4,0
98,86,233.417,134.154,1.70288,2.036,933.863,136.213,-2.98825,-16.137,20292.7,250.065,1,2,2,3,4,0
98,87,233.826,132.959,1.76847,2.24652,608.812,104.929,-0.0985828,-7.83675,15080.4,204.444,,,,,,0
99,10,421.395,445.096,2.62697,1.82194,218.822,89.364,2.04659,-6.59785,6423.28,128.053,1,2,3,3,4,0
99,11,420.468,444.041,2.45151,2.02893,229.326,90.7732,2.328,-6.377,6972.64,132.822,1,2,3,3,4,0
99,12,419.542,442.986,2.27606,2.23592,239.83,92.1824,2.6094,-6.15614,7521.99,137.592,1,2,3,3,4,0
99,13,420.279,442.225,2.06681,2.21679,241.523,86.5696,3.84627,-3.58543,6855.08,129.243,1,2,3,3,4,0
99,14,421.016,441.465,1.85756,2.19765,243.216,80.9568,5.08313,-1.01472,6188.17,120.893,1,2,3,4,5,0
99,15,421.318,441.202,2.85168,2.04755,204.697,101.573,5.22628,-4.66544,7220.24,144.207,1,2,3,4,5,0
99,16,428.714,439.788,2.77161,1.70654,269.031,104.863,-5.72591,-5.93833,7756.69,156.509,1,2,3,4,5,0
99,17,428.654,438.584,2.30344,2.14175,379.068,107.647,-5.41928,-0.00901166,11013.4,174.225,1,2,2,3,4,0
99,18,428.162,439.039,2.45262,2.65834,337.744,98.9407,-2.60009,-4.59252,13328.6,174.112,1,2,2,3,4,0
99,19,428.062,439.087,2.65939,2.69995,329.098,92.7207,-3.20448,-6.85881,14136.4,177.047,1,2,3,4,5,0
99,20,428.561,438.224,2.5095,2.93538,343.6,88.1272,-5.41439,-7.99099,15209.2,179.266,1,2,3,4,5,0
99,21,428.892,436.103,2.29318,3.6291,304.828,116.196,-3.0078,0.0290749,14312,202.467,1,2,3,4,5,0
99,22,428.846,438.471,2.06887,3.17588,275.46,119.661,0.116925,-6.48457,10936.8,184.284,1,2,3,4,5,0
99,23,428.799,440.839,1.84455,2.72265,246.092,123.125,3.24165,-12.9982,7561.6,166.101,1,2,3,4,5,0
99,24,428.652,442.258,1.98536,1.55796,280.74,115.111,-0.0399884,-7.79263,5442.5,149.592,1,1,2,2,4,0
99,25,429.179,441.776,1.98903,1.62663,260.304,105.549,-1.92843,-1.72459,5277.98,137.331,1,1,2,2,3,0
99,26,429.358,441.129,1.68882,1.30116,312.342,105.982,1.04398,0.554547,4310.7,135.302,1,1,2,2,3,0
99,27,429.491,441.453,1.59275,2.2403,229.769,83.3416,-0.174586,0.582202,5108.47,116.077,1,1,2,2,3,0
99,28,429.471,440.905,1.84897,2.37729,217.635,74.3203,1.1772,0.894716,6093.52,114.45,1,1,2,2,3,0
99,29,429.028,440.375,1.7826,1.85484,213.563,124.851,1.01581,-0.37833,4428.04,147.74,1,1,2,2,3,0
99,30,429.362,440.176,1.89027,1.58037,224.95,139.072,-1.05637,-4.46415,4215.4,159.675,,,,,,0
100,11,70.9285,148.21,4.2327,2.26291,376.332,129.337,-14.2452,-6.65462,22182.8,272.935,1,2,2,3,4,0
100,12,71.9272,148.289,2.98032,2.09746,575.857,131.759,-15.6497,4.81121,21965.7,263.876,1,1,2,3,4,0
100,13,72.5752,148.006,2.91235,2.35872,707.263,130.468,-17.5337,3.84768,28873.4,306.882,1,1,2,3,4,0
100,14,73.3488,148.056,2.2338,2.18564,806.143,123.679,-10.3598,-4.07482,24407.1,270.148,1,1,2,3,4,0
100,15,73.3587,148.433,2.32462,1.92336,744.573,132.364,-7.23918,-9.26725,20450.3,253.314,1,1,2,3,4,0
100,16,73.6625,148.917,2.28098,1.84343,711.88,183.606,-13.0023,-18.5278,19060.8,297.763,1,2,2,3,4,0
100,17,74.0261,147.709,1.74625,1.86812,639.874,253.461,-24.5482,-33.4245,13068.9,311.249,1,2,3,3,4,0
100,18,73.0425,146.763,3.37919,3.01564,758.629,79.7615,-12.926,-16.3723,43305.3,348.13,1,2,3,3,4,0
100,19,73.5154,147.953,2.17001,3.94919,803.34,129.629,-9.24323,-13.437,37490.6,362.846,1,2,3,3,4,0
100,20,73.7283,149.691,2.02692,2.51743,673.687,129.78,1.77178,-12.1836,20508.3,261.834,1,2,3,3,4,0
100,21,73.6668,149.606,1.86915,1.9527,777.606,133.781,1.15284,-16.1916,17767,237.651,1,2,3,3,4,0
100,22,72.7538,148.852,2.04655,2.33517,776.348,119.056,-3.06575,-12.3848,22648.9,253.805,1,2,3,4,4,0
100,23,72.4129,147.676,2.01824,2.13797,676.43,123.174,-1.40028,-16.0311,18186.2,236.391,1,2,3,4,5,0
100,24,72.6812,146.493,2.5017,3.02885,573.977,61.5393,0.513959,-16.3399,25542,222.45,1,2,3,4,5,0
100,25,74.213,145.25,1.93127,2.01097,490.932,151.883,-9.09547,-14.8805,11946.9,213.639,1,2,3,4,5,0
100,26,75.1407,144.861,2.21387,1.99372,505.384,146.76,-9.64234,-17.3667,13894.7,230.716,1,2,3,4,5,0
100,27,77.4113,143.683,1.75146,2.09172,430.556,122.445,-0.483263,-7.49606,9862.28,179.953,1,1,2,3,4,0
100,28,77.997,143.286,1.88553,2.07459,505.332,126.976,5.96181,2.92975,12356.8,195.036,1,1,2,3,4,0
100,29,77.6785,143.141,1.90138,1.90699,499.369,134.664,1.36908,-0.294324,11341,200.953,1,1,2,3,4,0
100,30,77.5775,142.749,1.99952,1.85527,657.895,189.144,-16.1258,-18.2259,17518.2,290.87,1,2,2,3,4,0
100,31,78.3473,143.062,1.67668,1.90825,665.015,233.208,-10.0064,-18.867,10725.3,285.148,1,2,2,3,4,0
100,32,78.7916,141.408,1.79994,2.17889,616.526,134.146,-4.54958,-11.4688,15084.4,231.58,1,2,2,3,4,0
100,33,78.7773,140.254,1.93563,2.52199,557.603,150.59,-2.75859,-17.2339,16779.2,244.391,1,2,2,3,4,0
100,34,78.8559,140.829,1.91122,2.54276,522.622,140.695,3.34977,-18.1885,15651.5,242.438,1,2,2,3,4,0
100,35,78.7638,141.364,2.16357,2.87927,549.757,145.414,14.2244,-19.1936,20601.9,268.763,1,2,3,3,4,0
100,36,77.3034,141.972,1.3567,1.99287,419.517,232.205,23.5682,-13.7796,7122.23,276.325,1,2,3,3,4,0
100,37,75.7969,142.629,1.98776,2.13805,590.064,145.902,4.00741,-12.0429,15635.9,230.562,1,2,3,3,4,0
100,38,75.4174,141.458,2.16216,2.57852,553.269,118.988,3.68433,-2.36531,18258.3,226.888,1,2,3,3,4,0
100,39,75.3731,141.581,2.21312,2.0318,539.654,122.268,6.50491,2.26693,14432.1,213.03,1,2,3,4,5,0
100,40,74.9758,143.689,2.13154,1.88454,626.011,123.113,13.58,-4.63693,15705.7,211.68,1,2,3,4,5,0
100,41,75.7929,143.958,2.01111,2.10377,599.807,118.232,5.18377,-0.866017,15838.2,209.911,1,2,3,4,5,0
100,42,76.7122,145.189,1.89928,1.99353,760.306,87.4628,-0.744052,-7.48732,18014.5,194.858,1,2,3,4,5,0
100,43,76.7979,145.302,1.95156,1.93732,728.559,84.1938,-2.28041,-4.36362,17238.7,186.953,1,2,3,4,5,0
100,44,77.8626,146.246,1.96301,2.28456,364.307,90.7092,-1.01527,-6.28289,10161.2,149.503,1,2,3,4,5,0
100,45,80.0666,147.856,1.81892,2.35615,528.327,110.895,-1.84049,-3.72132,13885.7,195.077,1,2,3,4,5,0
100,46,80.8569,147.218,2.11148,2.34217,624.266,101.51,-2.60864,-7.50745,19119.8,214.183,1,2,3,4,5,0
100,47,80.3376,148.48,2.32753,2.12706,457.497,85.5073,-0.0453236,-9.19298,14010,169.509,1,2,3,4,5,0
100,48,80.2998,150.292,2.16888,2.40454,588.668,81.4087,-0.373412,-3.68531,18937.8,195.538,1,2,3,4,5,0
100,49,81.2288,150.24,2.28723,2.14261,489.787,105.456,0.1291,-1.44931,14878.5,190.917,1,2,3,4,5,0
100,50,84.3337,149.712,1.78685,1.6738,497.889,132.375,-2.00658,-2.98897,9345.57,185.562,1,2,3,4,5,0
100,51,86.1884,149.465,2.00456,2.21543,462.059,118.587,-0.0896162,-3.71804,12763,194.87,1,2,3,4,5,0
100,52,87.6047,148.54,2.1059,2.47896,704.491,101.544,1.96571,1.73767,22966.7,238.911,1,2,3,4,5,0
100,53,89.1792,148.856,2.02604,2.53859,449.928,105.542,-4.82319,2.74262,14243.7,188.905,1,2,3,4,5,0
100,54,90.5996,150.189,1.96762,1.96943,491.655,135.706,-2.9098,2.55042,11493.5,203.361,1,2,3,4,5,0
100,55,91.4963,149.969,2.39575,1.78474,588.295,125.983,-2.80836,-6.20445,15581.5,216.68,1,2,3,4,5,0
100,56,91.3967,149.789,2.36455,2.255,560.916,91.5959,-4.82092,-5.33979,18431.8,205.379,1,2,3,4,5,0
100,57,91.9161,150.973,1.94455,2.45098,653.767,70.8686,-1.14512,-0.0884149,19274.1,189.568,1,2,3,4,5,0
100,58,91.708,152.499,2.17203,2.33167,522.595,70.3814,-0.334607,-2.72064,16348.7,170.373,1,2,3,4,5,0
100,59,90.9922,151.86,2.08972,2.15791,469.62,78.3304,-1.86757,-9.14414,13481.3,162.485,1,2,3,4,5,0
100,60,91.8641,146.95,2.07639,2.21263,309.347,98.809,1.06975,-6.25165,9425.18,153.893,1,2,3,4,5,0
100,61,93.2248,143.398,2.8599,2.55377,404.244,66.4713,-4.61575,-1.18347,17542.9,173.604,1,2,3,4,5,0
100,62,92.5454,142.911,2.23793,2.26808,461.67,90.9863,-5.60011,-2.76603,14041.1,175.763,1,2,3,4,5,0
100,63,90.1633,143.429,2.43722,2.26063,455.979,72.5392,-1.68971,-4.38805,15440.8,166.053,1,2,3,4,5,0
100,64,88.4106,143.726,2.2692,2.15176,392.891,90.052,3.30879,4.16583,11885.9,159.544,1,2,3,4,5,0
100,65,87.3861,145.879,1.88448,2.59271,597.041,86.4668,0.864149,-5.33781,17913.8,192.42,1,2,3,4,5,0
100,66,88.1112,145.679,1.78477,2.91973,401.508,101.554,0.562029,3.00273,11964.5,171.124,1,2,3,4,5,0
100,67,90.2471,147.757,1.91626,2.27718,720.016,132.381,1.17076,5.76287,19545.1,243.349,1,2,2,3,4,0
100,68,90.3195,147.436,1.96152,2.75309,723.955,146.453,7.88261,5.06943,23762.6,284.947,1,2,2,3,4,0
100,69,89.6146,147.624,1.94829,2.32444,656.881,167.903,10.3889,2.30821,18458.7,275.408,1,2,2,3,4,0
100,70,88.6683,148.364,1.99435,2.05196,721.167,138.182,11.8653,-0.537156,18425.8,242.686,1,2,2,3,4,0
100,71,88.1293,148.371,2.48161,2.36051,697.637,131.23,14.8872,-0.862491,25002.1,284.379,1,1,2,3,1,0
100,72,88.2044,148.264,3.63911,2.53522,569.34,97.2074,4.82098,-8.61577,30198.1,282.817,1,2,3,4,5,0
100,73,84.4058,147.93,1.66515,1.7693,477.581,149.071,5.24427,-13.6769,8832.36,203.704,1,2,3,4,5,0
100,74,84.0255,147.347,1.56515,1.99694,633.025,144.743,3.46857,-13.3101,12395.9,218.154,1,2,3,4,5,0
100,75,85.4136,146.562,2.15543,1.94439,552.926,129.308,7.56564,-13.2021,14692.2,217.805,1,2,3,4,5,0
100,76,85.2586,145.712,2.08607,2.13402,468.006,164.656,13.8563,-21.8254,12974.6,248.237,1,2,3,4,5,0
100,77,88.6518,143.266,2.62907,2.3081,771.517,128.55,-11.9786,-3.24592,28478,298.959,1,2,3,4,5,0
100,78,88.2221,144.127,2.80286,2.42768,619.486,130.957,-1.09054,-16.3603,25839,278.645,1,2,3,4,5,0
100,79,85.185,145.695,1.44577,1.70731,464.728,176.601,3.15205,-20.9467,7205.48,228.964,1,2,3,4,5,0
100,80,84.8835,147.238,1.86896,2.07473,499.488,138.289,-1.26009,-16.831,12109.8,203.349,1,2,3,4,5,0
100,81,87.6228,145.917,1.61096,2.52837,342.791,169.013,0.424526,-17.9847,8287.23,225.136,1,2,3,4,5,0
100,82,90.0647,144.891,1.34089,2.27496,427.2,161.542,11.325,-18.5071,8126.11,216.905,1,2,3,4,5,0
100,83,89.7608,145.187,1.51315,1.96163,276.206,138.951,9.21533,-13.9211,5140.7,165.485,1,2,3,4,5,0
100,84,87.3251,146.356,2.03605,2.14159,530.446,106.227,2.82244,-10.2049,14408.4,192.172,1,2,3,4,5,0
100,85,86.9242,145.157,1.712,2.01559,388.635,115.114,-0.655869,-12.8243,8400.14,164.189,1,2,3,4,5,0
100,86,86.9969,141.841,1.76605,1.47365,612.963,120.739,-7.79298,-13.412,9931.75,193.29,1,2,3,4,5,0
100,87,87.1628,140.665,1.99631,1.87883,397.157,132.312,-11.5789,-9.96465,9986.89,186.734,1,2,3,4,5,0
100,88,88.1871,141.027,1.56018,2.21939,322.225,127.397,-4.51296,-7.55023,6972.72,159.42,1,2,3,4,5,0
100,89,89.7242,142.232,2.48883,2.05963,441.741,99.1628,2.34933,-4.41898,13953.5,178.876,1,2,3,4,5,0
100,90,90.5532,143.121,2.02219,2.20168,534.388,99.5161,-0.0576842,-5.64348,14808.1,185.272,1,1,1,1,1,0
100,91,90.7238,143.343,2.12517,2.30369,532.158,75.7565,-0.027256,-8.47737,16138.9,173.391,1,1,1,1,1,0
100,92,90.5956,143.024,2.05726,2.59535,546.412,75.5441,0.675012,-7.25785,17790.3,181.219,1,1,1,1,1,0
100,93,90.5594,143.225,2.10737,2.75255,514.58,72.05,0.494349,-4.62396,17774.4,178.828,1,1,2,4,5,0
100,94,90.5112,142.484,1.9502,2.16693,493.705,83.0344,-0.800384,-3.57741,13018,159.734,1,2,3,4,5,0
100,95,91.7187,141.641,2.8509,2.87009,345.481,59.335,0.630643,-5.77396,16499.7,163.882,1,2,3,4,5,0
100,96,95.035,140.722,2.4125,2.57856,358.452,84.1823,0.090749,-5.9769,13563.3,168.941,1,2,3,4,5,0
100,97,95.8972,140.965,1.77871,1.84216,441.016,119.707,8.1803,-4.54712,9064.87,166.041,1,2,3,4,5,0
100,98,95.6073,142.595,2.09047,2.24668,349.89,99.1261,0.411919,-6.86195,11032.9,165.509,1,2,3,4,5,0
100,99,94.6258,141.633,1.93189,1.85497,380.916,113.922,3.71703,-3.51618,8348.85,163.083,1,2,3,4,5,0
100,100,95.0568,140.235,2.40828,2.12917,342.503,110.783,8.48766,-3.97483,10640,180.828,,,,,,0
101,11,186.272,418.526,2.55568,2.00995,285.753,122.047,-7.59985,-5.28723,8277.11,168.68,1,2,3,4,5,0
101,12,186.814,419.869,3.37774,3.21489,326.247,45.3831,-16.0206,-0.650035,20394.7,184.55,1,2,3,4,5,0
101,13,185.965,423.249,2.74063,2.59226,406.729,72.6173,-9.21639,-0.174254,16497.6,179.879,1,2,3,4,5,0
101,14,185.117,426.628,2.10351,1.96962,487.212,99.8516,-2.41216,0.301526,12600.6,175.207,1,2,3,4,5,0
101,15,186.643,425.916,1.72026,2.11629,448.227,92.3585,-3.64398,-0.0650779,10204.4,152.852,1,2,3,4,5,0
101,16,188.692,425.696,1.62735,2.40958,292.987,112.832,1.9831,-4.22649,7124.36,149.059,1,2,3,4,5,0
101,17,189.177,422.591,1.94904,2.68954,413.41,78.561,-0.21815,-2.3605,15026.3,164.994,1,2,3,4,5,0
101,18,189.662,419.486,2.27074,2.9695,533.833,44.2897,-2.4194,-0.494503,22928.3,180.929,1,2,3,4,5,0
101,19,189.996,420.001,2.90954,3.3794,324.651,59.2462,-5.17147,-3.52806,18168.3,177.237,1,2,3,4,5,0
101,20,192.773,424.205,1.91756,1.34452,285.694,129.123,-4.88013,-8.61752,4664.35,152.42,1,2,3,4,5,0
101,21,191.633,421.2,1.98737,1.55656,352.754,135.609,-1.57614,-7.31871,6647.41,172.757,1,2,3,4,5,0
101,22,190.494,418.195,2.05717,1.76861,419.814,142.095,1.72786,-6.0199,8630.47,193.095,1,2,3,4,5,0
101,23,190.253,417.038,2.22764,2.02432,417.693,121.912,10.8626,-6.59952,12115.4,194.964,1,2,2,3,4,0
101,24,189.505,416.75,1.67218,1.55235,459.571,154.961,7.70903,-11.3193,7491.77,196.544,1,2,2,3,4,0
101,25,189.55,417.138,1.87826,1.52311,432.547,145.675,5.53991,-2.43894,7761.71,189.562,1,2,2,3,4,0
101,26,189.57,418.437,2.28633,2.21733,386.667,112.066,0.475483,-3.33881,12398.8,182.124,1,2,2,3,4,0
101,27,189.206,419.087,1.72378,2.32634,477.308,127.714,1.42624,-6.85159,11071.4,187.97,,,,,,0
102,11,410.928,472.509,3.33897,2.09213,362.804,107.783,10.0167,2.16091,14443.3,193.793,1,2,3,4,5,0
102,12,412.405,471.193,2.58591,2.09931,425.764,116.556,6.77896,1.85753,14371,206.355,1,2,3,4,5,0
102,13,414.167,469.38,3.40713,2.091,385.085,133.185,3.3649,4.49693,15832,235.485,1,2,3,4,5,0
102,14,415.392,469.324,2.30344,1.70581,318.917,190.774,5.61372,5.8993,8732.95,243.964,1,2,3,4,5,0
102,15,417.076,469.063,1.15585,1.4681,421.376,182.589,8.49577,5.18374,4502.17,215.391,1,2,3,4,5,0
102,16,418.901,468.546,2.3613,2.00509,500.187,109.828,5.06577,2.58002,15020.9,202.047,1,2,3,4,5,0
102,17,420.138,469.794,1.85405,1.6487,260.422,128.285,7.52055,4.55812,5005.89,156.118,1,2,3,4,5,0
102,18,421.796,471.463,1.88653,2.44916,344.157,125.218,0.461326,9.67303,10371.3,181.604,1,2,3,4,5,0
102,19,422.014,470.678,1.95152,2.11521,285.16,105.664,1.49144,1.88375,7347.9,150.627,1,2,2,3,4,0
102,20,421.802,470.206,1.96508,1.9646,351.524,89.5399,-3.47969,1.78971,8490.49,137.923,1,2,3,3,4,0
102,21,421.691,471.579,1.945,1.9969,407.595,102.256,-1.7665,1.7696,10399.7,160.787,1,2,3,3,4,0
102,22,421.725,471.7,2.30693,1.96639,360.511,101.323,-1.4814,1.7183,10157.1,160.68,1,2,3,4,5,0
102,23,420.239,470.277,1.95289,1.79012,388.516,105.777,-1.6151,-0.595675,8509.75,154.615,1,2,3,4,5,0
102,24,419.707,470.629,1.7342,2.22682,422.171,97.6954,-0.686562,1.44174,10162.8,157.994,1,2,3,4,5,0
102,25,418.547,470.485,2.29442,2.74835,277.812,81.0317,1.62328,11.7813,11488.8,152.42,1,2,3,4,5,0
102,26,420.25,470.806,2.39468,2.68391,300.143,77.0178,5.11194,12.1658,12980.1,158.506,1,2,3,4,5,0
102,27,421.953,471.127,2.49494,2.61946,322.474,73.0039,8.60059,12.5504,14471.5,164.592,,,,,,0
103,12,46.0378,130.568,1.55557,1.56533,382.702,157.816,-9.41663,-5.55949,5853.83,189.29,1,2,3,4,5,0
103,13,48.6703,134.171,1.93951,2.1662,320.07,124.958,-13.6044,2.88227,8757.09,179.68,1,2,3,4,5,0
103,14,47.4913,137.259,1.67913,1.46724,337.337,127.6,-8.11525,-4.98163,5220.02,156.568,1,2,3,4,5,0
103,15,45.2497,138.831,1.72024,1.51835,343.069,139.797,-11.7596,-4.62389,5632.2,174.266,1,2,3,4,5,0
103,16,42.2501,136.531,1.74225,3.01219,403.674,194.843,-17.4436,5.74557,11331.2,256.249,1,2,3,4,5,0
103,17,40.9797,135.47,3.67103,3.96905,637.293,-87.751,-41.6446,-38.2716,59363.7,337.26,1,2,3,4,5,0
103,18,38.5059,132.672,2.51357,2.53041,672.035,218.075,4.34728,6.42969,25745.3,380.527,1,2,3,4,5,0
103,19,39.1722,133.791,2.82489,2.90299,944.981,177.521,-8.45924,-9.53372,45442,449.592,1,2,3,4,5,0
103,20,39.1396,130.445,2.08466,2.49653,1325.58,257.734,-7.24225,1.91527,41831.5,501.929,1,2,3,4,5,0
103,21,38.8863,130.38,1.86363,2.26618,1225.48,301.66,-1.77578,-18.0784,32345.5,493.663,1,2,3,4,5,0
103,22,37.0091,130.651,2.51582,2.51236,598.068,297.263,-8.1166,-2.1925,22961.8,432.266,1,2,3,4,5,0
103,23,36.5587,129.54,1.6504,1.99102,479.156,359.208,-18.0951,-9.07808,11624.5,425.686,1,2,3,4,5,0
103,24,34.0847,127.51,2.14861,1.80282,452.274,371.158,-4.10133,-6.64226,14361.3,451.349,1,2,3,4,5,0
103,25,30.7644,127.534,3.83135,2.78423,892.22,279.555,-19.6107,-6.47949,51084.8,590.266,1,2,3,4,5,0
103,26,29.4737,127.859,3.98539,3.68308,993.974,34.8254,8.8776,-4.52113,73425.3,511.994,1,2,3,4,5,0
103,27,27.8832,128.831,1.84579,2.89698,840.137,276.532,10.8161,-23.8731,27152.7,445.172,1,2,3,4,5,0
103,28,26.9178,127.854,2.81291,2.88275,876.614,176.429,5.18194,-8.47841,41631.9,428.124,1,2,3,4,5,0
103,29,26.3561,126.172,3.11205,2.08904,763.544,182.869,7.68818,-10.6057,29643.9,352.544,1,2,3,4,5,0
103,30,26.2561,125.076,2.59967,2.2825,974.574,168.056,2.47572,-9.08096,34734.1,371.136,1,2,2,3,4,0
103,31,25.922,125.374,2.22691,1.93393,1128.62,242.379,14.6107,-5.81103,29986,409.716,1,2,3,2,2,0
103,32,25.6446,125.527,2.25465,2.49929,1051.86,277.932,40.0049,31.3197,37324.6,509.994,1,2,3,4,5,0
103,33,27.5689,129.735,2.20061,3.57221,1439.81,179.133,-8.21441,-19.1996,63548.1,568.817,1,2,3,4,5,0
103,34,28.0902,130.482,3.34472,3.58179,948.696,88.2329,-1.70347,-33.3935,59928.1,468.781,1,2,3,4,5,0
103,35,30.1284,134.949,1.97397,3.08423,677.01,132.555,-6.39369,-24.6899,24531.6,298.308,1,2,3,4,5,0
103,36,29.8272,135.134,2.03341,2.89583,698.512,145.405,-0.73725,-19.5801,24801.7,288.71,1,2,3,4,5,0
103,37,28.8311,135.212,1.81406,2.39933,964.391,162.119,5.43285,-27.5515,26044.9,313.272,1,2,3,4,5,0
103,38,28.2092,133.896,1.84491,2.79903,866.355,130.931,-0.272924,-19.5183,27202.7,305.604,1,2,3,4,5,0
103,39,27.4658,133.462,1.79587,3.01427,914.711,137.795,-4.11845,-18.0263,31608.9,325.757,1,2,3,4,5,0
103,40,25.6443,133.696,1.89471,2.81094,720.519,121.393,-2.72117,-13.8226,23280.3,267.213,1,2,3,4,5,0
103,41,23.9578,133.915,1.90194,2.05513,1037.47,205.668,-2.96074,-14.0637,25361.4,357.663,1,2,3,4,5,0
103,42,23.9497,134.865,2.19035,2.88308,1219.4,141.625,-5.19322,-17.1628,46297.9,423.308,1,2,3,4,5,0
103,43,25.7038,134.386,1.75448,2.54947,1358.7,184.333,-11.1629,-9.68315,37157.4,398.562,1,2,2,3,4,0
103,44,25.9164,134.403,1.92411,3.33337,1175.39,151.7,-3.81992,-1.74952,43843.7,411.456,1,2,2,3,4,0
103,45,25.1694,133.508,1.93752,2.92897,1076.43,177.982,-0.490366,6.57603,36480.1,394.237,1,1,2,3,4,0
103,46,25.1689,132.832,1.81393,2.27435,1142.73,167.036,-5.0806,3.63185,29359.1,340.041,1,1,1,1,1,0
103,47,25.2128,132.514,1.94612,2.34145,1091.09,138.462,-5.59055,-1.7203,31393.6,321.704,1,1,1,1,1,0
103,48,25.1486,132.629,1.97004,2.25374,1064.73,130.109,-6.95212,-2.43491,29399.7,302.408,1,1,1,1,1,0
103,49,25.131,132.604,1.93282,2.3719,1162.14,126.166,-5.57401,-9.21802,33788.3,326.278,1,1,1,1,1,0
103,50,25.2648,132.601,1.95635,2.35209,1219.71,93.6372,-3.4506,-10.0628,35315,304.982,1,1,1,1,1,0
103,51,25.3007,132.661,1.93261,2.31994,1300.81,100.674,-4.42171,-12.0928,36212.3,318.343,1,1,1,1,1,0
103,52,25.1956,132.856,1.88026,2.09774,1362.48,106.74,-5.06344,-12.6064,33587.5,305.965,1,1,1,1,1,0
103,53,25.3675,132.833,1.87398,2.1204,1336.95,114.467,-8.16178,-11.2848,33183.3,312.479,1,1,1,1,1,0
103,54,25.4746,132.887,2.04651,2.10142,1290.1,96.5098,-6.59949,-8.80496,35142.4,310.799,1,1,2,3,4,0
103,55,25.7748,133.702,1.81411,1.80156,1115.79,133.226,-8.20887,-8.92805,23471.9,272.266,1,1,2,3,4,0
103,56,25.0928,134.6,2.02718,2.39905,897.95,115.195,-2.7229,-10.0633,27551.3,276.58,1,1,2,3,4,0
103,57,24.9716,134.386,2.19645,2.45136,886.337,114.764,-2.73243,-8.07783,29365,288.787,1,1,2,3,4,0
103,58,25.2394,134.686,2.19615,2.56049,863.191,99.311,-2.18586,-8.13507,29692.3,276.426,1,1,2,3,4,0
103,59,25.4225,135.477,1.78721,2.32212,1087.37,140.063,0.568035,-11.7051,28023.9,299.178,1,1,2,3,4,0
103,60,25.7154,135.442,1.82223,2.538,1054.18,123.206,-0.220084,-10.2097,29423.8,297.035,1,2,2,3,4,0
103,61,26.4808,135.648,1.84183,2.25283,808.524,135.48,0.042676,-11.7618,21001.8,259.917,1,2,2,3,4,0
103,62,27.792,135.818,2.06527,2.13161,1071.79,118.505,-3.75337,-16.0725,29404.9,294.118,1,2,2,3,4,0
103,63,28.737,135.194,1.95849,2.22755,848.411,110.674,-3.96936,-16.8316,23497.1,247.556,1,2,2,3,4,0
103,64,29.1131,133.906,1.61908,2.1568,1035.86,176.831,-4.00169,-23.7938,21829.8,303.71,1,2,2,3,4,0
103,65,28.3898,133.263,1.91986,2.54835,1056.54,129.069,1.92776,-21.8682,31818.1,314.87,1,1,2,3,4,0
103,66,28.5818,133.365,2.01883,2.31569,937.414,128.765,-4.72626,-20.2353,27173.8,286.893,1,1,2,2,4,0
103,67,29.12,133.96,1.86763,2.14468,928.677,159.695,-5.23364,-22.7881,23233.4,293.035,1,1,1,2,2,0
103,68,29.3794,134.07,1.91692,2.0037,1137.19,140.027,-2.48229,-15.7066,27323.8,296.314,1,1,1,2,2,0
103,69,29.0591,133.844,1.79261,1.99885,1234.03,137.359,-0.358624,-6.2125,27527.2,296.817,1,1,1,2,2,0
103,70,29.0972,134.229,1.98356,2.12117,949.397,122.041,-4.47881,-12.3845,24928.2,265.254,1,1,1,2,2,0
103,71,29.1007,134.082,2.11773,2.47356,867.895,119.624,-3.02537,-10.0916,28026.3,281.101,1,1,1,2,2,0
103,72,29.6851,133.782,1.93285,2.15717,973.016,129.242,-6.39068,-9.65452,24686.8,282.905,1,1,1,2,2,0
103,73,30.1704,133.616,2.01378,2.01231,1119.07,125.734,-0.679535,-11.579,27514.3,292.107,1,1,1,2,2,0
103,74,30.2777,133.378,2.0419,2.08116,1358.84,107.449,-1.25204,-4.18324,36011.8,318.148,1,1,1,2,2,0
103,75,30.2926,133.674,2.15871,2.15968,959.144,111.475,0.152766,-8.51906,27742.7,274.692,1,1,2,2,3,0
103,76,29.8411,133.624,2.11146,2.28953,836.449,95.333,1.74586,-13.5879,25994,250.527,1,1,2,2,3,0
103,77,28.982,134.139,2.06628,2.22718,981.166,105.82,-3.46379,-10.6352,28085.6,269.349,1,1,2,2,3,0
103,78,28.6433,134.722,1.9187,2.24414,1160.81,110.973,-4.55273,-11.2939,31420.2,298.296,1,1,1,1,1,0
103,79,28.8041,134.752,1.98229,2.38845,1005.45,100.026,-3.38881,-9.17471,29277.2,280.29,1,1,1,1,1,0
103,80,29.0905,134.857,2.02071,2.2974,1021.58,97.9801,-4.48802,-12.0168,29632.9,276.172,1,1,1,1,1,0
103,81,29.0808,134.779,1.94086,2.17974,1127.89,118.687,-3.70967,-13.7309,29755.6,291.414,1,1,1,1,1,0
103,82,28.8367,134.363,1.77084,2.1986,1187.92,127.942,-2.53844,-9.65843,28849.7,297.473,1,1,1,1,1,0
103,83,29.1944,134.513,1.8441,2.41954,1001.73,98.6627,-0.0243451,-8.53931,27838.8,264.846,1,1,1,1,1,0
103,84,29.8051,134.304,2.05852,2.33853,1116.34,84.5149,-2.49638,-13.6322,33302.7,283.45,1,1,1,1,1,0
103,85,29.7873,133.97,1.95473,2.13385,1011.31,102.66,-4.26927,-10.047,26217,261.408,1,1,1,1,1,0
103,86,29.7496,133.812,2.00249,2.17507,883.917,107.417,-3.66784,-8.69438,23991.3,248.947,1,1,1,1,1,0
103,87,29.7554,133.709,1.98544,2.2376,993.626,115.169,-1.45268,-10.8036,27465.3,282.84,1,1,1,1,1,0
103,88,29.7756,133.738,1.85182,2.16765,1231.23,102.975,1.10565,-8.539,30845.4,290.822,1,1,1,1,1,0
103,89,29.932,133.93,2.24149,2.53586,914.704,85.2661,-2.67354,-6.33322,31561.9,280.728,1,1,1,1,1,0
103,90,29.1757,133.999,2.28207,2.39639,875.856,74.6445,-1.36858,-13.0219,29709.8,257.462,1,1,1,1,1,0
103,91,29.0913,134.316,2.03799,2.12058,997.088,127.396,-0.318002,-16.3453,26083.3,276.822,1,1,1,1,1,0
103,92,29.2244,134.217,2.0515,2.24081,1064.63,120.467,-3.31627,-11.2503,30243,295.361,1,1,1,1,1,0
103,93,29.35,133.979,2.00618,2.24181,1096.1,102.434,1.13359,-6.87993,30945.7,292.29,1,1,1,1,1,0
103,94,29.6158,133.858,2.13233,2.46659,876.913,64.424,0.0224904,-5.64449,28411.4,242.118,1,1,1,1,1,0
103,95,29.606,133.921,2.00186,2.3926,891.954,85.1489,-1.98981,-10.2173,26208.2,244.432,1,1,1,1,1,0
103,96,29.7982,134.25,1.93208,2.43092,1198.46,91.4276,-6.26059,-6.70137,34028.5,292.302,1,1,1,1,1,0
103,97,29.8207,134.142,2.14161,2.25091,1149.63,89.9685,-5.69664,-8.80304,34398.7,295.077,1,1,1,1,1,0
103,98,29.8724,134.118,1.99834,1.94344,1208.21,125.036,-8.58652,-8.85355,29067.8,295.858,1,1,1,1,1,0
103,99,29.4228,134.082,1.96622,2.12652,1127.65,139.904,-1.33119,-5.56128,29418.3,308.663,1,1,1,1,1,0
103,100,29.2728,134.398,2.11534,2.1849,1093.33,101.6,3.08664,-10.6156,31403.7,288.018,1,1,1,1,1,0
103,101,29.5051,134.439,1.97432,1.91217,1139.3,103.271,-3.4267,-10.5375,26894.7,262.503,,,,,,0
104,12,116,116.306,2.20762,2.16085,357.997,139.056,-3.07054,0.083487,10831.6,200.811,1,2,3,4,5,0
104,13,118.439,117.776,2.70051,2.80114,542.753,59.5085,-9.8548,-1.80663,24290.7,212.899,1,2,3,4,5,0
104,14,120.354,118.551,2.23382,2.3639,292.565,130.362,-13.5879,-3.12538,9119.19,182.899,1,2,3,4,5,0
104,15,122.109,118.673,2.2599,2.01243,344.823,115.159,-8.85527,8.27933,9750.65,170.911,1,2,3,4,5,0
104,16,122.365,119.613,2.15561,2.05196,291.963,127.505,-12.6457,7.18439,6030.18,163.994,1,2,3,4,4,0
104,17,121.743,120.107,2.50776,2.18439,313.939,106.25,-10.2935,-1.87484,10566.3,169.793,1,2,3,4,4,0
104,18,120.367,120.225,3.07061,2.17528,283.611,102.975,-9.79745,-3.85817,10902.1,169.654,1,2,3,4,4,0
104,19,118.99,120.343,3.63346,2.16616,253.282,99.6996,-9.30138,-5.84149,11237.9,169.515,1,2,3,4,4,0
104,20,119.945,119.992,2.8687,1.90125,447.481,100.52,-9.2838,-6.53182,14768.6,196.402,1,2,3,4,5,0
104,21,119.817,120.552,3.35247,2.09568,329.653,99.1738,-5.85537,-7.5522,13429.4,183.675,1,2,3,4,5,0
104,22,120.603,123.575,2.22674,1.72538,314.806,84.0652,-2.28334,-6.48055,7538.38,124.87,1,2,3,4,5,0
104,23,120.409,122.294,2.04749,1.9016,252.044,81.7621,-1.40452,0.925993,6133.78,118.426,1,2,3,4,5,0
104,24,122.863,120.47,1.81173,2.102,395,93.7403,0.710697,-1.93128,9397.67,146.793,1,2,3,4,5,0
104,25,124.048,121.208,2.13795,2.44008,372.37,75.7085,1.41725,-0.939509,11983.5,149.426,1,2,3,4,5,0
104,26,123.163,121.404,2.71285,2.45004,299.896,82.3146,4.73646,1.25934,11764.3,156.893,1,2,3,4,5,0
104,27,122.361,122.519,2.26908,2.34914,310.639,78.0127,-2.82277,1.0413,10195.3,140.13,,,,,,0
105,12,182.331,292.825,1.63101,1.96363,393.787,166.234,-9.27746,-11.1989,7906.13,211,1,1,1,1,2,0
105,13,182.006,292.518,1.54286,1.86376,417.345,163.437,-7.86272,-10.3763,7567.49,202.444,1,1,1,1,2,0
105,14,182.324,292.59,1.78976,1.90877,453.965,146.446,-9.13198,-0.154399,9575.55,200.195,1,1,1,1,2,0
105,15,181.849,292.887,2.52036,2.2183,448.765,119.075,-7.8571,3.68893,15966.5,216.686,1,1,1,1,1,0
105,16,181.977,292.42,2.22815,2.36213,468.245,88.9448,-2.57021,-1.41746,15493.7,184.87,1,1,1,1,1,0
105,17,182.102,292.124,1.87646,2.13637,634.908,104.894,-3.96005,-6.49971,15897.9,200.231,1,1,1,1,1,0
105,18,181.868,292.379,1.97033,2.16905,534.183,106.941,-3.40486,-9.62449,14228.3,193.432,1,1,1,1,1,0
105,19,181.71,292.581,2.1687,2.072,529.305,104.604,-2.27922,-9.76961,14798,196.947,1,1,1,1,1,0
105,20,181.551,292.619,2.30609,1.83505,579.865,92.0029,-5.33323,-10.3847,15551,189.089,1,1,1,1,1,0
105,21,181.607,292.489,1.88309,1.93061,463.285,105.214,-5.91399,-7.82875,10818.7,168.746,1,1,1,1,1,0
105,22,181.821,292.881,2.01134,2.18766,416.03,100.869,-3.9684,-8.44013,11405.8,174.976,1,1,1,1,1,0
105,23,181.971,292.734,2.17554,2.38614,423.984,91.5929,-10.7705,-5.0799,13591.7,178,1,2,3,3,4,0
105,24,182.274,294.294,2.1221,2.74456,280.05,85.7684,-5.30109,-5.0296,9907.46,145.787,1,2,3,3,4,0
105,25,182.542,294.879,2.34575,2.45274,308.043,88.126,-0.58863,-2.36795,10856,159.462,1,2,3,3,4,0
105,26,182.286,293.969,2.02939,2.07996,364.44,120.663,1.53529,-2.05353,9600.98,180.053,1,2,3,4,5,0
105,27,180.598,294.807,2.11007,2.49448,323.619,89.4272,0.879967,-3.88086,10483.3,154.509,1,2,3,4,5,0
105,28,180.776,294.871,2.53021,2.55227,274.47,88.0997,-2.11793,-2.81712,10573.3,153.544,1,2,3,4,5,0
105,29,182.743,293.841,2.08871,2.57469,316.083,85.0637,-3.51198,0.620279,10432.8,150.716,1,2,3,4,5,0
105,30,182.839,295.505,2.40422,2.09549,380.021,76.7942,-2.71497,-0.575026,11825.5,149.343,1,2,3,4,5,0
105,31,184.892,295.412,2.41891,2.30106,271.061,52.8205,-8.79645,1.39748,10304.9,117.065,1,2,3,4,5,0
105,32,185.317,295.354,2.02366,2.31476,302.785,74.4659,0.120119,2.38562,8636.13,126.148,1,2,3,4,5,0
105,33,185.84,296.892,2.30438,2.20998,264.013,72.6837,0.117528,1.86968,8055.02,121.305,1,2,3,4,5,0
105,34,186.364,298.429,2.58509,2.10519,225.242,70.9015,0.114936,1.35374,7473.91,116.462,,,,,,0
106,12,262.703,151.666,2.62313,1.87407,350.242,142.284,-19.4141,6.71962,9059.78,205.917,1,2,3,4,5,0
106,13,261.36,154.368,2.9965,3.27449,574.363,50.0073,-10.3519,-8.25922,31505.2,248.071,1,2,3,4,5,0
106,14,262.623,158.79,1.46108,2.20602,449.588,165.49,-4.21717,-24.1454,9555.62,226.237,1,2,3,4,5,0
106,15,263.413,158.518,1.75134,2.15576,559.337,165.687,-13.1377,-22.2947,13229.1,244.692,1,2,3,4,5,0
106,16,263.195,157.4,1.75672,2.51841,651.169,138.36,-8.06149,-16.4424,17770.5,244.047,1,2,3,4,5,0
106,17,264.147,157.282,2.13473,2.00951,517.729,129.377,3.80321,2.99463,14444.7,209.03,1,2,3,4,5,0
106,18,265.875,157.225,3.27197,3.0991,639.526,16.1952,-10.3256,9.63849,39792,263.828,1,2,3,4,5,0
106,19,265.606,157.71,2.31428,2.64211,617.534,105.055,5.70977,-9.20111,22944,241.858,1,2,3,4,5,0
106,20,264.525,158.227,2.07874,2.65119,499.38,89.6116,4.63891,-2.27239,16981,195.095,1,2,3,4,5,0
106,21,260.828,155.814,1.84228,1.76557,364.829,125.14,2.44816,0.459617,7443.95,167.343,1,2,3,4,5,0
106,22,260.027,154.563,1.916,1.76707,851.104,128.496,2.52437,-1.56818,17913.1,235.876,1,2,3,4,5,0
106,23,260.256,154.86,2.55742,2.1664,757.732,98.3829,8.60268,-4.62601,26397.9,257.195,1,2,3,4,5,0
106,24,260.927,154.749,2.53222,2.99139,600.717,88.3251,0.203918,2.69648,26846.5,250.568,1,2,3,4,5,0
106,25,260.561,156.083,2.08345,3.05616,731.916,100.239,5.2156,-13.2421,28303.6,268.929,1,2,3,4,5,0
106,26,260.471,154.202,3.25293,3.33954,635.256,30.1679,-6.22898,-6.08186,37554,263.331,1,2,3,4,5,0
106,27,257.463,153.703,3.11282,2.1609,672.399,135.618,11.0446,-11.3657,26694.5,296.207,1,2,3,4,5,0
106,28,257.51,153.101,2.6729,2.05793,955.944,140.998,7.86723,-3.14969,30563.4,318.811,1,2,3,4,5,0
106,29,257.225,154.117,3.13779,2.68278,662.935,78.4891,-0.108768,-6.6399,32815.9,279.219,1,2,3,4,5,0
106,30,255.598,157.141,2.27321,1.99473,354.676,141.815,7.95689,-12.7233,10682.7,199.651,1,2,3,4,5,0
106,31,255.729,160.945,2.03384,2.1221,444.652,120.38,6.3191,-12.1688,11968.3,196.651,1,2,3,4,5,0
106,32,255.145,161.112,2.10223,2.23446,468.572,80.7843,2.71583,-1.19548,13679.3,162.438,1,2,3,4,5,0
106,33,254.704,158.738,2.23658,2.23092,343.753,73.1595,-0.0238847,-2.60563,10696.3,137.982,1,2,3,4,5,0
106,34,254.91,155.727,2.04092,2.59304,681.084,93.9244,5.30916,0.13482,22114.1,225.533,1,2,3,4,5,0
106,35,255.795,156.735,2.17109,2.62531,531.92,79.083,-2.97998,-5.11321,18683.5,194.178,1,2,3,4,5,0
106,36,257.645,157.647,2.00593,2.20834,535.998,118.512,1.31109,-3.29106,14773.7,202.604,1,2,3,4,5,0
106,37,258.865,158.07,2.77469,2.41408,597.013,90.3794,4.25679,-2.8897,23967.6,232.012,1,2,3,4,5,0
106,38,259.357,158.736,1.87692,2.17985,776.806,141.476,8.646,-6.35395,19823.8,253.024,1,2,3,4,5,0
106,39,258.866,159.334,1.66159,2.14008,728.32,142.156,5.20194,-1.05775,16184.2,232.71,1,2,3,4,5,0
106,40,258.018,160.654,2.00153,1.2756,774.518,142.125,3.85046,-1.57132,12394.5,212.16,1,2,3,4,5,0
106,41,259.457,162.264,1.99215,1.98281,548.509,120.553,-6.48013,0.651818,12431.7,193.361,1,2,3,4,5,0
106,42,260.858,164.154,2.26681,2.71289,517.245,93.5735,-3.62343,-3.74259,19308.2,210.491,1,2,3,4,5,0
106,43,260.452,163.492,1.55009,1.77332,588.399,126.958,-7.39184,-2.9301,8596.29,175.97,1,2,3,4,5,0
106,44,258.612,162.063,2.41452,2.44279,606.041,73.292,0.161809,-5.6127,21525,200.349,1,2,3,4,5,0
106,45,258.213,162.208,2.52617,2.57357,593.655,90.2477,0.767922,-4.6665,23371.3,228.107,1,2,3,4,5,0
106,46,256.845,164.299,2.46132,2.41031,481.983,84.7482,1.90916,-0.905312,17481.7,188.059,1,2,3,4,5,0
106,47,255.699,165.441,2.26963,1.99777,562.786,114.462,2.89903,3.29657,15853.2,204.621,1,2,3,4,5,0
106,48,256.104,165.974,2.03987,1.89598,724.055,108.361,1.38728,0.989055,17518,210.272,1,2,3,4,5,0
106,49,256.504,165.015,1.74413,1.72778,848.498,109.706,3.1662,-1.87226,15603.3,199.828,1,2,3,4,5,0
106,50,257.189,163.545,1.66735,1.73441,947.036,134.342,-2.46327,-6.33449,16454.9,229.746,1,2,3,4,5,0
106,51,256.032,159.696,2.02238,3.70283,594.323,152.751,-5.18343,-22.2202,26274.4,310.645,1,2,3,4,5,0
106,52,257.043,158.196,2.32558,2.5392,1261.69,134.832,2.33354,-9.8787,45968.3,404.201,1,2,3,4,5,0
106,53,257.209,157.736,3.26886,2.59247,775.875,118.794,6.81853,-2.30987,37797.5,357.325,1,2,3,4,5,0
106,54,253.443,158.396,1.16327,1.76391,570.866,160.061,3.93797,-12.8386,4992.2,188.272,1,2,3,4,5,0
106,55,251.25,159.785,2.15855,2.24778,546.977,98.8895,0.262434,-7.02781,16463.5,193.544,1,2,3,4,5,0
106,56,251.982,161.459,1.70407,2.53606,420.801,111.844,-0.73669,-5.8222,11204,176.402,1,2,3,4,5,0
106,57,251.396,161.596,1.64954,2.53603,331.509,116.317,0.176596,-1.95119,8548.03,164.497,1,2,3,4,5,0
106,58,249.242,162.076,2.35142,2.56792,654.463,50.2533,-3.01506,-2.58526,24107.3,198.414,1,2,3,4,5,0
106,59,248.46,162.044,2.1688,2.39131,719.048,69.8452,-0.307576,-5.96995,23015.5,210.053,1,2,3,4,5,0
106,60,247.351,162.963,2.01475,1.95036,454.178,109.866,-0.00970889,-2.77055,11158.6,169.491,1,2,3,4,5,0
106,61,245.97,165.876,2.58656,2.02514,450.688,102.735,-1.744,-2.25933,14055.1,185.728,1,2,3,4,5,0
106,62,245.367,168.317,2.2681,1.8987,423.952,116.015,-5.89718,0.298576,10539.8,174.746,1,2,3,4,5,0
106,63,244.826,170.863,1.77147,1.40891,499.296,120.649,1.78951,-4.74634,7187.24,160.491,1,2,3,4,5,0
106,64,245.482,173.635,1.42399,2.14261,344.307,103.968,-0.598147,-0.858383,6565.21,136.136,1,2,3,4,5,0
106,65,246.464,177.236,2.31057,2.04791,432.376,93.1664,-5.04388,-4.89481,12681.5,172.544,1,2,3,4,5,0
106,66,244.428,176.686,2.16157,2.14625,318.413,96.7645,-1.87649,-3.15182,9177.94,150.414,1,2,3,4,5,0
106,67,244.275,175.556,1.94387,2.45882,513.319,76.0523,0.056993,-4.52405,15315,168.047,1,2,3,4,5,0
106,68,245.102,175.504,2.70329,3.25412,408.75,29.6971,5.45214,-6.50267,21894.9,164.527,1,2,3,4,5,0
106,69,247.062,174.539,2.0253,2.3673,338.936,100.897,4.04643,-7.76391,9921.09,161.13,1,2,3,4,5,0
106,70,251.005,173.45,2.82999,1.7792,271.115,121.803,3.2086,1.48249,8286,167.077,1,2,3,4,5,0
106,71,254.069,174.894,2.1243,2.12869,769.036,135.168,6.12223,-4.07022,21656.6,269.864,1,2,3,4,5,0
106,72,254.406,175.422,2.41898,2.51504,606.094,141.965,4.50386,-8.32115,22932.2,282.651,1,2,3,4,5,0
106,73,253.949,176.87,2.14702,2.44856,686.948,117.881,0.430563,-12.9399,22271.3,251.154,1,2,3,4,5,0
106,74,253.271,177.02,2.42856,2.33792,653.782,97.8754,2.12579,-7.35567,22536.3,229.03,1,2,3,4,5,0
106,75,252.035,177.497,2.22374,2.42141,573.657,95.8683,2.08524,-4.45755,19499.6,213.746,1,2,3,4,5,0
106,76,251.44,179.5,1.84352,1.76151,643.744,123.131,1.34636,-6.57079,13702.4,200.58,1,2,3,4,5,0
106,77,253.204,179.602,1.95921,1.81704,667.878,113.571,-0.943782,-4.326,14891.9,201.018,1,2,3,4,5,0
106,78,254.925,178.619,2.27963,2.52869,511.754,99.7766,1.85557,-8.12489,18052.6,207.367,1,2,3,4,5,0
106,79,255.477,177.152,2.08187,2.44453,608.328,133.554,4.85304,-4.36988,19366.9,248.503,1,2,3,4,5,0
106,80,255.523,175.794,2.0965,1.85792,657.58,155.541,1.36586,-5.24502,16027.6,252.911,1,2,3,4,5,0
106,81,255.368,176.081,2.29682,1.8674,599.931,138.011,-0.941235,-6.50569,15998.4,225.006,1,2,3,4,5,0
106,82,253.506,176.467,1.92898,2.04591,431.604,122.096,2.70724,-7.53653,10267.7,180.556,1,2,3,4,5,0
106,83,250.345,175.898,1.77733,2.09705,683.619,138.962,-1.06424,-11.1206,15650.4,228.426,1,2,3,4,5,0
106,84,251.276,177.163,1.70368,2.41268,305.698,121.272,0.896239,-10.8253,7794.26,168.905,1,2,3,4,5,0
106,85,256.026,178.412,1.69475,1.81886,579.653,158.214,6.13683,-6.22441,11211.5,219.03,1,2,3,4,5,0
106,86,256.091,178.558,1.67762,1.61845,533.393,162.971,6.62049,-11.4962,8047.54,210.781,1,2,3,4,4,0
106,87,255.018,178.594,2.17563,1.96954,672.768,121.255,4.22654,-8.03338,18092.8,230.195,1,2,3,4,5,0
106,88,254.553,179.158,1.87991,2.37492,714.878,118.809,4.17561,-3.09607,19689.3,233.207,1,2,3,4,5,0
106,89,254.262,180.948,1.79207,2.32405,711.759,158.619,5.66014,-4.9799,18438,269.154,1,2,3,4,5,0
106,90,254.255,181.916,1.81172,1.91518,653.889,204.268,11.4696,6.26281,13009.4,285.467,1,2,3,4,5,0
106,91,253.957,183.447,2.1186,2.15099,620.43,158.385,17.9079,-1.68758,18000.6,257.254,1,2,3,4,5,0
106,92,250.972,183.197,1.47843,1.84575,325.504,177.82,15.0546,6.97084,5698.11,198.107,1,2,3,4,5,0
106,93,248.161,183.093,2.88112,2.07209,386.12,122.693,3.37685,-4.8219,13121,196.621,1,2,3,4,5,0
106,94,248.526,179.613,2.22886,2.92713,462.707,111.064,2.59262,-0.32861,17319,213.834,1,2,3,4,5,0
106,95,248.432,176.668,2.10835,2.8252,499.168,82.9865,-0.464584,-1.94514,18201,193.615,1,2,3,4,5,0
106,96,247.397,174.14,1.71403,2.2053,476.453,101.756,-2.40584,-1.15898,10982.2,163.325,1,2,3,4,5,0
106,97,246.045,173.653,1.9608,2.83259,394.897,107.656,-3.24709,-6.17403,13175.2,184.84,1,2,3,4,5,0
106,98,245.635,172.809,2.08338,3.49089,414.438,87.8897,-0.119492,-2.44614,16504.4,187.503,1,2,3,4,5,0
106,99,246.349,171.383,1.68281,3.43475,490.657,129.901,1.8821,-2.3762,16501.8,227.444,1,2,3,4,5,0
106,100,246.638,170.24,1.69251,2.04809,583.609,110.651,-0.0563654,-3.86537,12359.5,179.609,1,2,3,4,5,0
106,101,245.673,169.131,2.21533,2.14247,578.273,73.3575,-0.419219,-6.8439,16939.1,172.858,,,,,,0
107,12,305.927,120.831,2.3995,2.477,267.109,68.8278,1.07785,-0.127175,9709.61,128.349,1,2,3,4,5,0
107,13,306.283,120.575,2.10321,2.31548,275.449,98.122,1.13413,-0.912532,8306.39,144.692,1,2,3,4,5,0
107,14,308.79,118.947,2.94873,2.49989,268.359,88.4268,-8.04312,3.17233,12207.5,166.249,1,2,3,4,5,0
107,15,310.521,119.833,1.98225,1.84886,351.371,104.778,-0.339799,-9.57887,8059.27,148.598,1,2,3,4,5,0
107,16,315.887,118.477,2.06143,2.26209,330.443,94.2904,-2.41252,-0.326203,9563.93,152.598,1,2,3,4,5,0
107,17,317.81,120.122,1.89481,2.3787,360.775,105.931,-1.19537,0.237503,9993.5,165.636,1,2,3,4,5,0
107,18,319.733,121.768,1.72819,2.49531,391.108,117.571,0.0217904,0.80121,10423.1,178.675,1,2,3,4,5,0
107,19,320.489,121.236,2.2701,2.44026,522.397,82.0367,1.82635,-1.2534,17768.8,193.018,1,2,3,4,5,0
107,20,321.578,121.266,1.75624,2.33036,481.025,125.998,-1.02722,-1.45928,11976.8,194.538,1,2,3,3,4,0
107,21,322.561,121.014,1.78326,2.43815,638.993,104.363,-2.61433,-0.903483,17210,204.698,1,2,3,3,5,0
107,22,322.544,120.853,1.7602,2.28169,620.408,103.743,0.620238,4.2906,15460.4,195.012,1,2,3,4,5,0
107,23,322.791,119.294,1.16456,1.17526,503.594,142.998,3.25837,2.97764,4355.16,164.692,1,2,3,4,5,0
107,24,324.434,117.217,2.21167,2.5041,465.561,93.2999,2.67915,-0.559108,15821.6,188.148,1,2,3,4,5,0
107,25,326.351,118.536,1.69646,2.3383,524.611,91.3729,1.95656,-0.695878,12923.5,170.852,1,2,3,4,5,0
107,26,327.16,117.065,1.83962,1.92923,499.186,75.9513,-0.450052,2.32465,11223.4,145.97,1,2,3,4,5,0
107,27,327.972,116.741,1.34294,1.6009,562.099,59.275,3.01492,-2.769,13980.8,140.497,1,2,3,4,5,0
107,28,326.878,116.167,1.54474,2.15492,496.309,99.9961,0.813349,-2.14367,10326.8,157.45,1,2,3,4,5,0
107,29,323.689,115.446,2.04745,2.33696,464.636,84.7512,0.0960495,-0.30149,13578.4,164.92,1,2,3,4,5,0
107,30,320.5,114.726,2.55017,2.519,432.963,69.5063,-0.62125,1.54069,16829.9,172.391,1,2,3,4,5,0
107,31,321.347,113.341,1.81755,1.82515,628.748,113.14,1.71755,-4.63404,13077.9,187.751,1,2,3,4,5,0
107,32,324.075,113.137,1.14677,1.62638,579.429,142.074,10.052,-10.4474,6798.8,179.491,1,2,3,4,5,0
107,33,325.237,115.83,1.74706,2.18582,535.907,104.536,2.60008,-5.64213,12777.2,183.935,1,2,3,4,5,0
107,34,325.761,118.61,1.87204,1.53714,343.103,118.918,2.30564,-2.37286,6194.74,152.077,1,2,3,4,5,0
107,35,326.678,123.14,2.21349,3.42754,507.808,97.2725,0.504744,2.49747,22039.6,227.627,1,2,3,4,5,0
107,36,325.31,123.561,1.83783,2.12888,537.194,123.523,0.0191263,4.90253,13420.4,204.225,1,2,3,4,5,0
107,37,323.777,122.866,1.81585,1.98713,472.662,158.474,-5.81977,0.328913,10681.5,217.55,1,2,3,4,5,0
107,38,323.694,120.347,2.50434,2.3513,559.461,103.314,8.37351,1.62045,21011.3,233.059,1,2,3,4,5,0
107,39,326.542,120.589,2.37481,2.42856,503.743,125.871,3.65006,2.87669,17661.4,235.704,1,2,3,4,5,0
107,40,328.576,120.874,2.25882,2.39005,672.804,195.301,10.5055,0.267157,22367.1,334.852,1,2,3,4,5,0
107,41,330.985,121.901,2.99148,3.57872,544.944,209.624,5.26908,-20.09,32141.5,408.751,1,2,3,4,5,0
107,42,331.119,123.543,2.2376,2.60428,441.752,237.041,2.48398,-18.811,15705.5,340.343,1,2,3,4,5,0
107,43,330.785,122.191,2.1631,2.45983,568.086,225.321,-6.19142,-20.1043,18258.4,344.275,1,2,3,4,5,0
107,44,330.451,120.839,2.0886,2.31539,694.42,213.602,-14.8668,-21.3975,20811.3,348.207,1,2,3,3,4,0
107,45,329.457,120.635,2.49469,2.35088,667.057,134.953,-7.09917,-11.3048,24370.7,286.148,1,2,2,3,4,0
107,46,328.417,120.356,2.51524,2.59843,799.771,107.193,-2.34667,-6.19459,32492.4,302.722,1,2,2,3,4,0
107,47,328.657,121.14,2.45278,2.38835,732.074,124.961,-6.09966,-12.758,26243.4,283.592,1,2,2,3,4,0
107,48,329.979,121.709,2.04046,2.53512,839.234,105.595,-0.866274,-4.43732,26649.9,270.515,1,2,2,3,4,0
107,49,330.785,122.228,2.12764,2.22552,774.652,132.665,-0.67777,-6.63135,22783.3,269.249,1,2,2,3,4,0
107,50,331.505,122.731,1.92696,2.16665,689.026,138.674,-0.888172,-2.28204,17933.8,245.012,1,2,2,3,4,0
107,51,331.54,122.418,2.00346,1.71297,686.58,147.063,-0.00786386,-5.57796,14749.8,232.669,1,2,3,4,5,0
107,52,330.708,120.49,2.22097,2.43836,533.072,142.748,-2.37518,-11.9031,16372.3,242.604,1,2,3,4,5,0
107,53,333.549,119.382,2.49994,1.83973,414.589,113.187,-8.00926,-12.5332,12045.1,185.799,1,2,3,4,5,0
107,54,332.616,118.781,2.24245,2.21183,250.779,151.829,-2.98782,-15.4782,7699.34,194.686,1,2,3,4,5,0
107,55,331.553,116.475,2.14547,2.32615,436.138,104.55,-1.16314,-4.10457,13389.2,185.124,1,2,3,4,5,0
107,56,333.09,115.938,2.55652,2.57084,460.089,80.735,-3.97868,-7.83854,18300.9,198.698,1,2,3,4,5,0
107,57,331.727,116.396,1.93154,2.58353,344.032,108.314,-4.84135,-8.99992,10542,169.97,1,2,3,4,5,0
107,58,330.728,117.441,1.96524,2.63598,542.896,86.4362,0.634085,-6.95959,17522.8,187.811,1,2,3,4,5,0
107,59,331.635,120.266,2.52893,2.10484,418.387,74.3948,2.39469,-0.732096,13962.3,161.379,1,2,3,4,5,0
107,60,333.725,122.902,2.32597,1.73796,396.957,120.152,1.88576,-1.98705,9978.52,177.527,1,2,3,4,5,0
107,61,334.241,123.861,2.0833,1.8849,578.324,147.174,5.34909,-7.17205,14194.9,228.456,1,2,3,4,5,0
107,62,331.767,123.051,1.8936,2.39152,446.08,127.171,6.14236,-0.0210222,12528.2,198.686,1,2,3,4,5,0
107,63,329.335,121.098,1.95758,1.41666,537.76,124.885,7.57814,-3.74655,9349.42,174.201,1,2,3,4,5,0
107,64,329.84,120.312,2.25158,2.32713,539.703,96.1118,2.0151,-3.92477,17291.3,204.331,1,2,3,4,5,0
107,65,331.331,121.957,1.95691,1.54139,517.186,158.717,11.2372,5.01984,10597.4,221.172,1,2,3,4,5,0
107,66,332.822,123.603,1.66224,0.755654,494.669,221.322,20.4593,13.9644,3903.47,238.012,1,2,3,4,5,0
107,67,334.589,126.137,2.03712,3.26459,471.007,202.234,0.258222,21.8624,18662.2,320.899,,,,,,0
108,12,437.239,476.518,1.79687,1.77796,267.506,99.3219,-6.37323,-4.10359,5362.23,131.456,1,2,3,4,5,0
108,13,436.884,475.303,1.8613,1.86267,349.797,107.78,-7.72583,-5.45008,8072.42,153.071,1,2,3,4,5,0
108,14,436.529,474.088,1.92573,1.94739,432.087,116.238,-9.07844,-6.79657,10782.6,174.686,1,2,3,4,5,0
108,15,435.319,474.576,3.81161,2.21087,245.794,103.083,-7.77804,-5.52973,11622.8,173.663,1,2,3,4,5,0
108,16,429.652,474.811,2.90829,2.00408,360.547,125.73,2.29082,-4.59149,12648.9,200.195,1,2,3,4,5,0
108,17,432.012,474.482,2.27703,2.18319,304.359,105.335,0.432209,-2.16748,9370.13,161.675,1,2,3,4,5,0
108,18,433.116,474.804,2.15118,2.36998,393.672,110.332,-5.29052,-4.52808,12409.7,181.751,1,2,3,4,5,0
108,19,432.107,476.4,2.66556,2.32445,263.885,114.268,-5.03446,-4.63329,9925.82,173.355,1,2,3,4,5,0
108,20,431.208,478.702,2.48904,3.08758,289.706,85.4182,-3.00406,-1.19704,12697.2,161.089,1,2,3,4,5,0
108,21,429.693,479.917,2.29029,2.37595,404.823,108.704,-3.49936,2.24828,13469.1,192.355,1,2,3,4,5,0
108,22,430.457,479.059,2.01479,1.6185,361.409,119.598,-2.99372,-1.62665,7379.13,163.692,1,2,3,4,5,0
108,23,431.28,479.45,2.86189,2.11039,297.32,97.6904,-6.58973,-4.51154,10824.6,163.006,1,2,3,4,5,0
108,24,427.604,479.13,1.82791,2.3136,344.168,109.981,0.563833,-0.5725,9051.85,164.036,1,2,3,4,5,0
108,25,426.838,477.328,1.88523,1.9237,503.746,132.442,-2.10316,-2.03383,11442.1,203.935,1,2,3,4,5,0
108,26,427.655,478.46,2.29129,2.74887,274.364,112.371,-10.5357,-1.71345,10924.2,175.189,1,2,3,4,5,0
108,27,427.61,480.113,1.95502,2.50107,444.399,106.475,-7.51873,-6.32521,13405.2,183.42,1,2,3,4,5,0
108,28,427.517,479.562,1.78308,2.30198,487.948,125.575,-11.3214,-16.0875,12892,203.74,1,2,3,4,5,0
108,29,424.816,476.007,2.03678,2.61929,457.544,141.564,0.781801,-3.26412,14966.8,225.651,1,2,3,4,5,0
108,30,425.771,475.143,2.13345,2.71952,345.75,90.7961,-0.280977,-1.19218,12209.1,166.817,1,2,3,4,5,0
108,31,429.182,474.222,2.72168,2.7013,354.733,67.3024,-2.37014,-1.63896,15505.3,162.544,1,2,3,4,5,0
108,32,432.593,473.301,3.30992,2.68307,363.716,43.8087,-4.4593,-2.08573,18801.6,158.272,1,2,3,4,5,0
108,33,430.658,473.39,2.72115,3.10416,303.453,47.7786,-0.395988,-1.67858,15202.1,139.811,1,2,3,4,5,0
108,34,430.071,473.719,2.26191,2.00639,338.418,92.7257,-0.585648,4.51139,9550.98,156.929,1,2,3,4,5,0
108,35,427.307,474.944,3.63987,2.76246,291.524,60.1498,5.08883,0.771371,16035.2,164.272,1,2,3,4,5,0
108,36,428.67,475.448,2.23859,2.16509,314.836,111.763,0.0667721,-1.44869,8637.5,164.219,1,2,3,4,5,0
108,37,430.218,474.641,1.9156,1.92141,348.933,127.835,-3.78444,-6.93345,8044.28,169.905,1,2,3,4,5,0
108,38,431.819,473.309,3.06158,2.06197,335.254,81.7126,-6.78184,4.60007,12595,164.609,1,2,3,4,5,0
108,39,432.803,472.901,2.3729,2.23686,354.809,99.0562,-3.86808,2.11643,11616.6,167.337,1,1,1,1,1,0
108,40,432.792,472.937,2.08735,2.34712,509.32,82.1555,-2.18221,2.65272,15460.9,174.178,1,1,1,1,1,0
108,41,432.81,473.272,2.21512,2.36698,478.296,81.5423,0.654005,0.292062,15479.4,175.964,1,2,3,4,5,0
108,42,434.723,475.1,1.92652,2.31018,392.212,79.5866,2.22738,0.110187,11263.3,147.58,1,2,3,4,5,0
108,43,436.637,476.929,1.63792,2.25338,306.129,77.6309,3.80076,-0.0716886,7047.15,119.195,1,2,3,4,5,0
108,44,436.144,478.088,1.71537,2.2246,290.791,91.0296,-0.991977,0.659545,6923.58,131.574,1,2,3,4,5,0
108,45,435.997,480.459,1.65096,1.95244,306.88,100.165,-5.14818,1.9116,6198.72,132.391,1,2,3,4,5,0
108,46,432.987,481.295,1.75532,2.09929,349.802,87.9627,-1.40951,0.483427,8210.38,135.905,1,2,3,4,5,0
108,47,429.977,482.131,1.85968,2.24613,392.724,75.7607,2.32916,-0.944741,10222,139.42,1,2,3,4,5,0
108,48,429.023,482.113,2.50336,1.5533,359.682,107.333,-0.757252,1.85853,8647.89,155.16,1,2,3,4,5,0
108,49,425.012,482.7,3.25731,2.88016,285.769,89.8543,-4.13689,-1.40248,15745.6,185.751,1,2,3,4,5,0
108,50,424.283,482.998,2.2043,2.50352,276.566,146.634,-10.8936,1.50298,9379.15,193.515,1,2,3,4,5,0
108,51,422.748,486.302,2.18703,2.10863,422.159,196.47,-20.5251,5.74148,11285.8,255.417,1,2,3,4,5,0
108,52,421.212,489.607,2.16977,1.71373,567.753,246.307,-30.1565,9.97998,13192.4,317.32,,,,,,0
109,13,131.68,112.461,1.80641,2.3986,271.793,104.984,0.443798,-2.76488,7574.19,151.089,1,2,3,4,5,0
109,14,132.705,118.149,2.0551,3.19236,295.577,94.9116,-0.0940734,-11.7099,11420.2,159.663,1,2,3,4,5,0
109,15,135.197,119.592,2.41406,2.7989,260.111,85.7461,-0.00575782,-7.46062,10188.4,146.769,1,2,3,4,5,0
109,16,137.688,121.035,2.77303,2.40544,224.646,76.5807,0.0825577,-3.21135,8956.55,133.876,1,2,3,4,5,0
109,17,139.202,119.37,2.95863,2.35071,215.672,101.33,1.94903,-1.59173,8841.42,152.976,1,2,3,4,5,0
109,18,137.359,118.797,2.69282,2.43799,244.366,105.667,1.37849,-5.60794,9532.42,161.476,1,2,3,4,5,0
109,19,135.515,118.224,2.427,2.52527,273.061,110.004,0.807943,-9.62415,10223.4,169.976,1,2,3,4,5,0
109,20,133.883,117.656,2.35079,2.51067,293.902,111.65,3.74065,-7.90202,10602.6,173.172,1,2,3,4,5,0
109,21,132.348,118.853,1.84815,1.458,464.196,127.337,0.369654,-7.79877,7849.5,177.124,1,2,3,4,5,0
109,22,132.819,119.407,1.89641,2.12049,379.646,92.6655,-1.22795,-5.79,9530.7,148.994,1,2,3,4,5,0
109,23,133.975,120.852,1.89252,1.86065,308.126,108.165,-0.902533,-4.29086,7009.5,148.672,1,2,3,4,5,0
109,24,135.132,122.296,1.88863,1.60082,236.606,123.665,-0.577115,-2.79171,4488.3,148.349,1,2,3,4,5,0
109,25,135.128,122.935,1.93294,2.01508,295.916,118.568,3.22043,-1.71144,7210.44,156.006,1,2,3,4,5,0
109,26,133.725,122.844,2.70916,2.18372,257.849,123.048,3.88486,2.98773,9276.48,178.325,1,2,3,4,5,0
109,27,132.217,124.536,1.91519,1.26383,272.644,145.354,11.0325,0.482405,4010.18,165.077,,,,,,0
110,13,184.68,249.014,2.66691,1.88444,463.902,208.552,-27.1289,16.2842,17764.7,319.059,1,2,3,4,5,0
110,14,183.693,249.39,2.47928,1.73895,443.19,296.186,-6.02241,29.162,11825.5,353.071,1,2,3,4,5,0
110,15,184.485,252.202,3.53545,2.6399,701.588,157.018,-19.5327,-2.96991,38289.9,384.97,1,2,3,4,5,0
110,16,184.013,252.005,3.97274,2.80904,696.14,127.466,-10.6505,5.98351,44660.9,391.402,1,2,3,4,5,0
110,17,185.006,254.312,2.94702,2.41884,570.013,141.032,-10.0534,1.64053,27739.1,308.612,1,2,3,4,5,0
110,18,185.999,256.62,1.92131,2.02864,443.886,154.599,-9.45636,-2.70245,10817.4,225.822,1,2,3,4,5,0
110,19,186.95,257.877,1.98762,2.2523,405.57,163.269,-8.22317,-2.42206,11298.5,232.071,1,2,3,4,5,0
110,20,187.643,258.153,1.99108,2.00811,446.068,163.659,-6.81367,-1.87693,11146.6,235.852,1,2,3,4,5,0
110,21,187.393,258.965,1.80499,2.34225,311.656,186.87,7.19563,-4.43052,10997.5,250.793,1,2,3,4,5,0
110,22,188.427,259.95,2.02157,2.59967,354.544,192.819,9.4239,-14.1427,13698.5,278.426,1,2,3,4,5,0
110,23,190.026,257.64,2.56732,2.54922,493.788,152.375,3.94899,-12.2031,19547.3,281.071,1,2,3,4,5,0
110,24,191.757,255.854,1.92335,3.34493,415.355,207.791,0.795515,-14.0422,16756.3,319.361,1,2,3,4,5,0
110,25,190.095,254.864,1.96197,2.7044,407.039,212.78,7.12159,-9.95175,13480.7,297.476,1,2,3,4,5,0
110,26,188.433,253.875,2.00058,2.06387,398.722,217.77,13.4477,-5.86131,10205,275.592,1,2,3,4,5,0
110,27,188.262,255.012,2.73889,2.51362,500.131,146.81,3.54566,-7.56805,20666.6,271.84,1,2,3,4,5,0
110,28,188.524,256.472,2.58527,1.81075,570.768,157.235,-4.27962,-6.77324,16401.3,260.053,1,2,3,4,5,0
110,29,187.79,259.668,1.88232,1.5191,298.628,233.309,-3.12877,-1.11528,5366.5,259.337,1,2,3,4,5,0
110,30,189.607,259.233,2.31366,2.15855,303.748,204.607,-7.80098,3.90508,9160.86,263.172,1,2,3,4,5,0
110,31,189.371,257.053,2.97634,2.19955,402.283,131.878,-1.60967,3.48044,15718.2,223.882,1,2,3,4,5,0
110,32,190.72,256.718,2.69928,2.31712,376.314,115.042,-6.41707,3.99903,14835,206.728,1,2,3,4,5,0
110,33,192.144,257.22,2.37741,2.36578,435.059,167.975,4.82183,-5.41274,15036.7,264.391,1,2,3,4,5,0
110,34,193.162,256.054,1.67521,1.66898,440.13,253.607,22.8954,-2.01409,7727.67,295.32,1,2,3,4,5,0
110,35,196.592,257.739,3.84381,3.27476,544.725,228.524,22.8769,-5.0807,35983.6,450.592,1,2,3,4,5,0
110,36,195.979,255.77,2.86063,2.55856,501.533,293.501,25.3167,14.2275,20746,404.965,1,2,3,4,5,0
110,37,195.311,254.902,3.07524,2.94102,731.547,204.098,21.9328,0.344367,37573.3,439.142,1,2,3,4,5,0
110,38,195.236,254.9,2.80591,2.70554,587.481,299.233,29.3174,3.50994,25015.6,446.728,1,2,3,4,5,0
110,39,197.943,257.73,1.49881,1.44709,487.063,420.561,2.46256,2.28709,6770.02,450.828,1,2,3,4,5,0
110,40,191.27,253.721,2.48383,3.22974,396.724,175.962,15.8952,9.68933,18467.2,293.521,,,,,,0
111,14,107.008,111.759,3.23669,3.8465,252.379,39.696,1.41105,-2.47917,16321.3,145.68,1,1,2,2,3,0
111,15,106.449,112.142,2.9535,3.0761,247.137,61.1549,2.02638,-0.674777,12842.7,142.574,1,1,2,2,3,0
111,16,105.89,112.524,2.67031,2.3057,241.896,82.6138,2.64172,1.12962,9364.16,139.467,1,1,2,2,3,0
111,17,106.264,112.317,1.95463,2.49303,279.301,93.1098,-2.42682,0.984947,8394.95,143.799,1,1,2,2,2,0
111,18,106.196,112.225,1.73595,2.04576,218.424,124.013,1.38796,-1.83771,4855.75,148.592,1,1,2,2,3,0
111,19,106.549,111.912,1.72999,2.14691,274.655,122.859,3.27149,-1.13462,6422.55,156.098,1,1,2,2,3,0
111,20,106.902,111.598,1.72403,2.24807,330.885,121.705,5.15501,-0.43153,7989.35,163.604,1,1,2,2,3,0
111,21,106.801,110.818,1.81137,2.91532,297.591,117.539,3.14582,1.8555,9253.74,172.74,1,1,2,2,5,0
111,22,106.13,111.045,1.64027,3.47053,250.031,124.486,5.07857,4.58385,8203.45,174.047,1,2,3,4,5,0
111,23,107.552,114.38,2.34765,3.44404,325.174,92.4868,-4.8248,-1.20594,15560.4,184.533,1,2,3,4,5,0
111,24,107.983,112.534,2.08672,3.67968,264.564,89.2405,1.2868,-6.09715,13399.8,174.053,1,2,3,4,5,0
111,25,107.446,109.262,1.54284,2.20178,396.637,134.101,6.87508,10.2638,8411.82,179.722,1,2,3,4,5,0
111,26,108.514,110.205,3.35896,3.05645,325.412,92.9461,3.66215,0.802214,17956.2,198.728,1,2,3,4,5,0
111,27,106.954,110.566,2.39484,2.28595,280.686,126.355,11.5544,-1.92225,10599.4,190.967,1,2,3,4,5,0
111,28,105.393,110.926,1.43073,1.51545,235.96,159.763,19.4467,-4.64672,3242.53,183.207,1,2,3,4,5,0
111,29,107.549,110.867,1.49251,1.10005,533.306,169.556,15.071,-11.0464,5291.09,199.254,1,2,3,4,5,0
111,30,108.251,108.725,2.56529,3.42201,439.574,102.363,6.94095,-4.99591,21897.8,232.29,1,2,2,3,4,0
111,31,108.481,108.214,2.90908,3.06144,561.823,47.2421,-2.15439,0.705922,30662.7,237.272,1,2,2,3,4,0
111,32,108.371,108.036,3.34947,3.07546,492.663,62.123,0.565383,3.17404,30386.7,252.26,1,2,2,3,4,0
111,33,107.424,108.527,2.40402,2.1502,371.222,163.187,12.6187,-5.96859,11955.4,236.775,1,2,2,3,4,0
111,34,106.953,109.915,2.31154,1.90409,262.306,149.835,12.0101,-14.5511,7179.02,191.645,1,1,2,3,4,0
111,35,107.303,110.04,2.21589,2.12309,267.34,138.456,7.00113,-14.8911,7775.94,182.669,1,1,2,3,1,0
111,36,107.653,110.165,2.12025,2.34209,272.375,127.076,1.99217,-15.231,8372.86,173.692,1,1,2,3,1,0
111,37,107.518,110.008,1.85304,1.73733,282.209,154.474,3.46374,-12.2184,5697.98,178.805,1,2,2,3,4,0
111,38,108.663,110.199,2.25626,1.73742,326.923,144.044,2.92023,-7.13277,8217.28,184.71,1,2,3,3,4,0
111,39,109.809,110.391,2.65948,1.73751,371.637,133.615,2.37673,-2.0471,10736.6,190.615,1,2,3,4,5,0
111,40,107.937,109.201,1.85021,2.33426,333.913,108.624,1.27179,-2.38999,8965.43,159.686,1,2,2,3,4,0
111,41,107.832,108.234,1.89479,1.74571,340.028,114.534,-3.22059,1.78904,7057.96,151.438,1,1,2,3,4,0
111,42,108.296,108.494,1.97389,1.6685,354.974,106.47,-5.38207,3.34244,8174.88,150.178,1,1,2,3,4,0
111,43,108.073,109.143,1.72867,2.25656,320.228,124.958,-3.13962,2.22577,7786.83,171.036,1,1,2,3,4,0
111,44,107.989,109.002,1.70025,2.46833,329.509,105.424,-0.756652,-0.205587,8561.02,162.13,1,2,2,3,4,0
111,45,108.178,110.294,2.07728,2.25671,245.644,126.038,0.680735,1.05055,7152.41,170.84,1,2,2,3,4,0
111,46,107.618,110.719,3.09255,1.90948,243.792,164.322,7.0437,-1.47562,8551.42,221.781,1,2,2,3,4,0
111,47,108.775,109.771,3.28624,1.97845,288.405,156.296,2.79918,-1.22455,11122.8,226.63,1,2,2,3,4,0
111,48,109.931,108.824,3.47993,2.04743,333.019,148.27,-1.44534,-0.97347,13694.1,231.479,1,2,2,3,4,0
111,49,109.845,109.608,3.31893,2.26933,301.202,139.472,0.727975,-0.0816097,13087.8,218.654,1,2,2,3,4,0
111,50,109.758,110.392,3.15793,2.49123,269.384,130.674,2.90129,0.81025,12481.6,205.828,1,2,2,3,4,0
111,51,108.607,110.124,1.94814,1.92221,246.477,164.903,6.2566,0.0444038,4833.97,196.568,,,,,,0
112,14,190.195,214.232,1.62444,1.84181,269.477,84.7921,0.266072,1.86514,5080.7,113.965,1,1,1,2,2,0
112,15,190.635,214.68,1.23211,1.61756,769.317,86.8355,-3.1154,1.58509,9549.59,143.148,1,1,1,2,2,0
112,16,190.7,214.803,1.45489,1.97256,480.792,68.0973,-2.9769,2.76597,8650.18,118.189,1,1,1,2,2,0
112,17,190.909,214.279,1.37712,1.9993,440.59,68.5931,0.932301,-0.0890961,7601.76,117.225,1,1,1,2,2,0
112,18,190.781,214.442,1.37123,1.64941,476.819,80.296,-2.77811,2.0674,6773.6,123.308,1,1,1,2,2,0
112,19,190.371,215.131,1.69138,1.52576,469.763,68.3838,-2.25365,0.626673,7613.23,113.189,1,1,1,2,2,0
112,20,190.438,214.959,2.11865,1.45942,312.872,70.8596,0.026822,1.82582,6047.17,106.598,1,1,1,2,2,0
112,21,190.817,214.566,1.64342,1.81864,325.78,87.3858,1.31053,0.117949,6109.51,124.598,1,1,1,1,1,0
112,22,190.636,214.604,1.32663,1.7828,737.876,111.388,3.74665,1.21806,10249.2,170.237,1,1,1,1,1,0
112,23,190.352,214.856,1.37915,2.03429,482.939,75.7262,2.33794,-0.620005,8487.89,121.775,1,1,1,1,1,0
112,24,190.595,214.651,1.5409,1.89113,429.234,73.1574,-2.23436,-1.71128,7845.77,116.722,1,1,1,1,1,0
112,25,191.067,214.747,1.96128,1.95088,420.817,70.9979,-4.27499,-1.37531,10075.9,133.041,1,1,1,1,1,0
112,26,190.88,214.78,1.32613,1.92509,449.338,109.214,-8.05013,-6.13764,7200.75,148.917,1,1,1,2,2,0
112,27,190.391,214.486,1.22853,1.30493,680.76,95.9652,-1.19275,-0.910603,6857.16,133.675,1,1,1,2,2,0
112,28,190.482,214.528,1.54427,1.31664,711.433,77.9093,-0.747613,-0.342698,8914.46,130.408,1,1,2,3,4,0
112,29,189.586,214.983,1.70512,2.0688,271.627,59.5274,-0.144744,-0.73215,5997.45,94.8876,,,,,,0
113,14,286.564,138.441,2.39637,2.50415,295.002,78.066,6.62734,-2.47272,10828.8,142.367,1,2,3,4,5,0
113,15,288.791,135.851,1.85772,1.84864,280.813,124.599,0.165368,3.16482,6046,155.757,1,2,3,4,5,0
113,16,289.349,134.247,1.96441,2.28894,310.647,110.812,2.60442,8.80296,8680.42,160.148,1,2,3,4,5,0
113,17,289.265,132.514,2.0905,1.84228,320.096,98.6841,6.26052,6.97482,7703.61,145.231,1,2,3,4,5,0
113,18,288.886,131.026,2.50457,2.73173,313.619,73.7648,4.38765,6.29524,13567.6,157.746,1,2,3,4,5,0
113,19,289.184,131.369,2.40482,2.28289,335.357,93.8398,0.92948,-0.547906,11496.7,164.751,1,2,3,4,5,0
113,20,287.856,130.352,1.91844,2.68277,238.027,85.1088,3.44399,-0.625484,7487.47,130.166,1,2,3,4,5,0
113,21,286.075,128.533,1.26981,1.9059,391.337,100.326,-0.338089,-3.32186,5988.58,130.84,1,2,3,4,5,0
113,22,284.738,127.366,1.99325,2.04906,472.297,74.9067,-2.27679,-0.766316,12564.8,149.675,1,2,3,4,5,0
113,23,284.101,125.56,2.02353,2.67615,316.33,62.1714,1.67558,1.07332,10186.6,124.089,1,2,3,4,5,0
113,24,284.258,123.298,1.25064,1.73618,304.608,113.866,6.36609,1.54428,4178.51,130.639,1,2,3,4,5,0
113,25,287.824,122.445,1.68426,2.38698,257.881,86.4463,-2.58839,1.74234,6333.9,120.988,1,2,3,4,5,0
113,26,287.415,122.791,2.10028,2.39296,260.976,83.6765,-1.76883,-1.24626,8034.15,129.024,1,2,3,4,5,0
113,27,287.005,123.137,2.5163,2.39893,264.07,80.9066,-0.949271,-4.23485,9734.41,137.059,1,2,3,4,5,0
113,28,285.744,122.313,2.10574,1.56554,371.491,108.58,-0.936552,3.981,7678.63,154.959,1,2,3,4,5,0
113,29,286.008,120.028,2.02294,2.08368,315.924,91.2613,0.311913,2.93731,7873.79,136.503,1,2,3,4,5,0
113,30,286.271,117.743,1.94014,2.60181,260.357,73.9431,1.56038,1.89362,8068.95,118.047,1,2,3,4,5,0
113,31,286.537,118.205,1.82573,2.30407,370.707,87.4353,3.11052,-2.04434,9698.52,145.118,1,2,3,4,5,0
113,32,286.184,119.039,1.31842,1.95559,374.851,115.341,2.93466,-1.0253,6061.97,150.012,1,2,3,4,5,0
113,33,285.635,119.378,1.27729,2.82793,281.968,127.949,-3.74463,8.08707,6181.96,170.45,1,2,3,4,5,0
113,34,283.7,120.199,1.67827,3.41621,259.752,117.492,-1.22277,5.41345,8479.22,174.778,1,2,3,4,5,0
113,35,281.765,121.019,2.07925,4.00448,237.536,107.035,1.29909,2.73983,10776.5,179.107,1,2,3,4,5,0
113,36,280.837,119.102,1.62311,2.18006,280.919,93.2731,-2.82281,3.75619,6210.06,136.379,,,,,,0
114,14,408.628,471.725,2.54282,1.71353,296.209,135.499,13.0863,-10.2206,8472.33,185.805,1,2,2,3,4,0
114,15,408.381,471.246,2.10332,1.67911,444.117,124.338,3.72503,-4.42857,9806.51,185.03,1,2,2,3,4,0
114,16,408.355,472.39,2.55328,1.74023,292.881,118.422,-0.141813,-1.93644,8018.32,166.462,1,2,2,3,4,0
114,17,407.488,473.312,2.62499,1.90973,343.136,90.5093,3.99423,1.20365,10533.2,152.509,1,2,2,3,4,0
114,18,407.787,473.345,2.29585,2.29798,358.916,81.4646,3.42974,4.18161,12474,157.036,1,2,2,3,4,0
114,19,407.671,473.808,1.75088,2.10021,382.875,91.7849,2.14853,4.52549,8804.78,148.107,1,2,2,3,4,0
114,20,406.603,474.997,1.8414,2.14766,351.864,85.3142,5.39956,6.45945,8692.2,136.385,1,2,2,3,4,0
114,21,405.626,475.784,1.37148,1.36286,428.248,108.06,7.12076,2.81823,5029.64,135.473,1,2,2,3,4,0
114,22,405.128,475.765,1.67166,1.03975,521.197,94.6035,6.27855,4.38232,5690.52,133.213,1,2,3,4,5,0
114,23,406.188,476.06,1.47637,1.12766,391.51,109.857,8.04382,7.87669,4097.86,140.586,1,2,3,4,5,0
114,24,406.928,473.648,1.62581,1.43127,372.864,108.83,5.00066,5.15033,5472.19,145.056,1,2,3,4,5,0
114,25,407.668,471.237,1.77525,1.73488,354.219,107.802,1.9575,2.42396,6846.52,149.527,1,2,3,4,5,0
114,26,409.525,469.063,0.925778,0.851458,569.828,118.44,5.22262,1.49862,2854.06,133.941,1,2,3,4,5,0
114,27,409.332,465.222,2.56764,2.55414,229.899,60.2321,3.01611,-3.51984,9433.3,118.592,1,2,3,4,5,0
114,28,408.532,463.975,1.97245,1.88776,308.553,57.1842,-1.01604,0.732223,7390.39,97.9941,1,2,3,4,5,0
114,29,408.252,464.365,1.88356,1.95005,244.119,66.3329,-2.44064,-0.779122,5613.46,101.225,1,2,3,4,5,0
114,30,407.683,465.275,1.99655,2.09988,217.637,71.423,-0.126866,1.4312,5693.5,101.207,1,2,3,4,5,0
114,31,408.376,467.121,2.65438,2.79167,260.362,60.4257,3.15979,-0.169458,11623.9,131.615,1,2,3,4,5,0
114,32,409.544,466.644,1.47573,2.16069,397.865,100.471,-1.26971,-5.17141,7925.62,142.456,1,2,3,3,4,0
114,33,409.768,465.244,1.71376,2.21419,301.847,84.0669,-1.76509,-3.61543,7146.26,121.308,1,2,2,3,4,0
114,34,410.036,464.718,1.95292,2.12812,233.754,78.106,3.14921,-4.73456,6063.56,113.899,1,2,2,3,4,0
114,35,410.722,463.973,2.20795,1.96234,316.836,79.8599,3.57755,-2.29162,8551.76,131.036,,,,,,0
115,14,419.088,504.9,1.84177,1.73616,1238.92,122.492,6.43636,-3.95434,24855.1,272.994,1,1,1,1,1,0
115,15,419.059,504.615,1.77357,1.57717,1464.25,130.579,6.80715,1.96347,25714.7,290.071,1,1,1,1,1,0
115,16,419.085,504.563,1.65519,1.57884,1543.3,189.162,9.08387,2.90716,24224.9,338.438,1,1,1,1,1,0
115,17,419.271,504.731,1.59913,1.50074,1508.48,171.192,9.77841,-7.24373,22261.6,305.503,1,1,1,1,1,0
115,18,419.282,504.7,1.58023,1.49736,1454.19,174.703,6.8701,-12.8095,21439.5,304.793,1,1,1,1,1,0
115,19,419.336,504.698,1.65016,1.61649,1464.83,158.311,6.04719,-8.28985,24536.5,312.314,1,1,1,1,1,0
115,20,419.226,504.791,1.63759,1.67116,1437.98,146.317,9.97156,-8.43065,24862.5,302.284,1,1,1,1,1,0
115,21,419.322,504.554,1.64611,1.58032,1397.67,177.284,11.7471,-10.895,22309,313.308,1,1,1,1,1,0
115,22,419.315,504.642,1.74573,1.68197,1339.93,161.783,8.02013,-13.2015,24100.2,307.367,1,1,1,1,1,0
115,23,419.022,504.51,1.57145,1.76029,1497.97,173.72,6.73758,-8.42927,25141,326.609,1,1,1,1,1,0
115,24,419.105,504.429,1.53104,1.60107,1511.71,182.414,7.9112,-12.4951,23276.7,318.544,1,1,1,1,1,0
115,25,419.125,504.516,1.55193,1.64235,1518.1,178.491,3.91298,-6.13636,24301.1,320.402,1,1,1,1,1,0
115,26,419.236,504.745,1.57795,1.65035,1585.27,172.531,0.221579,-4.67942,25928.7,325.917,1,1,1,1,1,0
115,27,419.141,504.791,1.45149,1.65333,1621.48,161.512,0.0221468,-8.77458,24442.1,302.041,1,1,1,1,1,0
115,28,419.156,504.676,1.60798,1.81681,1365.1,134.967,3.03218,-6.62089,25028.5,279.148,1,1,1,1,1,0
115,29,419.198,504.624,1.74304,1.74193,1414.44,140.674,2.11067,-7.64392,26952.3,298.527,1,1,1,1,1,0
115,30,419.331,504.821,1.63865,1.70245,1520.09,152.825,0.244729,-12.5754,26827.6,310.503,1,1,1,1,1,0
115,31,419.197,504.84,1.66779,1.73184,1361.2,159.88,1.58751,-9.34243,24684.2,303.13,1,1,1,1,1,0
115,32,419.059,504.748,1.74211,1.81575,1299.93,126.561,3.57843,-4.56363,25800,279.68,,,,,,0
116,15,148.742,470.217,2.28059,3.3854,245.53,89.6687,1.17564,0.67257,10883,156.065,1,2,3,4,5,0
116,16,146.097,473.275,1.58235,2.03008,744.151,144.742,3.72924,-2.61993,14971.3,226.231,1,2,3,4,5,0
116,17,145.109,473.515,2.13249,2.19406,993.059,96.7622,-0.143047,-2.51556,28855.5,269.45,1,2,3,4,5,0
116,18,144.934,472.404,1.96285,2.14521,1270.92,96.2788,2.00211,-5.72583,33710.7,300.716,1,1,1,1,1,0
116,19,144.948,472.228,1.85477,2.01012,1226.09,108.864,-1.22866,-1.37312,28612.9,277.609,1,1,1,1,1,0
116,20,144.94,472.247,1.87186,1.89108,1389.11,120.3,-1.08554,-2.84728,30814.2,301.911,1,1,1,1,1,0
116,21,145.236,472.281,2.00728,2.33846,1205.94,76.0054,-3.19792,-4.01588,36252.7,291.746,1,1,1,1,1,0
116,22,145.118,472.308,1.94783,2.35157,1147.76,93.7482,2.63684,-2.48853,32264.7,282.669,1,1,1,1,2,0
116,23,145.204,472.993,2.07923,1.86971,1112.99,77.4619,1.83144,-1.6842,36393,299.982,1,1,1,1,2,0
116,24,145.254,472.33,2.02034,2.22504,1263.33,91.5966,-1.33575,-3.37777,35324.5,299.769,1,1,1,1,1,0
116,25,145.297,472.233,1.74772,2.08983,1370.34,97.1074,-3.22422,-1.7513,31304,279.408,1,1,1,1,1,0
116,26,145.201,472.189,1.80734,2.1709,1306.56,85.4561,-2.5869,0.418342,32006.7,272.704,1,1,1,1,1,0
116,27,145.268,472.385,1.9324,2.2862,1258.67,80.7078,-4.41619,-6.93898,34556.3,288.491,1,1,1,1,1,0
116,28,145.121,472.419,1.84691,2.10513,1229.76,106.721,-4.8205,-6.21551,29644.1,281.917,1,1,1,1,1,0
116,29,144.72,471.985,1.82642,2.00134,1270.61,105.234,-2.60305,-4.90023,29081.1,276.882,1,1,1,1,1,0
116,30,144.751,471.786,2.05541,2.1245,1080.04,99.2227,-3.15636,0.223011,29060.4,269.663,1,1,1,1,1,0
116,31,144.801,471.886,1.78947,2.01619,1266.47,129.571,-6.59316,1.13685,28879.6,297.243,1,1,1,1,1,0
116,32,144.632,471.884,1.98787,2.10386,1303.23,103.472,-2.28708,1.28927,33919.7,306.834,1,1,1,1,1,0
116,33,144.577,472.052,2.08513,2.07891,1250.78,82.8425,-4.97324,-6.47409,34298.3,288.426,1,1,1,1,1,0
116,34,144.641,472.017,2.27842,2.15392,1155.88,68.324,-0.86285,-6.01787,35627.3,283.734,1,1,1,1,1,0
116,35,144.996,472.244,1.92675,2.23843,1189.6,106.159,-2.31783,-4.45711,31951.8,298.166,1,1,1,1,1,0
116,36,145.075,472.415,1.7522,2.02794,1455.18,118.247,0.129673,-5.74016,32361.6,309.828,1,1,1,1,1,0
116,37,145.172,472.306,1.82093,2.01077,1406.93,100.925,-2.91019,-3.48032,32821.3,294.935,1,1,1,2,3,0
116,38,144.655,472.088,1.90658,2.25366,796.914,93.6161,-2.24276,-1.91321,21320.3,221.373,1,1,2,2,3,0
116,39,144.103,471.802,1.89347,2.24351,832.681,94.9266,-3.59532,0.555882,22034.3,225.923,1,1,2,2,3,0
116,40,143.52,471.819,1.82037,2.00514,995.755,96.1933,-2.92147,1.10146,22749.5,236.704,1,1,2,2,3,0
116,41,143.056,472.077,1.91341,2.15487,791.478,89.629,-4.38306,-2.36161,20371.1,208.13,1,1,2,2,3,0
116,42,142.439,472.553,2.19579,2.22979,757.119,74.1877,-1.00832,0.229131,22965.4,210.373,1,1,2,2,3,0
116,43,142.459,473.054,1.80673,1.90438,525.37,92.1762,-1.71986,-0.250863,11328.9,156.089,1,1,1,2,2,0
116,44,142.348,473.017,2.02301,2.16026,366.501,88.1029,-1.47033,-0.221001,10064.9,146.911,,,,,,0
117,15,147.078,411.016,3.19701,2.74906,255.269,115.95,-4.85321,-2.19357,12671.4,188.089,1,2,3,4,5,0
117,16,146.552,413.316,2.66932,2.39253,293.142,111.025,-5.81428,-2.55517,10833.3,174.965,1,2,3,4,5,0
117,17,146.027,415.615,2.14164,2.036,331.016,106.1,-6.77535,-2.91678,8995.22,161.84,1,1,2,2,5,0
117,18,146.786,415.569,2.21299,2.36307,400.671,88.7272,-2.83699,-3.22239,12924.7,171.929,1,1,1,2,2,0
117,19,146.227,415.643,1.95131,2.33,362.217,85.1002,-2.07312,-4.82527,10220.1,147.645,1,1,1,2,2,0
117,20,146.329,415.355,2.07322,2.61324,293.03,78.7071,-1.19245,-1.12682,9810,138.018,1,1,1,1,1,0
117,21,146.737,415.561,2.13674,2.71765,320.788,79.8577,-2.00336,-6.34684,11316.1,147.308,1,1,1,1,1,0
117,22,146.395,415.736,2.13593,2.05755,326.207,98.0291,3.42452,-7.37661,8928.64,147.97,1,1,1,1,1,0
117,23,146.356,415.657,1.90979,1.81569,400.649,81.049,3.88121,-1.78818,9245.5,134.331,1,1,1,1,1,0
117,24,146.362,415.42,2.10574,1.96549,368.159,68.4964,2.14945,0.746273,9816.83,126.071,1,1,1,1,1,0
117,25,146.218,415.707,1.71596,2.11435,282.722,80.8374,1.69973,2.06072,6412.88,120.201,1,1,1,2,2,0
117,26,146.588,415.942,1.58695,2.27601,277.635,81.0722,-2.80748,2.54214,6249.83,115.716,1,1,2,2,3,0
117,27,146.752,415.426,1.69467,1.80357,303.771,102.02,-3.33375,4.55096,6031.66,136.598,1,1,2,2,3,0
117,28,145.797,415.64,2.38193,2.07476,281.369,108.039,0.73957,7.55618,8606.85,158.704,1,1,1,2,3,0
117,29,146.131,415.909,2.20347,2.45971,352.478,72.2017,1.13546,4.16538,11761.7,141.361,1,1,1,2,2,0
117,30,146.541,415.649,2.27032,1.9247,355.725,73.1814,1.78761,6.05584,9663.23,133.29,1,1,1,1,1,0
117,31,146.608,415.916,1.94333,2.80027,309.385,102.824,0.682241,3.67018,10225.4,160.284,1,1,1,1,1,0
117,32,146.448,416.012,1.70833,2.43292,436.735,108.043,1.90192,4.76955,11250.5,175.266,1,1,1,1,1,0
117,33,146.637,416.149,1.60569,2.34285,493.545,86.5696,0.185201,1.5997,11546.5,157.225,1,1,1,1,1,0
117,34,146.743,416.201,2.02964,2.37865,345.897,80.736,-2.99684,0.761726,10104.9,141.556,1,1,1,1,2,0
117,35,146.458,415.633,2.13328,2.4555,299.678,72.5674,1.55579,5.96208,9726.57,129.296,1,1,1,1,2,0
117,36,146.73,415.396,2.83157,2.02301,342.559,59.2849,2.23183,1.98524,11871.6,135.633,1,1,1,1,2,0
117,37,146.313,415.245,2.81344,2.09699,291.925,68.4882,2.51664,3.78908,10888.2,138.207,1,1,1,1,2,0
117,38,146.711,415.429,2.27867,2.20067,314.604,83.3076,0.133209,4.95378,9987.16,142.935,1,1,1,1,2,0
117,39,147.257,415.27,1.9681,2.03439,326.607,98.1012,-0.518149,2.62484,7650.21,143.663,1,1,1,1,1,0
117,40,146.835,415.267,2.13058,2.40674,301.306,74.317,2.19422,1.7671,9554.19,130.32,1,1,1,1,1,0
117,41,146.812,415.263,1.81264,2.20119,359.745,79.6791,1.31243,3.96928,9427.12,135.444,1,1,1,1,1,0
117,42,146.8,415.195,1.92056,2.28684,388.387,85.219,-1.57816,5.13115,10609.9,146.876,,,,,,0
118,15,158.593,442.685,1.72737,1.98272,546.27,140.062,-3.0513,-18.2459,12566.1,234.254,1,1,2,3,4,0
118,16,159.201,443.142,1.87482,1.98972,620.354,152.764,-1.47092,-15.9254,14487.1,228.189,1,1,2,3,4,0
118,17,159.981,443.594,2.05264,2.34231,539.718,128.617,-1.58512,-16.3408,15737.1,225.379,1,1,2,3,4,0
118,18,160.738,443.977,2.06793,2.26472,633.224,97.3706,-1.46713,-11.0143,18424.8,222.633,1,1,2,2,3,0
118,19,161.181,443.672,1.55351,1.84422,469.028,167.666,-13.9677,-20.1614,7589.68,218.568,1,1,2,2,3,0
118,20,160.636,443.535,1.79722,1.93807,387.073,166.248,-11.9723,-20.0091,8141.37,219.024,1,1,2,2,3,0
118,21,160.079,443.797,1.92194,2.48884,383.191,142.536,-6.06819,-19.2356,11313.8,220.698,1,1,1,2,2,0
118,22,160.19,443.976,1.85518,2.42386,414.141,149.271,-4.24683,-17.8012,11576.4,237.089,1,1,1,2,2,0
118,23,160.186,443.57,1.8629,3.06579,402.172,168.092,-7.67298,-17.7613,13781.2,263.888,1,1,1,2,2,0
118,24,160.316,443.846,1.78585,2.87236,429.54,152.695,-6.90378,-11.3589,13366,243.923,1,1,1,2,2,0
118,25,160.14,444.197,1.64094,2.14522,551.115,158.938,-9.87,-0.894158,12126.6,230.213,1,1,1,2,3,0
118,26,159.971,443.918,1.82918,1.9359,557.153,191.346,-15.4939,8.82539,12363.7,263.621,1,1,2,2,3,0
118,27,159.194,444.577,2.01974,2.50899,433.756,140.45,-2.10505,0.730555,13021,215.349,1,1,2,2,3,0
118,28,159.222,444.639,2.0892,1.78315,472.941,124.009,-0.771104,-1.98914,11017.5,187.609,1,1,2,2,3,0
118,29,159.22,444.172,1.93351,1.95109,466.726,116.998,0.54496,-4.98538,11021.2,178.426,1,1,2,2,3,0
118,30,158.986,444.113,2.01084,2.54834,454.741,111.357,1.77698,-7.94392,14342.3,191.781,1,1,2,2,3,0
118,31,158.079,444.469,1.97795,2.64287,573.416,94.7758,3.69495,-3.2337,18583.8,209.142,1,1,2,2,3,0
118,32,158.394,444.679,2.18066,2.58218,483.183,95.2889,-0.286817,-2.11195,16641.9,200.544,1,1,2,2,3,0
118,33,159.125,444.551,1.84022,2.55323,471.382,105.083,-2.22339,-2.16644,13626.3,188.645,1,1,2,2,3,0
118,34,159.34,444.285,2.16144,2.64531,510.013,79.3223,0.333264,-6.20622,17937.4,190.296,1,1,2,3,4,0
118,35,159.404,443.704,2.29317,2.53914,561.537,94.9458,1.08994,-5.44187,19981.2,221.325,1,1,2,3,4,0
118,36,160,442.982,1.73981,2.2954,903.657,178.036,4.46948,-11.8847,22473.3,322.716,1,1,2,3,4,0
118,37,159.828,443.215,1.73707,2.20853,852.074,195.785,3.3894,-14.3214,20398.2,307.089,1,2,2,3,4,0
118,38,159.11,444.255,2.26315,2.04709,628.979,119.823,-1.96333,-6.61808,18109.9,223.923,1,1,2,3,4,0
118,39,158.326,444.548,1.93067,2.18462,608.216,93.8817,3.10698,-0.155117,15980.1,189.349,1,1,1,1,1,0
118,40,158.31,444.418,2.22321,2.48512,573.339,68.1368,-3.18374,0.872079,18908.7,186.172,1,1,1,1,1,0
118,41,158.074,444.557,2.08865,2.14126,574.01,94.0466,-2.55287,-1.87142,15979.3,184.959,1,1,1,1,1,0
118,42,158.069,444.606,1.89677,1.94894,581.698,110.399,1.76433,-3.1857,13461.7,183.592,1,1,1,1,1,0
118,43,158.664,444.644,1.82293,2.09292,394.968,118.526,0.0182517,-3.69219,8666.69,165.734,1,1,1,1,1,0
118,44,158.87,444.673,1.97074,2.07325,451.828,81.9255,0.0449722,-4.85454,11529.6,153.917,1,1,1,2,2,0
118,45,158.791,444.224,1.77265,1.94954,716.375,84.7678,-2.32847,-3.05596,15513.9,179.189,1,1,1,2,2,0
118,46,158.362,444.549,2.18555,2.21655,551.153,91.2405,-0.574514,-2.75073,16963.1,193.16,1,1,1,2,2,0
118,47,158.474,444.208,2.03485,2.16084,462.316,129.502,-1.78254,-1.90843,12657.8,202.651,1,1,1,2,2,0
118,48,158.572,444.404,1.74231,2.27284,533.437,114.642,-5.46747,-3.44833,13147.1,190.722,1,1,2,2,2,0
118,49,158.086,444.946,1.75196,2.50424,552.051,112.118,-0.275919,-8.17293,14968.5,199.84,1,1,2,2,3,0
118,50,157.572,444.47,2.47501,2.40668,528.855,45.7803,0.120542,-2.73461,20194.2,169.314,1,1,1,2,2,0
118,51,158.004,444.106,1.98433,1.95787,484.603,76.7676,-1.26123,-1.64673,11779.5,142.858,1,1,1,1,1,0
118,52,158.003,444.086,2.27859,2.05272,458.006,83.6859,0.370613,-1.5852,13310.6,160.379,1,1,1,1,1,0
118,53,158.345,444.408,1.76175,2.02596,501.147,108.932,-0.157057,-2.68416,11193.3,168.568,1,1,1,1,1,0
118,54,158.609,444.488,1.58244,2.19098,534.163,98.7971,0.0387119,-1.63511,11553,167.527,1,1,1,1,1,0
118,55,158.529,444.938,1.8051,2.03887,564.564,100.258,0.942653,-2.58874,12974.1,177.231,1,1,1,1,1,0
118,56,158.131,444.691,1.87233,2.19237,485.809,85.6809,-3.31238,-5.92824,12899,161.68,1,1,1,1,1,0
118,57,157.88,444.635,2.01937,2.2846,471.341,82.9702,0.354125,-6.63051,14225.1,168.231,1,1,1,1,1,0
118,58,157.886,444.613,1.7616,1.88717,595.253,80.4192,1.15257,-3.32891,12406.5,155.675,1,1,1,1,1,0
118,59,157.887,444.28,1.75598,1.77882,652.37,98.021,1.50761,-2.54112,12787,168.142,1,1,1,1,1,0
118,60,157.655,444.304,2.07256,2.26885,582.696,85.3004,1.9095,-1.44951,17122.7,185.734,1,1,1,1,1,0
118,61,157.585,444.446,1.9741,2.1346,600.959,90.1627,-2.00732,-2.75284,15782.8,183.071,1,1,1,1,1,0
118,62,157.394,444.299,2.20173,2.34579,470.568,88.1808,-0.476069,2.9314,15414.3,183.213,1,1,1,1,1,0
118,63,157.353,444.12,2.02343,2.36633,501.461,79.6526,1.04111,4.2462,14893.4,170.846,1,1,1,1,1,0
118,64,157.726,444.299,2.00875,2.10635,571.05,94.402,2.91609,-1.88393,15072.2,182.586,1,1,1,1,1,0
118,65,158.365,444.166,2.26589,2.01397,540.879,96.2167,-1.80329,-1.97848,15336.8,184.101,1,1,1,1,1,0
118,66,158.62,444.209,1.95301,2.27718,620.692,99.6192,-4.22898,-0.505785,17163.2,198.68,1,1,1,1,1,0
118,67,158.578,444.237,2.00924,2.35811,527.028,105.441,-3.78215,-3.40202,15472.2,194.822,1,1,1,1,1,0
118,68,158.397,444.519,2.11392,2.11437,471.257,94.9353,-4.00812,-6.24603,12847.7,169.876,1,1,1,1,1,0
118,69,158.296,444.829,2.04914,2.13536,571.76,96.1409,-5.85971,-6.7818,15591.9,192.385,1,1,1,1,1,0
118,70,158.355,444.59,2.0755,2.47105,478.545,91.3804,-3.93733,-4.92905,14702.1,179.45,1,1,2,2,3,0
118,71,158.732,444.217,1.86542,2.32359,512.472,87.2343,-0.0212985,-2.24827,13718.7,168.278,1,1,2,2,3,0
118,72,159.64,443.988,2.03086,2.50629,456.475,81.5704,-4.02324,0.691659,14318.2,162.225,1,1,2,2,3,0
118,73,159.998,444.172,2.13078,2.52257,486.133,74.5362,-4.18418,0.635224,16067.8,169.893,1,1,2,2,3,0
118,74,159.949,444.037,1.94812,2.56509,408.763,98.4431,2.25334,1.84949,12572.4,176.396,1,1,2,2,3,0
118,75,159.696,444.451,1.61807,2.22417,444.675,132.776,0.87509,0.597885,9342.7,189.994,1,1,2,2,3,0
118,76,158.992,444.574,1.67898,2.13207,458.762,137.928,-3.96085,2.05685,10260.4,196.373,1,1,2,2,3,0
118,77,159.709,444.86,1.9806,1.82975,400.245,133,-6.84011,-0.793982,9082.9,189.29,1,1,2,2,3,0
118,78,160.345,444.382,1.94158,1.72978,636.859,105.573,-0.413832,1.31008,13936,191.03,1,1,1,1,1,0
118,79,160.391,444.406,1.72511,1.60638,581.669,112.196,0.253705,2.3757,10678.9,173.716,1,1,1,1,1,0
118,80,160.56,444.421,1.72579,1.65533,478.337,144.09,-4.28367,2.83654,8577.55,192.189,1,1,1,1,1,0
118,81,160.746,444.146,1.97229,1.50755,406.812,154.298,1.62322,5.42446,7582.66,200.846,,,,,,0
119,16,275.908,113.942,2.30793,3.90863,525.391,69.4888,-5.34613,-7.13695,27027.3,246.976,1,2,3,4,5,0
119,17,275.711,114.243,1.98975,3.59184,672.514,89.348,-5.44979,-9.46067,27242.3,252.864,1,2,3,4,5,0
119,18,275.751,112.668,1.94315,3.34954,607.045,99.6229,-1.13577,-9.18942,22642.8,233.328,1,2,3,4,5,0
119,19,275.792,111.092,1.89654,3.10724,541.576,109.898,3.17826,-8.91817,18043.3,213.793,1,2,3,4,5,0
119,20,276.753,108.171,2.30864,2.28538,377.805,126.86,2.31898,-11.9739,12306.2,197.219,1,2,3,4,5,0
119,21,280.678,107.161,2.36472,1.81295,372.783,140.456,-3.17798,-7.80709,9919.68,196.58,1,2,3,4,5,0
119,22,282.304,108.466,2.18481,2.45474,748.166,90.6461,1.40713,-5.40791,24667.3,236.479,1,2,3,4,5,0
119,23,282.24,107.617,2.05633,1.90409,607.781,178.297,-15.4773,-3.33119,9899.88,231.905,1,2,3,4,5,0
119,24,279.387,107.023,1.80989,1.70407,327.547,144.616,2.45279,-17.2546,6338.71,176.793,1,2,3,4,5,0
119,25,277.515,105.076,2.36252,2.44784,397.099,152.539,-3.42379,-16.3985,14280.1,230.053,1,2,3,4,5,0
119,26,276.908,104.805,1.95926,1.95547,794.232,186.109,-5.16689,-17.5409,19042.5,293.704,1,2,3,4,5,0
119,27,277.928,103.676,2.21339,2.19451,760.78,159.89,-5.1614,-12.2517,23171.6,298.959,1,2,3,4,5,0
119,28,278.193,103.372,2.12918,2.04572,1162.86,193.406,9.11249,-14.7117,30603.4,365.112,1,2,3,4,5,0
119,29,277.513,103.879,2.19716,2.42322,850.002,164.146,8.2235,-21.0963,27818.7,337.479,1,2,3,4,5,0
119,30,275.406,102.827,2.06067,2.26231,395.59,198.781,15.3555,-12.1639,11325.5,270.343,1,2,3,4,5,0
119,31,274.478,100.465,2.23808,2.43535,653.655,161.394,10.877,-5.51142,21873.8,294.408,1,2,3,4,5,0
119,32,274.307,100.352,2.34586,2.4544,605.948,150.312,16.2485,-7.89648,21367.5,281.704,1,2,3,4,5,0
119,33,275.57,101.743,2.39151,2.53838,339.993,174.311,15.7111,-10.82,12273.9,246.751,1,2,3,4,5,0
119,34,277.138,103.738,1.75867,2.45628,339.857,170.293,7.02664,-13.1929,9226.79,225.337,1,2,3,4,5,0
119,35,276.006,102.222,2.28919,2.6025,212.529,146.504,7.31514,-9.3839,7730.32,196.438,1,2,3,4,5,0
119,36,275.701,101.708,2.23442,2.05198,517.245,129.737,7.34629,-9.38779,14893.4,215.917,1,2,3,4,5,0
119,37,277.475,102.618,2.84542,2.57729,471.813,121.018,-0.192585,-11.2838,20515.8,256.515,1,2,3,4,5,0
119,38,278.205,103.381,2.28317,2.23005,611.221,172.412,4.81455,-9.45396,19245.8,280.343,1,2,3,4,5,0
119,39,277.956,103.991,2.68031,3.15819,689.942,102.912,9.17854,-18.7099,33781.8,316.704,1,2,3,4,5,0
119,40,276.917,103.882,2.80743,2.06485,569.143,192.952,12.6357,-11.2198,18637.9,299.006,1,2,3,4,5,0
119,41,276.267,101.603,4.15369,3.34404,350.969,80.2226,2.16593,2.07877,24528.4,245.278,1,2,3,4,5,0
119,42,273.506,98.9865,3.40225,2.80519,439.651,99.5957,4.36082,1.76353,21920.1,242.417,1,2,3,4,5,0
119,43,270.746,96.3695,2.65081,2.26634,528.333,118.969,6.55572,1.44829,19311.8,239.556,1,2,3,4,5,0
119,44,269.946,96.2296,2.29173,2.57652,480.205,116.531,6.5943,-1.54775,16875.1,218.893,1,2,3,4,5,0
119,45,270.301,96.9713,1.90216,2.39833,472.732,102.456,6.01055,0.0144949,13541.2,183.012,1,2,3,4,5,0
119,46,271.573,98.7172,1.49719,1.73052,572.285,150.069,9.19304,0.229176,8715.83,197.396,1,2,3,4,5,0
119,47,272.1,98.8678,1.9768,2.32046,387.937,161.683,11.2813,13.088,11097.4,229.32,1,2,3,3,4,0
119,48,272.222,98.1624,1.95484,2.13585,376.336,151.367,10.2489,10.8455,9846.06,214.124,1,2,3,4,5,0
119,49,272.826,97.7193,2.4457,2.66882,564.895,130.763,5.89223,8.33227,22130.7,262.373,1,2,3,4,5,0
119,50,271.161,95.2798,1.98987,1.90485,310.516,121.486,0.709084,-6.49788,7365.66,171.763,1,2,3,4,5,0
119,51,268.576,89.9737,2.19851,1.61906,374.97,117.7,-4.66741,0.41719,8327.46,167.29,1,2,3,4,5,0
119,52,267.247,88.878,2.12473,2.09397,541.241,132.141,-11.1226,-0.194747,15002.2,219.586,1,2,3,4,5,0
119,53,267.524,89.9475,2.49429,2.05242,535.467,133.187,-9.80605,-3.04673,16718.9,231.967,1,2,2,3,4,0
119,54,267.801,91.0171,2.86385,2.01088,529.694,134.233,-8.48948,-5.89871,18435.5,244.349,1,2,2,3,4,0
119,55,267.844,90.8395,3.15208,2.50743,604.917,83.9993,-9.79033,-12.5827,28587.5,266.272,1,2,2,3,4,0
119,56,267.724,89.6018,2.08435,2.30095,521.538,144.534,-7.09213,1.84107,14991.5,235.195,1,2,2,3,4,0
119,57,267.577,89.7124,1.69812,1.98992,566.547,172.076,-8.30036,7.44152,10261.4,231.947,1,2,3,4,5,0
119,58,267.616,91.6675,1.69533,1.72589,892.084,192.227,-9.56684,6.76366,14821,276.959,1,2,3,4,5,0
119,59,267.952,94.765,2.78181,2.68626,333.747,127.233,-4.28916,-2.1225,15251.7,223.876,1,2,3,4,5,0
119,60,270.612,96.7114,1.84293,2.80309,286.393,111.849,-4.5999,-4.55614,8984.28,161.148,1,2,3,4,5,0
119,61,270.833,95.7349,2.33091,2.76576,233.25,74.7876,-4.88891,-2.49681,9668.17,135.68,,,,,,0
120,16,335.011,170.179,1.93738,2.39936,301.449,90.8848,-4.92839,1.17472,8683.97,140.249,1,2,3,4,5,0
120,17,335.659,170.259,2.12053,2.24556,339.302,64.8952,-3.5763,0.379442,10027.6,125.722,1,2,3,4,5,0
120,18,336.038,169,2.1991,1.99933,254.919,67.3516,-1.95467,-3.51929,6983.54,110.006,1,2,3,4,5,0
120,19,336.881,166.979,2.07808,1.92413,274.45,95.4371,-2.71293,-6.96527,6862.41,136.988,1,2,3,4,5,0
120,20,334.577,164.716,2.29211,3.24617,230.175,64.1624,2.2625,-2.83874,9834.59,124.544,1,2,3,4,5,0
120,21,334.173,164.209,2.08993,2.22397,301.798,103.915,-0.0828693,-3.01977,8720.33,151.03,1,2,3,4,5,0
120,22,337.877,165.35,1.92283,2.3789,313.71,88.3455,-4.39499,-6.05175,8907.27,136.645,1,2,3,4,5,0
120,23,338.398,166.726,2.02974,2.2173,372.611,91.9043,1.66335,-8.3703,10797.1,153.426,1,2,3,4,5,0
120,24,339.425,167.45,3.09929,2.15605,303.253,85.9995,-1.09911,-10.1667,11977.4,163.189,1,2,3,4,5,0
120,25,339.815,166.902,3.43031,2.09771,397.223,86.4092,0.0736527,0.436512,16291.9,185.479,1,2,3,4,5,0
120,26,337.261,168.057,4.0081,2.16535,313.075,89.7651,1.3169,-4.50575,14704.2,180.142,1,2,3,4,5,0
120,27,338.485,168.778,2.91962,1.9717,289.735,110.885,-2.65519,-8.44999,10022,176,1,2,3,4,5,0
120,28,337.277,167.802,1.59903,1.76124,279.509,115.265,-3.16826,-5.74484,4963.92,139.87,1,2,3,4,5,0
120,29,333.1,165.131,1.882,2.8086,325.152,86.9995,1.39237,-5.37188,10440.7,145.201,1,2,3,4,5,0
120,30,331.961,164.375,1.65429,1.62306,608.112,140.69,-3.14294,-9.42565,7794.74,183.408,1,2,3,4,5,0
120,31,329.935,164.177,2.64285,2.92119,401.696,72.0997,-3.28547,-4.72564,18215.8,185.142,,,,,,0
121,19,110.631,204.423,2.6548,2.40948,248.34,53.0121,2.81051,-1.80681,9606.83,113.805,1,2,3,4,5,0
121,20,112.188,205.177,2.54746,2.61124,461.755,64.4454,3.50304,-3.18959,18551.1,179.888,1,2,3,3,4,0
121,21,112.105,204.267,2.3694,2.48866,590.159,106.897,4.49153,-5.40607,21103.2,232.84,1,2,3,3,4,0
121,22,112.757,205.343,2.07009,1.73972,556.828,215.733,7.80443,8.71144,8976.36,249.036,1,2,3,3,4,0
121,23,112.762,206.222,2.35671,2.45759,519.806,137.474,0.715713,1.57841,19827.7,246.45,1,2,3,4,5,0
121,24,112.92,205.514,1.99519,2.56476,459.896,193.34,11.5041,9.86744,14455.4,273.331,1,2,3,4,5,0
121,25,116.601,205.845,2.32138,2.16797,1536.1,234.631,-19.9624,-14.679,46910.8,503.426,1,2,3,4,5,0
121,26,116.92,205.205,2.26343,2.39236,1300.38,233.944,-22.2131,-10.7155,41644.3,472.053,1,2,3,4,5,0
121,27,117.892,204.475,3.98289,3.5673,883.677,-1.81055,-12.8481,-17.266,63016.7,403.479,1,2,3,4,5,0
121,28,120.327,204.863,1.9095,2.39086,791.382,154.751,-4.73134,-18.0313,23424.8,300.355,1,2,3,4,5,0
121,29,121.017,204.72,1.92209,1.85163,951.43,210.955,7.54097,-17.1422,21745.4,338.994,1,2,3,4,5,0
121,30,119.417,205.842,1.70344,2.73932,718.349,172.929,6.07642,-1.28334,20560.2,294.107,1,2,2,3,4,0
121,31,118.736,205.537,1.88491,2.2254,919.087,146.294,1.12415,-3.90828,24049.6,288.929,1,2,2,3,4,0
121,32,117.924,205.945,1.52751,2.00098,1150.72,170.566,-8.19104,-5.98731,22043.6,298.852,1,2,2,3,4,0
121,33,117.899,205.892,1.77464,2.26363,942.74,153.39,-6.41707,-2.11236,23599.4,291.959,1,2,2,3,4,0
121,34,118.552,206.577,1.93895,2.16876,1016.51,160.455,-0.250744,-8.01361,25595.2,308.462,1,2,3,3,4,0
121,35,119.916,205.947,1.59946,1.9398,623.364,159.449,-4.27912,-11.6852,12121.5,224.598,1,2,3,3,4,0
121,36,121.02,204.901,2.07039,2.26556,762.24,119.33,3.03489,-14.2086,22216.4,255.941,1,2,3,3,4,0
121,37,119.916,204.113,1.74042,2.29121,597.151,107.614,-5.86024,-1.95326,14476.9,192.473,1,2,2,3,4,0
121,38,120.705,203.911,1.43435,1.73541,482.477,106.598,-6.39141,-2.84391,7542.47,145.107,,,,,,0
122,19,253.272,456.458,1.66182,1.33928,509.521,123.582,-1.06533,1.582,7125.76,162.402,1,2,3,4,5,0
122,20,255.437,459.874,2.08547,2.4301,544.006,84.5519,-4.36848,-3.75145,17020.8,188.627,1,2,3,4,5,0
122,21,255.695,459.911,2.05748,2.20563,606.375,95.1763,-1.26305,-2.85402,16646.5,193.639,1,2,3,4,5,0
122,22,254.347,457.681,2.25596,1.89791,489.589,100.57,0.711926,-1.81937,13044.1,176.314,1,2,3,4,5,0
122,23,253.06,455.374,2.2808,2.10293,787.052,71.0042,-0.74115,0.946978,25227,222.018,1,2,3,4,5,0
122,24,252.91,455.752,2.49335,2.47692,486.797,51.4269,1.1641,2.59391,19147.7,169.118,1,2,3,4,5,0
122,25,253.233,456.338,2.26439,2.62559,451.198,85.8325,-0.0705086,-2.06983,16413.1,187.799,1,2,3,4,5,0
122,26,254.266,456.815,1.72808,1.95094,836.202,163.047,-5.06055,-9.5996,15973.4,245.627,1,2,3,4,5,0
122,27,255.325,459.353,2.47151,1.97602,755.861,79.8982,-3.88739,0.184666,22569.4,216.763,1,2,3,4,5,0
122,28,256.414,460.559,2.08712,1.6653,522.464,103.035,0.561976,-0.446384,11081.9,166.462,1,2,3,3,4,0
122,29,257.161,460.956,2.20874,2.06348,369.379,79.7487,-1.6489,1.04834,10476.3,142.03,1,2,2,3,4,0
122,30,257.894,461.578,2.44829,2.55699,376.173,65.0377,-4.48791,0.549757,15428.6,155.722,1,2,2,3,4,0
122,31,256.923,462.203,2.42397,2.10442,250.767,86.1851,1.75894,-6.37328,7905.79,131.527,1,2,2,3,4,0
122,32,257.011,462.208,1.59374,1.70174,307.236,92.0327,2.86832,-7.62899,5236.7,124.485,1,2,3,3,4,0
122,33,258.591,461.829,3.15319,2.97911,334.671,20.8276,-0.0379378,-6.3063,18849.1,138.467,1,2,3,4,4,0
122,34,259.842,462.234,2.09513,2.22885,422.103,80.0832,-4.26224,0.822331,12250.4,150.391,1,2,3,4,5,0
122,35,259.694,462.675,2.18062,2.55529,437.543,79.9975,-3.71489,-2.02037,14936.6,166.538,1,2,3,4,5,0
122,36,257.894,461.261,2.69342,3.06972,338.134,57.8164,3.12039,2.90816,16260.3,154.728,,,,,,0
123,19,265.499,278.117,3.24471,1.46789,272.708,113.146,-8.30374,-2.9728,8367.18,162.124,1,1,1,2,2,0
123,20,266.008,278.402,1.81572,1.40253,379.911,78.6072,-3.48653,-6.40157,6078.82,112.586,1,1,1,1,1,0
123,21,266.033,278.425,1.34238,1.46402,562.192,65.2773,1.09823,-5.13556,6941.71,106.935,1,1,1,1,1,0
123,22,266.34,278.527,1.65219,1.55588,713.15,79.4155,-2.64588,-5.71414,11513.4,149.923,1,1,1,2,2,0
123,23,266.12,278.741,1.74995,1.7176,715.269,102.938,-4.34352,-8.24446,13494.9,185.521,1,1,1,2,2,0
123,24,266.269,278.205,1.78751,1.53884,745.548,105.738,-10.9712,-7.92161,12875.7,180,1,1,1,2,2,0
123,25,265.623,278.324,2.27825,1.52798,366.043,121.982,-9.13108,-2.26384,7937.08,168.26,1,1,1,2,2,0
123,26,265.702,278.312,1.58277,1.46551,323.731,129.271,-11.6197,-2.60676,4722.75,161.728,1,1,1,2,2,0
123,27,266.059,277.951,1.60475,1.90008,345.68,150.609,-16.0147,1.03336,6626.64,179.527,1,1,1,2,2,0
123,28,266.236,278.578,1.69662,1.93653,676.382,122.258,-4.27636,-4.70397,13867.7,200.84,1,1,1,1,1,0
123,29,266.33,278.805,1.52469,1.65471,1202.26,131.566,2.32503,-5.19739,19051.6,243.124,1,1,1,1,1,0
123,30,266.139,278.563,1.59574,1.7671,1102.84,169.615,-3.69191,-7.402,19317.3,278.225,1,1,1,1,1,0
123,31,266.512,278.659,1.6491,1.7906,718.176,137.921,-13.3688,-3.81889,13428.2,218.42,1,1,1,1,1,0
123,32,266.565,278.535,1.43985,1.74411,642.232,143.826,-19.1496,-2.54337,10126.2,200.467,1,1,1,1,1,0
123,33,266.461,278.39,1.55328,1.40157,707.492,138.921,-18.7777,1.90482,9676.19,202.615,1,1,1,1,1,0
123,34,266.598,278.361,1.54854,1.47506,596.743,132.108,-11.6631,4.44752,8713.31,187.195,1,1,1,1,1,0
123,35,266.248,278.56,1.77734,1.97684,470.677,105.327,-5.02179,-3.94382,10355.1,166.16,1,1,1,1,2,0
123,36,265.569,278.33,2.21255,1.80991,415.049,120.229,-0.956604,-5.7072,10008.9,177.154,1,1,1,1,1,0
123,37,266.088,278.39,1.97134,1.69217,512.868,113.495,-9.4399,-3.26866,10721.9,177.041,1,1,1,1,1,0
123,38,266.338,278.192,1.85607,1.47045,752.067,86.2397,-2.56101,2.17054,12879.8,162.089,1,1,1,1,1,0
123,39,266.32,278.343,1.79644,1.72198,800.483,124.708,-0.388826,2.17068,15844.2,212.533,1,1,1,1,1,0
123,40,266.093,278.49,2.07298,1.92831,655.543,104.721,1.64471,2.53813,17064.2,205.627,1,1,1,1,1,0
123,41,266.03,278.354,1.82695,1.79231,629.407,132.029,2.47072,11.1704,12827.4,210.361,1,1,1,1,1,0
123,42,266.135,278.321,1.53605,1.59042,787.379,155.925,5.59016,11.8215,11403.1,222.296,1,1,1,1,1,0
123,43,266.314,278.524,1.5318,1.64077,970.06,102.555,0.378993,6.37459,15796,197.254,1,1,1,1,1,0
123,44,266.311,278.453,1.77265,1.47569,893.084,98.8693,0.849698,4.90809,15444.1,187.568,1,1,1,1,1,0
123,45,266.377,278.633,1.6873,1.57259,568.66,87.4407,1.24427,6.55037,9425.47,144.047,1,1,1,1,1,0
123,46,266.475,278.465,1.30383,1.55377,560.501,85.29,5.77258,9.93119,7201.83,131.639,,,,,,0
124,20,74.2324,141.94,1.52503,2.78221,390.126,190.217,3.71391,11.5765,10236.5,242.355,1,2,3,4,5,0
124,21,75.6156,138.963,2.15569,1.95626,460.637,158.427,-2.1531,6.64507,12126.4,223.041,1,2,3,4,5,0
124,22,73.7895,138.286,2.71883,2.59967,366.118,118.975,-4.62167,6.60726,15489.7,220.426,1,2,3,4,5,0
124,23,72.9656,137.386,2.04598,2.23712,541.489,148.777,-4.32331,14.4711,15518.2,243.799,1,2,3,4,5,0
124,24,72.7404,137.898,2.04909,2.57487,489.713,127.804,-0.293079,10.0154,15870.8,219.355,1,2,3,4,5,0
124,25,71.4036,138.078,1.76584,2.12544,488.039,149.756,6.41918,13.8175,12466.9,229.396,1,2,3,4,5,0
124,26,71.8165,138.492,2.44199,3.28156,289.688,123.748,3.15108,2.09094,15061,229.882,1,2,3,4,5,0
124,27,69.7831,133.567,1.83423,2.12335,443.99,117.101,3.43822,-0.0114927,10797.8,176.527,1,2,3,4,5,0
124,28,68.4238,133.228,1.93943,2.35977,419.483,103.064,3.27163,1.4135,11905.9,172.87,1,2,3,4,5,0
124,29,69.1425,135.017,2.44941,2.76554,284.866,78.1692,6.93356,5.40929,11965.2,154.456,1,2,3,4,5,0
124,30,69.8951,136.259,2.37224,2.65094,300.205,119.299,12.7033,12.2033,11583.4,193.462,1,2,3,4,5,0
124,31,70.6476,137.502,2.29507,2.53634,315.543,160.429,18.473,18.9972,11201.6,232.467,1,2,3,4,5,0
124,32,71.2632,135.974,1.90021,1.85002,235.89,148.453,10.5292,6.95049,5197,185.254,1,2,3,4,5,0
124,33,74.8509,134.884,2.26175,2.70927,327.078,131.942,7.09266,7.69027,14288.7,220.476,1,2,3,4,5,0
124,34,78.4387,133.794,2.62328,3.56852,418.266,115.431,3.65613,8.43005,23380.5,255.698,1,2,3,4,5,0
124,35,79.7443,134.781,2.46424,3.12332,391.818,155.764,-1.80107,14.3694,18551.7,264.648,1,2,3,4,5,0
124,36,81.0499,135.768,2.30521,2.67812,365.371,196.098,-7.25827,20.3088,13722.8,273.598,1,2,3,4,5,0
124,37,80.3969,133.352,2.11934,2.47351,375.339,151.988,-6.40665,9.97904,12170.2,222.45,1,2,3,4,5,0
124,38,79.744,130.937,1.93348,2.2689,385.307,107.878,-5.55502,-0.350713,10617.5,171.302,1,2,3,4,5,0
124,39,78.6379,128.862,2.18081,2.62171,344.668,87.3062,-0.828122,6.29052,12041,157.621,1,2,3,4,5,0
124,40,78.8794,127.284,1.90034,2.10226,409.094,115.428,-2.901,-2.67621,10210.4,173.314,1,2,3,4,5,0
124,41,78.9984,125.756,1.65912,1.81081,417.182,173.193,-5.10964,-13.5471,7867.13,221.746,,,,,,0
125,20,89.6636,152.212,1.56012,2.02986,509.413,139.007,6.54956,-19.5058,10108.4,191.225,1,2,3,4,5,0
125,21,88.9813,153.214,1.57051,1.59368,673.46,124.472,4.87988,-13.1732,10588.3,181.314,1,2,3,4,5,0
125,22,87.9602,155.71,1.89271,1.69011,296.642,101.193,-4.0622,-3.70502,5951.95,136.195,1,2,3,4,5,0
125,23,88.7469,159.876,2.08128,2.66596,295.075,86.59,-3.7521,1.20969,10004.2,146.367,1,2,3,4,5,0
125,24,87.0231,160.81,2.80005,2.28826,273.172,75.2781,-0.157456,2.90059,10564.2,143.793,1,2,3,4,5,0
125,25,85.1727,162.249,2.49956,2.09847,256.591,82.0713,-0.498301,1.00241,8421.1,134.302,1,2,3,4,5,0
125,26,83.3223,163.687,2.19906,1.90868,240.009,88.8645,-0.839146,-0.895767,6277.97,124.811,1,2,3,4,5,0
125,27,82.3809,161.521,2.21246,2.22249,251.73,79.209,0.559299,-1.60357,7690.58,123.66,1,2,3,4,5,0
125,28,81.4394,159.354,2.22585,2.53631,263.451,69.5536,1.95774,-2.31138,9103.19,122.509,1,2,3,4,5,0
125,29,81.1789,158.225,1.85439,2.07109,277.538,103.991,5.42376,-6.25504,6665.64,143.568,1,2,3,4,5,0
125,30,79.3864,155.175,2.29876,1.36277,360.118,107.884,-2.92319,-7.29706,7034.8,148,1,2,3,4,5,0
125,31,78.9855,154.194,2.18832,1.89826,439.983,106.6,-2.63791,-2.55842,11401.8,169.136,1,2,3,4,5,0
125,32,79.5292,155.697,1.91345,1.98386,320.351,105.823,-1.21161,0.0614284,7232.87,148.467,1,2,3,4,5,0
125,33,78.9064,157.305,1.95348,1.31853,254.04,103.619,-0.617604,1.53012,4104.46,121.941,1,2,3,4,5,0
125,34,77.721,158.661,3.28365,3.12416,250.935,34.5313,2.47032,0.106701,14249,125.692,,,,,,0
126,20,392.116,405.856,1.77307,2.46235,299.513,68.1379,1.72794,1.17961,8093.54,117.976,1,1,2,3,4,0
126,21,391.597,406.251,1.77443,1.69459,252.072,85.7622,1.59914,-0.426272,4291.11,107.905,1,1,2,3,4,0
126,22,391.929,406.741,1.95496,2.08461,274.409,82.7734,0.579953,-2.03906,6800.62,124.74,1,1,2,3,4,0
126,23,392.542,406.117,2.17734,2.41752,274.219,68.3981,-1.51838,-1.28468,8547.12,123.213,1,1,2,3,4,0
126,24,393.037,405.935,2.41247,2.33461,211.795,64.5147,-3.09678,2.39909,7331.86,108.556,1,2,2,3,4,0
126,25,391.678,406.897,2.20597,1.86532,237.984,73.8051,-0.5167,-1.20529,6105.01,114.391,1,2,2,3,4,0
126,26,391.779,406.314,1.64254,1.59814,320.113,96.7524,-4.22843,-3.16985,5277.58,129.941,1,2,2,3,4,0
126,27,391.641,405.65,1.91352,1.26149,466.431,100.594,2.85906,0.0976966,6229.77,135.213,1,2,2,3,4,0
126,28,391.99,406.643,2.06664,1.91761,423.566,71.438,1.89204,-3.54423,10613.6,135.178,1,1,2,3,4,0
126,29,392.61,406.989,1.58525,1.59539,441.826,90.7841,-0.219098,-2.72873,7019.92,131.964,1,1,2,2,3,0
126,30,392.667,406.676,1.60052,1.90468,404.623,89.0156,0.768996,-3.98794,7735.8,136.479,1,1,2,2,3,0
126,31,392.036,406.522,1.50416,2.00146,412.505,76.0768,-0.273433,-3.667,7981.78,120.663,1,1,2,2,3,0
126,32,391.849,406.108,1.46311,1.87404,328.232,60.7075,-1.35649,-0.318517,5647.71,95.6095,1,1,2,2,3,0
126,33,392.261,406.217,1.83352,1.91979,261.051,68.8812,0.424555,-2.53226,5757.88,101.491,1,1,2,2,3,0
126,34,392.926,406.67,1.61808,1.72186,286.234,77.4132,-3.18542,-1.99771,5007.47,105.065,1,1,2,2,3,0
126,35,392.434,407.142,1.29628,1.95489,377.778,76.8974,-0.909163,0.494476,6003.13,110.805,1,1,2,2,3,0
126,36,392.085,406.787,1.58743,1.79091,465.675,71.43,-3.12578,0.844729,8311.07,118.308,1,1,1,2,3,0
126,37,391.673,406.476,1.49217,1.56163,529.721,77.0664,-0.5494,1.52854,7754.06,120.172,1,1,1,2,1,0
126,38,391.95,406.859,1.73851,1.66814,325.495,64.1909,-1.10773,-2.76394,5926.74,102.337,1,1,1,1,1,0
126,39,392.005,406.703,1.6158,1.70361,296.192,80.5891,-0.897764,-2.40714,4706.38,110.444,1,1,1,1,1,0
126,40,392.003,406.352,1.77597,1.70906,409.367,83.7225,1.20627,-1.49975,7798.53,128.053,1,1,1,1,1,0
126,41,392.153,406.223,2.02366,1.43402,296.903,73.3671,-0.973054,-1.99879,5398.55,104.734,1,1,1,1,1,0
126,42,392.247,405.991,1.62817,1.5285,275.198,76.9645,-0.516744,-1.36853,4302.52,100.479,1,1,1,1,1,0
126,43,391.905,405.999,1.23368,1.80869,311.234,65.5237,0.948309,-5.36972,4360.24,94.426,1,1,1,1,1,0
126,44,392.362,406.209,1.5463,1.52937,391.024,66.3347,1.75088,-3.61873,5809.12,98.1006,1,1,1,1,1,0
126,45,392.284,406.368,1.60298,1.50241,514.814,81.864,1.34357,-0.817757,7788.18,122.58,1,1,1,1,1,0
126,46,391.996,406.398,1.66796,1.86631,414.138,79.4682,3.19451,-0.300786,8319.38,126.13,1,1,1,1,1,0
126,47,392.011,406.42,1.44445,1.73684,413.314,88.8676,1.33265,3.68439,6517.1,123.331,1,1,1,1,1,0
126,48,391.953,406.127,1.77753,1.82223,267.204,80.5988,2.1493,1.82763,5430.66,107.834,1,1,1,1,1,0
126,49,391.813,406.125,2.63339,2.1175,265.875,68.6623,0.593399,-1.09469,9068.97,120.751,1,1,1,1,1,0
126,50,392.149,406.227,1.77783,2.09466,326.9,63.3942,-2.69993,-1.26336,7612.98,110.42,1,1,1,1,1,0
126,51,391.971,406.361,1.94276,1.68306,241.222,56.8589,1.34163,-2.14989,4944.95,89.5976,,,,,,0
127,20,490.358,380.001,1.80334,1.77921,270.833,93.8062,2.05749,-3.69407,5451.39,120.929,1,2,3,4,5,0
127,21,487.348,381.067,1.88669,1.56193,344.198,94.1577,1.32577,-3.9571,6362.61,127.574,1,2,3,4,5,0
127,22,485.855,377.777,2.10925,1.87002,322.999,97.0304,0.805571,-4.02993,7791.5,141.308,1,2,3,4,5,0
127,23,484.361,374.487,2.33181,2.1781,301.799,99.9031,0.285371,-4.10276,9220.39,155.041,1,2,3,4,5,0
127,24,483.358,371.949,3.48451,2.85232,265.75,35.2104,1.07622,-0.93438,15267,131.959,1,2,3,4,5,0
127,25,482.694,370.251,2.86229,2.67811,282.868,56.2984,1.25148,0.469079,12804.8,139.183,1,2,3,4,5,0
127,26,481.268,370.416,2.6523,2.1658,331.66,74.1383,-0.409094,-1.77823,11617.8,143.751,1,2,3,4,5,0
127,27,480.107,371.542,2.8726,2.21211,320.824,66.0627,-5.07317,0.806138,13360.6,148.882,1,2,3,4,5,0
127,28,482.482,370.658,2.73018,2.40407,325.485,53.8342,0.253121,0.0712972,13753.7,140.893,1,2,3,4,5,0
127,29,484.857,369.774,2.58776,2.59603,330.146,41.6057,5.57942,-0.663544,14146.9,132.905,1,2,3,4,5,0
127,30,486.284,368.333,2.28575,2.81853,367.546,66.0415,2.95492,-2.92137,14255.1,151.964,1,2,3,4,5,0
127,31,485.269,365.007,2.26294,2.43277,231.228,83.0452,0.149841,-2.54121,7839.92,130.408,1,2,3,4,5,0
127,32,484.912,362.572,1.7344,2.24797,366.671,103.966,1.14439,-1.63031,8902.84,152.574,1,2,3,4,5,0
127,33,486.199,362.512,2.18289,2.304,401.086,96.5659,5.83003,-3.94407,12472.8,168.621,1,2,3,4,5,0
127,34,487.71,362.191,1.91381,2.12094,468.979,104.641,0.638108,2.80504,11887.1,167.645,1,2,3,4,5,0
127,35,488.226,363.172,1.93718,2.19662,461.538,98.4824,0.731621,-2.2509,12242.7,169.686,1,2,3,4,5,0
127,36,487.861,363.228,2.7464,2.64289,337.671,66.199,-6.11402,-0.986156,14906.3,156.503,1,2,3,4,5,0
127,37,487.153,361.314,2.80528,2.66302,248.622,82.2991,-3.83203,2.85815,10563.6,146.414,1,2,3,4,5,0
127,38,487.615,360.62,2.67733,2.11748,376.294,73.0921,0.0907005,1.05434,12996.1,154.704,,,,,,0
128,21,182.296,268.606,3.73379,2.13212,607.428,220.856,-25.5272,-5.66985,27899.6,388.296,1,2,2,3,4,0
128,22,183.653,268.149,1.84781,2.05406,540.87,283.275,-23.0444,8.82954,12840.8,351.846,1,1,2,3,1,0
128,23,183.741,268.144,1.77423,2.10908,649.355,257.216,-22.0444,10.58,15193.1,342.787,1,1,2,3,1,0
128,24,183.75,268.323,2.008,2.20282,682.356,228.038,-26.2963,12.0229,18788.1,331.308,1,2,2,3,4,0
128,25,182.326,269.286,3.15496,2.18363,703.898,187.983,-18.1104,-13.8706,29519.1,358.349,1,2,2,3,4,0
128,26,181.4,268.687,3.86172,2.37982,815.577,92.873,-1.98413,-15.8799,49118.2,392.467,1,2,2,3,4,0
128,27,182.487,268.423,3.65989,2.30926,752.577,129.497,-15.1411,-9.76831,37391.8,359.746,1,1,2,3,4,0
128,28,183.238,268.616,2.51479,2.08496,946.478,166.467,-17.9167,-8.2153,30071.4,342.367,1,1,2,3,4,0
128,29,183.426,268.827,2.45635,2.2625,817.072,181.074,-11.516,-16.3479,27877.1,345.669,1,1,2,3,4,0
128,30,183.746,269.254,2.04328,2.63109,711.483,212.366,-11.5233,-6.49451,22917.5,349.041,1,1,2,3,4,0
128,31,183.667,269.518,2.45115,2.69455,554.888,152.737,-10.9499,3.73049,22441.4,289.343,1,2,2,3,4,0
128,32,183.699,268.358,1.6517,2.0638,564.423,198.151,-10.4067,9.1832,12039.3,278.669,1,2,2,3,4,0
128,33,183.99,268.597,1.86598,2.34233,642.114,185.813,-10.3883,2.22301,17014.7,296.976,1,2,2,3,4,0
128,34,184.456,269.84,1.98062,3.3789,557.342,129.02,-13.5341,3.24887,22678.9,265.609,1,2,2,3,4,0
128,35,184.462,268.675,1.89947,1.87572,489.081,171.796,-16.6118,2.33288,10912.5,238.219,1,1,2,3,4,0
128,36,183.843,268.417,2.11571,2.07453,605.941,137.696,-5.91617,-3.0954,16568.7,238.456,1,1,2,2,4,0
128,37,184.127,267.889,1.91942,1.95,664.298,117.293,-1.48139,1.38075,15567.6,206.556,1,1,2,2,2,0
128,38,183.785,267.817,2.1754,2.16015,609.476,101.552,1.16397,1.89637,17800.5,210.74,1,1,2,2,2,0
128,39,183.594,268.218,2.337,2.24622,583.79,104.259,-0.874663,0.260661,18907.1,217.722,1,1,2,2,2,0
128,40,183.327,268.255,2.35762,2.2074,612.976,135.573,-2.23092,-5.17094,19693.2,250.828,1,1,2,2,3,0
128,41,183.637,268.646,1.9418,2.07476,602.046,168.539,-2.10079,-13.8492,14883.9,255.172,1,1,2,2,3,0
128,42,184.075,268.204,1.74754,1.88504,507.144,170.509,1.98748,-3.29541,10477.2,236.734,1,1,2,2,3,0
128,43,184.205,269.199,1.77491,2.75759,434.988,165.065,-0.000911504,-3.77366,12984.3,250.385,1,1,1,2,3,0
128,44,183.853,269.217,1.73834,2.23571,527.311,185.893,0.682573,3.50285,12779.3,266.467,1,1,1,2,2,0
128,45,183.672,268.958,2.1807,2.13607,628.258,130.431,0.886321,1.50682,19430,247.604,1,1,1,2,2,0
128,46,183.816,269.015,2.16377,2.33589,574.302,161.97,1.3794,4.63808,18770.5,283.438,1,1,1,2,2,0
128,47,184.328,269.415,1.75713,3.03149,556.276,183.898,1.45208,8.66693,17699.5,293.13,1,1,1,2,2,0
128,48,184.325,269.14,1.66428,2.64552,557.733,200.431,5.24968,7.35259,15077.9,299.024,1,1,1,2,2,0
128,49,184.127,269.047,2.04202,2.73222,540.985,158.935,6.02857,5.09139,18393.6,279.42,1,1,2,2,3,0
128,50,183.82,268.356,2.1781,1.67978,591.539,169.146,3.46033,9.05883,13269.1,253.964,1,1,2,2,3,0
128,51,183.401,268.663,2.01881,2.17933,494.676,148.952,-0.178613,2.94433,14587.8,238.308,1,1,1,2,3,0
128,52,183.489,269.364,2.01998,2.79043,403.858,174.319,5.02969,-3.45469,14201.2,258.763,1,1,1,1,1,0
128,53,183.812,269.235,1.86294,2.06496,497.081,178.69,1.13585,-5.51113,11958,245.325,1,1,1,1,1,0
128,54,183.778,269.102,2.13079,2.36193,484.426,126.707,1.35548,-1.5321,15085.4,223.686,1,1,1,1,1,0
128,55,183.821,269.129,1.88166,2.51179,549.919,145.22,0.259384,4.05156,16043,253.325,1,1,1,1,1,0
128,56,183.639,269.026,1.66691,1.91213,568.716,184.671,-1.69124,-0.458167,10807.4,246.047,1,1,1,1,1,0
128,57,183.854,268.937,1.7408,1.99007,561.43,183.424,-1.64214,-7.93108,12186.1,259.172,1,1,1,1,1,0
128,58,183.866,268.666,2.11256,2.87644,539.672,144.851,7.29929,-17.8248,20134.9,270.095,1,2,2,3,4,0
128,59,183.782,269.754,2.35821,3.04258,497.956,101.053,17.0913,-27.4011,23532.1,260.509,1,2,2,3,4,0
128,60,184.402,268.768,1.89859,3.00799,517.502,168.291,-1.93527,-14.3218,17689.5,279.763,1,1,2,3,4,0
128,61,184.453,268.273,1.68613,3.02994,520.229,190.505,1.39546,-17.6812,15897.8,274.32,1,1,2,3,4,0
128,62,184.143,268.806,1.82441,2.12111,620.794,189.744,5.45266,-18.5517,14887.3,279.598,1,1,1,1,1,0
128,63,183.956,269.12,1.9908,2.1439,620.536,152.084,2.08521,-11.9082,16522.5,253.704,1,1,1,1,1,0
128,64,183.714,269.084,1.71331,2.12506,574.792,194.392,8.02058,-9.42172,13085.2,275.154,1,1,1,1,1,0
128,65,183.784,269.204,1.64482,1.88274,617.694,196.246,-9.40821,4.12747,14113.7,274.521,1,1,1,1,1,0
128,66,183.274,269.258,2.05136,2.19751,542.371,178.773,3.29234,2.89716,15214.1,272.538,1,1,1,1,1,0
128,67,183.427,268.93,2.23824,2.15349,575.665,130.128,0.675037,9.97312,18660,243.627,1,1,1,1,1,0
128,68,183.509,268.972,2.02978,1.9444,554.79,138.338,1.01678,-3.39915,13427,220.45,1,1,1,1,1,0
128,69,183.483,268.901,1.79686,1.95028,604.394,163.829,-1.87287,-1.47779,13054.4,240.716,1,1,1,1,1,0
128,70,183.481,269.462,1.74453,1.79325,625.917,185.795,1.44633,-9.80208,11346.5,248.97,1,1,1,1,1,0
128,71,183.864,269.267,2.19063,2.15632,536.366,146.732,-1.8881,-3.72393,16119.5,242.686,1,1,1,1,1,0
128,72,183.924,268.912,1.86129,2.12228,655.182,126.804,-3.81599,-1.94382,16575.8,228.16,1,1,1,1,1,0
128,73,183.68,268.974,1.79838,1.84533,717.927,108.339,-1.71081,-4.57938,14941.8,202.586,1,1,1,1,1,0
128,74,183.69,268.732,1.84904,1.92132,691.428,93.0385,-2.77248,-0.205004,15388.2,186.249,1,1,1,1,1,0
128,75,183.844,268.856,1.76095,2.03321,726.549,109.42,-4.70015,1.99217,16286.9,204.645,1,1,1,1,1,0
128,76,183.746,269.227,1.76921,1.98834,825.531,119.402,-2.10775,-3.71287,18189.8,231.722,1,1,1,1,1,0
128,77,183.875,269.105,1.93038,1.81207,675.121,110.538,-4.43696,0.69486,14800.6,199.006,1,1,1,1,1,0
128,78,183.744,268.741,2.29135,1.91296,434.935,102.747,-2.9123,0.88048,11502.9,170.811,,,,,,0
129,21,258.906,107.652,2.5009,1.53697,456.101,85.3261,0.0254471,-5.49615,10840.3,146.32,1,1,2,2,3,0
129,22,259.327,107.43,2.46099,2.01339,451.026,76.8423,4.26176,-2.84985,14109.9,163.254,1,1,2,2,3,0
129,23,259.189,107.834,1.62104,1.7823,320.763,122.239,-2.51768,-7.19214,5817.87,153.438,1,1,2,2,3,0
129,24,258.4,108.06,2.26416,1.28362,328.333,123.045,-7.09745,-5.25321,6038.1,156.959,1,1,2,2,3,0
129,25,258.951,107.858,1.62955,1.57732,524.266,110.843,-7.24793,-7.15313,8464.2,160.355,1,1,2,2,3,0
129,26,259.13,108.1,1.53256,1.95497,720.368,100.952,0.285758,-6.36622,13533.7,177.284,1,1,2,2,3,0
129,27,258.927,107.409,1.65729,1.68872,577.834,109.942,-0.733611,-3.83115,10154.1,171.337,1,1,1,2,2,0
129,28,259.316,107.153,1.70769,1.69329,454.725,100.883,-6.98993,-3.48646,8255.25,150.757,1,1,1,1,1,0
129,29,259.305,107.354,1.42465,1.44247,494.183,111.661,-4.0604,-8.22215,6381.08,147.905,1,1,1,1,1,0
129,30,258.955,107.363,1.73016,1.41855,408.482,128.024,-3.84743,-6.9219,6305.34,163.083,1,1,1,1,1,0
129,31,259.215,107.17,1.67496,1.56696,294.403,126.065,-2.43538,-7.46293,4857.72,156.314,1,1,1,1,1,0
129,32,259.234,107.175,1.59112,1.83455,312.576,92.8101,0.618872,-5.85152,5738.38,128.527,1,1,1,1,1,0
129,33,259.381,107.479,1.47974,1.86472,352.111,91.6992,2.17654,-3.24757,6094.58,128.254,1,1,1,1,1,0
129,34,259.098,107.354,1.14127,1.72088,383.153,87.0389,2.76748,-3.14653,4725.94,115.237,1,1,1,1,1,0
129,35,258.917,107.181,1.29905,1.9064,290.867,75.9011,5.76979,-2.27712,4532.95,101.272,1,1,1,1,1,0
129,36,259.284,107.339,1.46085,1.82679,319.392,71.7903,2.79866,-1.17259,5354.4,106.74,1,1,1,1,1,0
129,37,259.213,107.811,1.44773,1.93421,398.303,88.32,2.55003,-4.58094,6995.23,132.509,,,,,,0
130,21,344.613,154.652,1.84278,1.80752,499.372,173.114,-9.85818,-7.78908,9734.83,237.408,1,1,1,1,1,0
130,22,344.479,154.713,1.87386,1.88865,480.103,195.571,-4.7444,-14.3673,10279.2,263.876,1,1,1,2,1,0
130,23,344.344,154.773,1.90493,1.96977,460.833,218.029,0.369375,-20.9455,10823.5,290.343,1,1,2,2,3,0
130,24,344.961,155.102,1.85173,1.8288,550.946,176.855,-3.30301,-15.8037,11700.6,244.219,1,1,2,2,3,0
130,25,345.088,154.506,2.20626,1.8489,486.739,163.728,0.649593,-9.42093,12037.1,245.438,1,1,2,2,3,0
130,26,345.032,154.754,2.76734,2.04299,513.576,119.072,5.54346,-10.6031,17654.5,239.692,1,1,2,2,3,0
130,27,344.887,155.283,2.11989,1.88941,557.857,145.306,7.1284,-14.1149,13957.6,229.414,1,1,2,2,3,0
130,28,344.545,155.229,2.24174,2.35105,490.89,135.337,5.6887,-22.1164,16498.2,233.13,1,1,2,3,4,0
130,29,343.853,154.211,2.10561,1.77796,583.759,226.8,21.0547,-27.5847,13673.9,298.414,1,1,2,3,4,0
130,30,344.345,154.024,3.34387,1.83019,609.5,199.145,14.3553,-16.2594,22734.4,332.266,1,1,2,2,4,0
130,31,344.18,154.149,3.49857,1.96389,532.918,206.244,18.038,-16.401,20737.4,327.071,1,1,2,3,4,0
130,32,343.877,154.308,1.88673,2.34571,461.067,210.658,19.6688,-20.7498,12445.8,271.178,1,2,2,3,4,0
130,33,344.038,155.569,1.82843,2.29343,443.507,189.742,21.5875,-34.1371,13026.9,275.071,1,1,2,3,4,0
130,34,344.835,155.433,1.76289,1.74439,528.363,206.133,15.6764,-27.749,10195.8,266.497,1,1,2,2,3,0
130,35,344.689,155.714,1.63596,1.76063,516.938,169.718,15.4351,-16.7755,9183.67,227.45,1,1,2,2,3,0
130,36,344.41,155.411,2.00278,1.99991,487.775,161.778,18.7232,-13.6017,11647.2,237.325,1,1,2,2,3,0
130,37,344.541,155.05,1.8569,2.06275,569.532,145.498,8.70003,-9.16172,14831,226.657,1,1,2,2,3,0
130,38,344.498,155.317,1.91203,1.99937,515.231,141.955,11.3421,-10.5627,12316,220.42,1,1,2,2,3,0
130,39,344.603,154.501,2.43823,1.91305,463.972,151.729,10.2546,-8.86666,14607.7,235.633,1,1,2,2,3,0
130,40,344.058,154.716,2.22764,1.62036,559.985,157.038,8.12371,-8.53098,12613.8,236.846,1,1,2,2,3,0
130,41,343.992,154.727,1.85135,1.51469,670.879,149.296,6.70173,-5.51568,11807.4,215.006,1,1,2,2,3,0
130,42,344.562,154.662,1.99682,1.77253,516.406,152.016,-1.09776,-9.80333,12738.6,229.101,1,1,2,2,3,0
130,43,344.858,155.457,1.80186,1.79641,555.308,127.839,-1.67531,-11.4743,11273.6,195.166,1,1,2,2,3,0
130,44,344.754,155.553,1.74455,1.91909,700.736,93.0818,-1.1125,-6.00177,14702.1,184.047,1,1,2,2,3,0
130,45,344.271,156.158,2.30556,2.40407,471.582,80.8439,-2.93114,-6.80421,16696.4,182.426,1,1,2,2,3,0
130,46,343.687,156.787,2.1247,2.18751,443.414,117.8,3.66516,-9.1862,12965.6,195.515,1,1,2,2,3,0
130,47,343.792,156.868,2.02977,1.94426,476.208,171.841,5.60849,-8.85708,11751.1,241.438,1,1,2,2,3,0
130,48,344.277,156.317,2.42459,1.99254,512.737,143.453,3.1234,-4.37922,15627.2,249.947,1,1,2,2,3,0
130,49,343.592,156.381,1.77918,1.58533,707.017,165.698,4.76285,-2.51306,12796.8,239.692,1,1,1,2,3,0
130,50,343.485,156.801,1.83329,1.62749,734.036,159.47,-3.11308,-13.8079,13739.8,248.58,1,1,1,2,1,0
130,51,343.286,156.637,1.87208,1.74594,660.11,145.431,-0.801994,-12.7074,13625,234.169,1,1,1,2,1,0
130,52,343.087,156.472,1.91087,1.86439,586.185,131.392,1.50909,-11.6068,13510.2,219.757,1,1,1,2,1,0
130,53,343.083,156.14,1.66592,1.96997,600.399,151.56,-8.01478,-17.9345,12351.4,222.941,1,1,1,2,2,0
130,54,343.702,156.353,1.57434,1.67228,774.135,153.581,-4.77015,-6.19628,12799.3,227.68,1,1,1,1,1,0
130,55,343.31,156.496,2.5718,2.35346,596.264,79.4894,7.60851,-3.10497,23662.9,224.361,1,1,1,1,1,0
130,56,343.264,156.376,2.55241,2.26438,538.517,83.3444,1.47922,-5.87767,19843.2,203.095,1,1,1,1,1,0
130,57,343.452,156.339,2.25461,2.32142,529.92,81.2375,4.05281,-4.82654,18812.1,192.769,1,1,1,1,1,0
130,58,343.554,156.469,2.08217,2.33411,542.042,108.245,-0.304129,-8.05308,17284.4,212.201,1,1,1,2,3,0
130,59,343.001,155.948,1.79259,2.14037,605.907,117.267,-1.66186,-3.47288,14528.3,214.219,1,1,1,2,3,0
130,60,342.918,156.128,2.41318,2.2812,513.12,88.4265,-0.939809,-4.35595,17387.2,187.959,1,1,2,2,3,0
130,61,343.154,156.403,2.47265,2.04628,535.001,100.759,-0.625212,1.0912,16696.2,195.426,1,1,2,3,4,0
130,62,342.026,156.153,2.07405,1.95801,641.851,120.134,-3.78798,3.9817,16589.7,213.272,1,1,2,2,3,0
130,63,341.43,156.325,2.09191,2.45343,577.338,93.2435,-1.5424,-0.169615,18726.4,206.396,1,1,2,2,3,0
130,64,341.377,156.262,1.91977,2.16457,568.065,116.887,1.54285,-4.24155,14722.1,202.071,1,1,2,2,3,0
130,65,341.531,155.705,2.00716,2.47783,578.24,90.0179,-1.66146,0.0795594,17927.3,200.231,1,1,2,2,3,0
130,66,341.852,155.609,2.21133,2.48046,618.157,76.3028,-8.65272,4.16503,20663.5,204.041,1,1,2,2,3,0
130,67,341.855,155.864,2.2451,2.26818,644.387,97.0404,-7.52292,2.50881,20453.4,219.888,1,1,2,2,4,0
130,68,341.299,156.479,2.65285,2.30795,664.83,65.3469,-6.04721,-1.52103,25771,223.302,1,1,2,3,4,0
130,69,340.595,156.466,2.20892,1.90895,584.622,110.365,0.19572,-4.92528,16105.7,206.03,1,1,2,3,4,0
130,70,339.733,155.912,1.92935,1.91455,590.416,108.383,1.87826,-3.17482,13656.6,189.343,1,1,2,2,1,0
130,71,339.861,155.834,1.9749,1.98585,547.995,105.915,-0.787397,-6.02989,13442.3,184.781,1,1,2,3,1,0
130,72,339.764,155.815,2.02959,2.03978,522.242,100.361,-2.0031,-5.72197,13501.7,181.627,1,1,2,3,4,0
130,73,338.599,156.186,2.14489,2.15333,545.379,93.1617,-1.70187,0.119893,15609.2,186.923,1,1,2,3,4,0
130,74,338.248,156.228,2.019,1.99421,535.203,125.389,-1.63043,0.141897,13466.5,199.296,1,1,2,2,3,0
130,75,338.375,156.273,1.9788,2.20597,541.436,105.554,-1.74108,1.02893,14715.5,188.527,1,1,2,3,4,0
130,76,338.929,156.188,1.98013,1.89669,548.242,131.042,0.300475,2.49289,12628.3,200.982,1,1,2,3,4,0
130,77,337.967,155.999,1.68415,1.77058,567.86,125.963,-1.18335,-0.267551,10629.9,184.976,1,1,2,3,4,0
130,78,337.439,155.751,1.87314,2.19324,726.789,86.64,-2.50026,-3.4942,18616.3,200.876,1,1,2,3,4,0
130,79,337.889,155.75,2.01371,2.09536,668.893,99.6849,-2.63284,-2.51276,17613.9,210.609,1,2,2,3,4,0
130,80,336.735,155.293,2.13211,2.41586,459.823,98.0019,0.262619,-2.04812,15002.2,188.154,1,2,2,3,4,0
130,81,336.193,155.675,2.41292,2.60913,493.359,65.9205,-0.376892,0.741644,18853.3,184.852,1,2,3,4,5,0
130,82,338.39,155.659,1.52068,2.05205,484.47,129.617,0.101176,-2.3685,9464,184.178,1,2,3,4,5,0
130,83,338.521,156.091,1.48355,1.9418,653.738,133.73,2.00444,-6.02275,11713.9,196.751,1,2,3,4,5,0
130,84,336.528,155.752,1.9397,2.38446,627.748,121.928,0.511684,-5.74595,18046.6,234.787,1,1,2,2,2,0
130,85,336.597,155.456,1.68255,2.34619,542.365,153.957,-3.78425,-9.51777,11411,215.391,1,1,2,2,3,0
130,86,337.223,155.363,2.22401,2.55345,675.656,92.3409,-4.40255,-7.3023,23957.1,237.036,1,1,2,2,3,0
130,87,336.758,155.501,2.00995,2.47378,742.587,126.283,-3.64355,-12.2617,22919,263.621,1,1,2,2,3,0
130,88,336.532,155.43,1.83977,2.20889,818.404,162.853,-3.384,-14.3677,21150.3,283.633,1,1,2,2,3,0
130,89,337.259,155.432,1.45322,1.91843,822.601,181.467,-2.23828,-9.25374,14379.9,258.657,1,1,2,2,3,0
130,90,337.85,155.386,2.14365,2.10247,863.644,129.169,-2.45239,-7.09359,24589.5,275.385,1,1,2,2,3,0
130,91,338.413,155.598,2.23344,1.95571,622.445,137.659,-7.4101,-8.91266,16303.7,234.041,1,1,2,2,4,0
130,92,338.878,155.593,1.70156,1.7479,693.927,143.335,-7.53497,-0.351628,11758.5,218.438,1,1,2,3,4,0
130,93,339.344,155.915,1.73889,1.70407,667.9,131.908,-5.11135,-7.64433,12423.3,203.213,1,2,2,3,4,0
130,94,340.437,156.795,2.13888,2.3288,591.083,83.9094,-1.90617,-11.9472,19184.7,200.876,1,2,2,3,4,0
130,95,340.05,156.221,2.0928,2.40832,560.039,107.066,-2.8741,-7.2517,16945.9,209.746,1,2,2,3,4,0
130,96,338.713,155.665,2.3343,2.03283,620.772,131.117,5.72245,-10.9384,17677.1,235.491,1,2,2,3,4,0
130,97,338.984,155.727,2.24501,2.14934,556.225,141.052,9.16488,-14.6537,16608.3,234.793,1,2,2,3,4,0
130,98,339.492,156.012,1.98744,2.15003,584.891,152.334,2.98555,-10.4263,15660,238.864,1,2,2,3,4,0
130,99,338.503,155.864,1.94566,2.62634,495.087,149.929,1.42874,-9.67677,16014.6,250.426,1,2,2,3,4,0
130,100,337.105,155.387,2.45023,2.71082,629.326,98.1618,-3.37854,-6.43108,25189,250.124,1,2,2,3,4,0
130,101,337.195,155.731,2.28837,2.02653,636.629,95.7151,-1.56652,-3.70459,18337.5,208.26,,,,,,0
131,22,330.081,242.478,3.08445,2.04995,350.942,123.867,6.1434,0.199779,13182.7,201.337,1,2,3,4,5,0
131,23,330.891,240.747,2.88412,3.66197,279.948,103.416,4.90338,6.25197,14722.9,194.231,1,2,3,4,5,0
131,24,331.11,239.025,2.17887,2.03506,412.267,133.665,9.55626,7.96963,11389.6,206.473,1,2,3,4,5,0
131,25,334.863,238.79,2.49746,2.03293,369.198,148.078,10.5991,0.589252,11335.9,218.672,1,2,3,4,5,0
131,26,338.616,238.555,2.81605,2.0308,326.129,162.491,11.642,-6.79112,11282.3,230.87,1,2,3,4,5,0
131,27,339.835,237.432,2.52952,2.17021,446.977,115.875,3.93432,-5.90363,15379.2,207.811,1,2,2,3,4,0
131,28,340.007,236.935,2.8946,1.6658,379.659,116.197,12.6053,-10.8734,11276.2,197.722,1,2,2,3,4,0
131,29,341.208,236.734,3.4417,2.41486,454.485,92.207,8.57709,-11.2378,22318.3,229.675,1,2,2,3,4,0
131,30,341.834,237.115,2.88981,2.01416,700.315,118.069,0.323372,-2.84548,24743,257.574,1,2,2,3,4,0
131,31,341.894,237.575,2.3826,2.0228,749.884,140.443,-4.6629,3.17778,21469.3,268.734,1,2,3,3,5,0
131,32,342.924,236.814,2.55325,2.04235,520.865,108.434,-1.76184,2.73961,15729.9,202.902,1,2,3,4,5,0
131,33,343.954,236.052,2.7239,2.0619,291.846,76.4254,1.13923,2.30143,9990.52,137.071,1,2,3,4,5,0
131,34,341.957,233.904,2.33053,2.0663,409.714,82.289,-1.66016,1.67767,11212.7,150.654,1,2,3,4,5,0
131,35,339.96,231.755,1.93717,2.0707,527.582,88.1526,-4.45955,1.05391,12434.9,164.237,1,2,3,4,5,0
131,36,340.35,229.461,1.98016,2.69094,344.28,82.0704,-4.28531,-5.58203,11050.6,148.408,1,2,3,4,5,0
131,37,340.891,228.045,2.19554,2.65354,447.19,72.313,0.122953,-7.73651,15899.5,172.225,1,2,3,4,5,0
131,38,340.701,227.758,2.23115,3.26201,384.237,76.9274,0.877051,-7.56077,16301,180.124,1,2,3,4,5,0
131,39,337.414,228.5,1.93355,2.8104,331.398,80.1188,-1.08413,-6.61546,11490.5,150.041,1,2,3,4,5,0
131,40,334.127,229.242,1.63594,2.35879,278.558,83.3103,-3.04531,-5.67016,6679.99,119.959,1,2,3,4,5,0
131,41,331.817,227.858,2.25607,2.14227,573.386,79.0032,3.02996,-8.25732,17198.1,189.982,1,2,3,4,5,0
131,42,331.169,225.715,1.83316,2.30273,498.046,91.9865,-4.64172,-6.42925,13076.1,173.201,1,2,3,4,5,0
131,43,330.084,223.69,2.13724,2.3063,530.71,108.408,-4.52565,-4.37349,16206.9,211.154,1,2,3,4,5,0
131,44,331.999,223.282,1.90678,1.96907,554.311,134.678,-3.2882,-12.21,13028.2,211.917,1,2,3,4,5,0
131,45,333.218,223.11,2.24486,2.53503,530.236,110.518,-6.54875,-14.1257,18494.7,215.201,1,2,3,4,5,0
131,46,332.111,225.579,2.10916,2.31852,549.405,101.556,-3.90997,-8.2129,16611.9,197.683,1,2,3,4,5,0
131,47,331.004,228.047,1.97345,2.102,568.575,92.5935,-1.27118,-2.30008,14729.2,180.166,,,,,,0
132,22,352.415,113.135,1.68073,1.40561,266.787,127.846,-2.07894,-0.525389,3961.89,145.308,1,2,3,4,5,0
132,23,349.639,115.105,1.90923,2.47536,318.32,127.013,-4.54238,8.87425,9296.4,188.639,1,2,3,4,5,0
132,24,347.655,116.608,2.57805,3.85072,384.345,127.809,-2.63761,19.7188,20669.6,254.355,1,2,3,4,5,0
132,25,346.949,119.71,3.32803,3.54764,606.319,73.378,6.10864,0.350614,38017,310.467,1,2,3,4,5,0
132,26,346.861,120.264,2.31882,3.15252,700.224,138.971,-2.882,8.43687,28760.1,303.852,1,2,3,4,5,0
132,27,345.559,117.624,2.0262,2.38394,674.713,146.997,5.26969,9.23692,20023.4,264.858,1,2,3,4,5,0
132,28,345.337,117.494,2.28889,2.55177,712.196,123.368,-0.331979,-3.804,25380.5,279.604,1,2,3,4,5,0
132,29,346.807,118.499,1.62464,2.09786,472.233,139.85,-0.255461,4.20135,9647.77,198.325,1,2,2,3,4,0
132,30,346.792,118.143,1.93286,2.54682,391.893,96.0722,-0.380268,4.31739,11882.6,174.592,1,2,2,3,4,0
132,31,347.438,117.707,1.72678,1.89049,400.877,102.517,-2.88664,1.71157,8206.47,148.503,1,2,2,3,4,0
132,32,348.436,117.702,1.66286,1.71142,586.083,99.5632,-1.93106,-3.37945,10470.9,160.521,1,2,2,3,4,0
132,33,348.604,116.3,1.78357,1.82533,516.898,81.4081,-3.60355,-1.02684,10553.5,144.935,1,2,2,3,4,0
132,34,348.305,115.635,2.4138,1.90542,420.426,66.4253,-4.12704,-3.82907,11981.7,139.154,1,2,2,3,4,0
132,35,348.485,115.921,1.73004,2.14759,429.096,80.7067,-0.158668,-6.16758,10097.6,141.278,1,2,3,4,5,0
132,36,349.309,116.98,1.5008,3.23013,266.308,86.3019,1.77491,4.79115,7606.66,133.402,1,2,3,4,5,0
132,37,348.702,119.677,1.62455,2.57717,332.917,108.419,-0.458953,5.05585,8015.33,156.115,1,2,3,4,5,0
132,38,348.095,122.375,1.7483,1.92421,399.526,130.536,-2.69281,5.32055,8424.01,178.828,1,2,3,4,5,0
132,39,348.302,120.759,1.7306,2.03654,363.338,119.851,-3.39206,1.84287,7980.5,168.447,1,2,3,4,5,0
132,40,348.51,119.144,1.71289,2.14886,327.15,109.165,-4.0913,-1.63482,7537,158.065,1,2,3,4,5,0
132,41,348.685,119.274,2.27551,1.81733,430.679,130.01,-5.1245,-4.42607,11085.5,195.787,1,2,3,4,5,0
132,42,349.313,119.744,2.45909,2.19601,269.056,128.263,-0.0571092,-3.97767,8938.27,189.811,1,2,3,4,5,0
132,43,349.137,122.322,2.11796,2.36475,297.175,128.184,-1.35656,1.67442,8896.71,188.124,1,2,3,4,5,0
132,44,348.962,124.9,1.77683,2.53348,325.295,128.104,-2.65601,7.3265,8855.15,186.438,1,1,2,3,2,0
132,45,348.665,125.061,2.23235,2.4515,309.908,95.8418,2.80502,1.61886,10432.7,164.45,1,1,2,3,4,0
132,46,348.978,124.822,1.67402,2.44977,338.741,84.0168,0.829606,-1.23781,8604.64,136.124,1,2,2,3,4,0
132,47,349.421,125.433,1.58864,2.65384,309.238,97.181,-2.27764,-0.753431,7936.87,145.621,1,2,2,3,4,0
132,48,348.094,125.695,2.40452,2.57836,347.39,72.1053,1.29699,-2.26556,13111.8,154.538,1,2,2,3,4,0
132,49,348.721,124.807,1.98424,2.21633,433.518,90.4324,-1.77067,-0.284532,11871.9,158.84,1,1,2,3,4,0
132,50,349.136,124.72,2.07057,2.49144,287.909,98.0745,-4.15266,-1.02432,9150.93,156.609,1,1,2,3,4,0
132,51,349.471,124.591,2.39275,2.52774,265.55,104.773,-4.7019,4.77871,9776.62,169.479,1,1,2,3,4,0
132,52,349.141,125.443,2.06566,2.32541,332.195,134.478,3.54433,-1.2406,9440.19,197.166,1,1,2,3,4,0
132,53,349.478,124.582,2.16571,2.07601,344.965,104.819,-0.969206,3.68002,9642.6,166.834,1,1,2,3,4,0
132,54,349.017,124.309,2.22386,2.47069,324.426,109.104,-1.07665,-0.00181606,10957.4,178.704,1,2,2,3,4,0
132,55,349.518,123.862,2.78368,2.00718,330.456,145.943,3.63208,-2.81223,11772.8,215.018,1,2,2,3,4,0
132,56,350.631,123.57,3.14778,1.84265,523.027,156.646,4.52832,-0.811915,17897.5,260.201,1,2,3,4,5,0
132,57,349.273,123.577,2.21813,2.70339,433.551,151.605,6.89001,5.0576,15560.8,244.746,1,2,3,4,5,0
132,58,348.356,124.835,2.25469,2.52338,375.871,175.209,1.57746,1.46146,13103,248.337,1,2,3,4,5,0
132,59,346.677,124.289,2.93004,3.40388,370.668,115.557,0.675471,2.92533,21189.2,245.858,1,2,3,4,5,0
132,60,345.178,121.479,3.00276,2.83638,321.57,112.604,-1.78769,4.79617,16213.9,216.417,1,2,3,4,5,0
132,61,343.678,118.669,3.07548,2.26889,272.473,109.651,-4.25086,6.66702,11238.7,186.976,1,2,2,3,3,0
132,62,343.412,118.458,2.50722,2.443,342.552,72.9417,-5.41103,-0.719127,12758.1,157.538,1,2,2,3,4,0
132,63,343.606,118.955,1.54904,2.05133,519.224,80.7741,-2.57809,2.17353,10333.7,143.284,1,2,2,3,4,0
132,64,344.565,119.668,1.56142,2.27338,379.647,102.696,-1.49614,-0.340095,8809.67,151.592,1,2,2,3,4,0
132,65,344.751,119.47,1.40974,1.41563,396.208,136.012,-0.586028,-1.55671,4969.85,164.124,1,2,3,4,5,0
132,66,344.588,117.752,2.88626,2.28615,302.256,133.72,-7.66237,-2.03093,13943.3,219.331,1,2,3,4,5,0
132,67,348.278,114.006,3.44406,2.3451,381.545,63.3005,-19.1046,15.557,19850.9,190.817,1,2,3,4,5,0
132,68,341.835,116.979,3.08581,1.75401,364.75,156.139,5.98149,-2.72787,11769,223.864,1,2,3,4,5,0
132,69,341.569,116.822,2.34033,1.49233,429.33,147.386,4.26274,-5.38839,9469.82,201.781,1,2,3,4,5,0
132,70,341.2,117.126,2.24023,1.4053,395.806,152.825,8.13284,-3.42816,7777.42,199.562,1,2,3,4,5,0
132,71,340.599,119.898,1.81511,1.94235,418.333,180.057,8.19873,-4.39496,9240.17,231.959,,,,,,0
133,22,481.584,398.794,2.09012,2.00718,323.52,96.2183,-5.33924,-5.55641,8467.82,144.787,1,2,3,4,5,0
133,23,482.722,397.033,1.7479,2.04929,397.394,104,0.79096,-9.47216,8910.82,153.556,1,2,3,4,5,0
133,24,485.517,396.009,2.49596,2.24803,273.391,97.0643,1.43408,-4.97696,9402.38,149.704,1,2,3,4,5,0
133,25,487.201,395.152,2.45047,2.60638,416.728,58.9338,-1.8688,-6.12814,16507.5,157.355,1,2,3,4,5,0
133,26,486.871,394.158,2.2948,2.15307,417.123,68.7482,-0.555614,1.66542,12774.4,146.503,1,2,3,4,5,0
133,27,487.874,392.503,2.29956,2.274,305.175,78.4054,-3.0513,-2.42127,9442.47,135.728,1,2,3,4,5,0
133,28,488.305,389.556,2.19289,2.23928,300.827,86.5623,-0.936586,-1.34765,9155.07,141.74,1,2,3,4,5,0
133,29,487.831,388.398,2.34892,1.95013,351.244,81.7719,-1.38503,2.83498,10281,142.775,1,2,3,4,5,0
133,30,489.091,388.138,2.17657,1.71196,319.66,76.8314,-3.23948,2.12644,7440.2,119.746,1,2,3,4,5,0
133,31,490.343,386.399,2.31447,1.94317,402.078,94.7284,3.21445,-0.520334,11226.2,162.243,1,2,3,4,5,0
133,32,491.607,386.997,1.56079,1.92691,393.685,121.419,2.06425,-3.14335,7426.23,159.556,1,2,3,3,4,0
133,33,491.318,388.319,2.0279,1.80872,440.015,80.4394,3.36297,0.838759,10099.2,140.325,1,2,2,3,4,0
133,34,491.942,388.311,2.55486,2.1025,388.67,77.7324,4.25248,-2.23204,12662.9,151.426,1,2,2,3,4,0
133,35,492.396,388.894,2.11029,2.24578,427.848,68.0251,-0.450477,-1.92397,12589,146.16,1,2,2,3,4,0
133,36,491.812,389.24,2.43952,1.95836,335.837,66.6586,1.57525,2.78386,9923.65,125.414,1,2,2,3,4,0
133,37,492.003,390.34,2.66154,2.2898,273.1,68.7029,3.26726,-0.604478,10121.7,129.627,1,2,2,3,4,0
133,38,492.475,391.125,2.78689,2.20883,383.622,63.6981,5.19727,-2.63283,14494,148.391,1,2,2,3,4,0
133,39,492.92,390.326,2.8585,2.0802,397.663,72.7155,4.47172,0.501745,14280.8,156.633,1,2,2,3,4,0
133,40,493.03,391.015,2.18651,2.06789,374.052,86.1154,7.61409,-1.50013,10531.5,149.84,1,2,2,3,4,0
133,41,491.94,390.333,1.61454,1.42904,398.188,116.032,5.39395,1.75474,5778.79,145.379,1,2,3,3,4,0
133,42,492.275,388.883,1.71961,1.81275,348.438,90.3515,2.24278,1.46068,6815.65,132.101,1,2,3,3,4,0
133,43,491.83,387.455,2.11409,2.2302,389.747,76.6319,-1.50208,0.465588,11562.2,144.746,,,,,,0
134,23,325.323,279.042,2.00748,2.1748,267.981,83.8979,-1.85753,-4.38298,7291.85,124.781,1,2,3,4,5,0
134,24,325.841,280.265,2.20098,2.15255,329.619,71.8363,0.0945283,-5.00668,9701.08,129.574,1,2,3,4,5,0
134,25,326.798,281.783,2.62341,1.96206,237.489,60.2444,1.26862,1.35263,7497.62,109.231,1,2,3,4,5,0
134,26,327.209,283.987,2.19573,2.47889,279.354,71.0293,-2.44972,0.0422233,9355.06,127.148,1,2,3,4,5,0
134,27,327.033,284.685,1.87754,2.31668,320.643,81.6777,-1.63702,-0.305178,8669.46,131.84,1,2,3,4,5,0
134,28,327.969,285.155,1.86938,2.25536,414.746,73.4104,-2.29851,1.12872,10892.3,135.249,1,2,3,4,5,0
134,29,327.787,285.772,1.81379,2.35203,439.327,68.0204,0.305727,0.549286,11650.7,137.627,1,2,3,4,5,0
134,30,328.604,286.889,2.30788,2.52742,268.339,66.6005,4.06629,-2.62183,9574.27,124.207,1,2,3,4,5,0
134,31,329.292,289.183,1.82479,2.98386,297.722,70.2688,0.157191,-6.77432,9730.02,125.544,1,2,3,4,5,0
134,32,327.953,288.773,2.4581,2.49439,315.941,66.3328,1.30323,1.06176,11759.6,136.598,1,2,3,4,5,0
134,33,325.794,289.408,3.14403,2.40756,297.629,54.5094,2.46346,-3.7881,13187,139.692,1,2,3,4,5,0
134,34,324.578,288.689,2.77081,2.16571,292.97,93.088,-4.82914,0.885696,10639,159.006,1,2,3,4,5,0
134,35,322.639,287.358,2.55362,2.0321,278.051,112.575,-9.39761,3.53242,8943.7,168.509,1,2,3,4,5,0
134,36,320.699,286.027,2.33643,1.89848,263.133,132.061,-13.9661,6.17915,7248.36,178.012,1,2,3,4,5,0
134,37,321.332,285.327,1.9701,1.31,310.688,120.798,-12.5354,5.36848,5054.47,146.041,1,2,3,4,5,0
134,38,321.373,284.828,1.96052,1.57736,360.546,74.9747,-0.716605,0.567709,6988.14,114.367,1,2,3,4,5,0
134,39,321.056,284.143,1.92986,1.69111,360.664,72.3384,0.826058,-2.97216,7380.95,113.852,1,2,3,4,5,0
134,40,321.331,281.67,2.53704,2.35167,232.106,74.5601,-0.979542,-4.30302,8449.34,126.095,1,2,3,4,5,0
134,41,322.438,280.533,2.30873,2.12318,281.798,75.5758,0.829137,-4.20255,8546.25,129.012,1,2,2,3,4,0
134,42,322.063,280.86,2.27739,2.25235,231.363,78.2744,3.62785,-7.53958,7046.26,124.515,1,2,2,3,4,0
134,43,321.324,280.118,2.02207,2.46898,239.754,81.5939,1.68778,-6.9418,7122.82,127.172,1,2,2,3,4,0
134,44,320.585,279.376,1.76675,2.68561,248.145,84.9133,-0.252293,-6.34402,7199.38,129.828,1,2,2,3,4,0
134,45,321.125,279.358,2.15553,1.49125,316.242,73.6069,-3.25689,-5.85803,6357.02,106.84,1,2,2,3,4,0
134,46,319.968,280.214,2.54347,2.11043,250.506,70.6409,-0.315257,-3.8269,8264.49,120.308,1,2,2,3,4,0
134,47,320.307,280.653,2.35614,2.7075,295.293,72.4223,-6.2295,-1.85867,11193.1,142.988,1,2,2,3,4,0
134,48,320.456,280.032,1.99634,2.29522,318.111,84.3737,-1.7947,-3.87963,9053.64,139.201,1,2,2,3,4,0
134,49,321.178,279.921,2.05897,2.59824,244.878,71.9536,-3.16783,-5.1429,8037.68,123.888,1,2,2,3,4,0
134,50,321.332,280.827,2.0989,2.12945,246.073,95.658,-4.925,-2.24843,6761.36,135.754,1,2,2,3,4,0
134,51,321.486,281.732,2.13882,1.66066,247.267,119.362,-6.68217,0.64604,5485.04,147.621,,,,,,0
135,23,327.91,13.791,1.5109,2.07835,251.07,90.3393,-0.656339,-0.972122,4934.94,117.089,1,1,2,2,3,0
135,24,327.327,13.3937,1.35287,2.24183,304.134,66.6713,0.14474,-2.46076,5750.63,99.6213,1,1,2,2,3,0
135,25,327.686,12.8385,1.89693,2.47152,259.195,64.6904,2.8725,1.83536,7510.85,109.58,1,1,1,2,2,0
135,26,327.812,13.1376,1.46549,2.50946,353.571,71.0317,3.99532,3.67206,7980.99,121.379,1,1,1,2,2,0
135,27,327.602,12.7532,1.31307,1.61907,477.791,87.1449,5.93857,-0.11462,6380.95,123.361,1,1,1,2,2,0
135,28,327.605,12.8996,1.34284,1.98074,362.806,89.6148,2.31813,-2.0041,6049.64,120.893,1,1,2,2,2,0
135,29,327.848,13.6032,1.64497,1.81196,314.255,74.8538,1.15062,-3.74572,5877.82,108.041,1,1,1,2,2,0
135,30,327.706,13.5174,1.26965,1.74019,292.618,62.0617,1.58347,-3.54757,4059.49,87.0947,1,1,1,2,2,0
135,31,327.341,12.8726,0.927718,1.48418,353.179,70.902,0.123304,-1.97054,3055.33,88.3254,1,1,1,2,2,0
135,32,327.601,12.8633,1.64727,1.21291,284.844,59.3907,-0.850506,-2.38768,3580.62,78.9527,1,1,1,2,2,0
135,33,327.54,12.8028,1.79594,1.49673,255.38,77.0511,-1.32556,2.42171,4308.59,101.136,1,1,1,2,2,0
135,34,327.422,12.4602,1.51935,2.04942,268.673,76.2651,-0.770103,-0.748828,5235.45,107.71,1,1,2,2,3,0
135,35,327.348,13.4563,1.70858,2.23926,314.221,76.9325,1.21212,-0.939085,7968.76,124.213,1,1,1,2,1,0
135,36,327.264,13.5231,1.49465,1.86672,373.176,89.4047,3.01351,-2.12602,6531.19,125.716,1,1,1,1,1,0
135,37,327.448,13.4663,1.3752,1.81539,318.481,93.4353,4.03692,-0.0984784,4995.15,118.272,1,1,1,2,1,0
135,38,327.839,13.7366,1.67055,2.01184,331.657,88.0997,1.57916,-2.59924,6982.67,128.953,,,,,,0
136,24,222.921,323.167,1.86488,2.16817,463.382,158.595,-1.96206,-5.36843,11695.7,218.645,1,2,3,4,5,0
136,25,221.121,325.067,1.86718,1.67889,810.04,207.091,3.49905,-11.7638,15931.6,290.781,1,2,3,4,5,0
136,26,221.917,327.883,2.33764,1.63096,894.841,195.993,5.43661,-11.2388,20557.7,314.562,1,2,3,4,5,0
136,27,220.978,328.835,1.7586,2.33884,894.671,170.125,9.35318,-11.7991,22879.3,308.462,1,2,3,4,5,0
136,28,218.686,324.544,2.09281,2.15038,655.642,139.598,-7.75414,-3.34175,18567.3,248.024,1,2,3,4,5,0
136,29,216.002,321.821,1.85393,1.39307,908.697,168.076,8.27141,-0.0111984,14571.6,244.627,1,2,3,4,5,0
136,30,215.913,320.04,1.8841,2.4189,1265.76,117.032,1.66457,-2.26435,35856.5,329.331,1,2,3,4,5,0
136,31,217.067,321.222,1.80232,1.87958,1067.59,167.343,-4.09178,-7.961,22676.3,294.491,1,2,3,4,5,0
136,32,218.57,321.699,2.16042,2.09066,1141.65,115.046,-2.3536,-2.8501,32411.6,309.337,1,1,2,2,3,0
136,33,217.992,321.611,1.72024,1.86617,1131.45,156.505,-1.08909,-4.94012,22780.2,286.521,1,1,2,2,3,0
136,34,217.425,321.518,1.74673,1.98577,1488.53,193.383,-1.8078,-14.64,31595,371.917,1,1,2,2,2,0
136,35,217.654,321.611,2.01352,2.29413,1385,156.103,-3.87579,-8.57115,39597.3,392.059,1,2,3,4,5,0
136,36,215.923,322.586,1.96878,2.09382,667.83,165.929,-6.20378,-2.03798,17183.3,260.781,1,2,3,4,5,0
136,37,214.53,323.611,1.82532,2.11084,533.325,150.066,-3.62397,10.2906,12490.4,225.491,1,2,3,4,5,0
136,38,214.226,324.792,2.64981,2.77359,542.256,117.604,-1.10014,0.397753,23848.2,261.793,1,2,3,4,5,0
136,39,217.037,322.375,2.43221,2.05108,1081.36,162.777,-10.9561,1.81876,33332.6,356.272,1,2,3,4,5,0
136,40,217.782,321.795,2.36326,2.19932,1074.67,169.964,-8.10601,-6.22249,34500.9,378.828,1,2,2,3,4,0
136,41,218.104,320.759,2.26129,2.02461,921.746,192.849,0.779936,-2.99777,26974.2,351.172,1,2,2,3,4,0
136,42,217.57,319.815,2.30623,2.64239,458.855,135.546,2.93651,1.41676,16462.8,233.562,1,2,2,3,4,0
136,43,217.852,319.432,2.22257,2.63017,416.486,130.359,5.50203,3.00926,15138.7,213.757,1,2,2,3,4,0
136,44,218.801,319.191,2.04751,2.05151,270.572,194.938,12.9213,13.8897,7079.06,234.781,,,,,,0
137,24,490.11,446.446,2.52677,2.34256,323.668,168.558,3.07428,-13.3827,11704.7,241.396,1,2,3,4,5,0
137,25,488.11,446.819,3.52997,2.30697,358.876,112.264,5.0254,-2.84999,16591.7,216.852,1,2,3,4,5,0
137,26,486.261,446.488,2.03511,2.01115,438.114,122.335,-8.91133,1.60504,11594.2,190.26,1,2,3,4,5,0
137,27,481.502,443.537,2.01544,2.18508,370.456,135.55,3.33215,1.2783,10199.7,190.041,1,2,3,4,5,0
137,28,476.796,439.974,2.18707,1.83148,371.939,101.653,4.33224,3.43911,9297.96,157.225,1,2,3,4,5,0
137,29,474.957,441.265,2.71161,1.74963,338.489,98.7676,-6.45604,-0.520011,9821.5,156.148,1,2,3,4,5,0
137,30,472.856,442.747,2.48555,2.77388,263.684,100.246,-1.94099,0.221485,10907.6,164.396,1,2,3,4,5,0
137,31,471.778,445.495,2.15425,1.3677,338.415,170.022,-4.68174,2.10185,7237.65,203.763,1,2,3,4,5,0
137,32,475.212,446.574,2.26079,1.54887,312.046,162.656,-0.033088,-2.17336,7250.09,204.432,1,2,3,4,5,0
137,33,478.646,447.652,2.36732,1.73004,285.677,155.29,4.61556,-6.44858,7262.53,205.101,1,2,3,4,5,0
137,34,480.351,443.465,2.32732,1.98761,395.707,106.983,-1.47497,2.60197,11350.2,170.036,1,2,3,4,5,0
137,35,478.307,442.877,3.11237,2.1569,422.921,85.8177,0.665985,-3.35794,16674.2,186.627,1,2,3,4,5,0
137,36,479.531,442.871,3.17812,2.84786,398.558,53.3049,-6.9175,-6.41711,24465,204.03,1,2,3,4,5,0
137,37,479.275,443.506,2.5675,2.33009,372.086,133.237,7.74549,0.775221,13230.3,215,1,2,3,4,5,0
137,38,476.91,445.795,1.74999,1.69288,369.725,136.218,8.98803,-4.98535,6876.02,170.095,1,2,3,4,5,0
137,39,477.125,448.635,2.28644,2.50435,454.494,105.307,11.4481,-2.57822,16715.4,208.84,1,2,3,4,5,0
137,40,475.489,447.997,1.81433,1.86591,409.617,124.118,2.47453,-1.0983,8692.65,175.817,1,2,3,3,4,0
137,41,474.836,448.189,1.78824,2.16821,357.357,119.044,5.96267,-3.85743,8652.51,170.704,1,2,2,3,4,0
137,42,475.619,448.076,1.89228,1.99041,392.198,138.822,9.16312,-4.95095,9151.81,191.29,1,2,2,3,4,0
137,43,475.48,447.545,1.51362,2.09565,498.896,120.815,7.77873,-1.83296,9895.24,176.929,1,2,3,4,5,0
137,44,475.08,449.089,1.84497,2.11954,476.701,114.578,4.34276,1.87046,11650.6,186.32,1,2,3,4,5,0
137,45,474.948,450.049,2.44129,1.87258,415.236,155.859,4.61388,0.831486,11090.5,222.586,1,2,3,4,5,0
137,46,477.986,448.335,2.71263,2.47857,504.035,107.324,1.94078,-0.0750417,21610.9,242.45,1,2,3,4,5,0
137,47,481.025,446.62,2.98397,3.08457,592.834,58.7899,-0.732325,-0.981569,32131.3,262.314,1,2,3,4,5,0
137,48,481.167,445.613,2.41668,2.63315,592.004,127.199,-2.38214,-5.52341,22826.6,266.828,1,2,3,4,5,0
137,49,481.224,445.631,2.48162,2.56615,634.625,119.909,-1.46739,-2.24249,24506.9,264.959,1,2,3,4,5,0
137,50,480.353,445.512,2.70683,3.02428,402.678,140.197,6.66795,4.82238,18253.8,246.846,1,2,3,4,5,0
137,51,478.242,444.645,3.47566,2.78555,405.893,103.441,6.31153,-6.04089,22459.3,244.32,1,2,3,4,5,0
137,52,476.457,443.571,2.32815,1.65065,453.584,147.887,5.15116,-5.77052,10830.1,205.444,1,2,3,4,5,0
137,53,474.818,443.554,2.62165,1.84545,363.519,96.1282,0.419593,0.91242,10796.9,159.142,1,2,3,4,5,0
137,54,474.268,443.835,2.16187,2.18221,374.981,103.673,0.573568,0.359112,10991.7,166.722,1,2,3,4,5,0
137,55,474.916,442.859,2.1337,1.98581,454.109,113.006,6.81624,-1.6154,12202.3,181.467,1,2,3,4,5,0
137,56,474.274,440.119,1.78668,1.48722,411.839,133.038,5.06149,0.864853,6871.88,169.604,1,2,3,4,5,0
137,57,472.108,438.483,3.99069,1.64372,228.306,89.8516,-5.45523,1.49082,8166.88,135.876,,,,,,0
138,25,229.453,433.011,2.0046,2.05951,593.158,119.459,2.28364,1.92388,15288,211.32,1,2,3,4,5,0
138,26,231.148,433.178,2.31782,2.13566,345.655,98.3882,-2.99523,0.158336,10601.1,158.373,1,2,3,4,5,0
138,27,232.736,430.336,1.10909,1.48859,381.366,129.184,-3.42861,9.17511,3973.54,146.876,1,2,3,4,5,0
138,28,232.186,428.116,2.14117,2.25067,586.045,133.299,-0.491964,3.21182,17530.6,236.136,1,2,3,4,5,0
138,29,232.906,427.548,2.60406,2.42699,349.626,99.1824,-0.0374347,-5.09554,14024.2,180.562,1,2,3,4,5,0
138,30,232.461,424.672,2.66329,3.31813,574.631,70.8507,-3.58761,3.29314,28579.7,247.556,1,2,3,4,5,0
138,31,232.529,423.57,2.2462,2.92649,581.274,84.4216,-2.43034,1.54546,22739.6,223.124,1,2,3,4,5,0
138,32,232.596,422.468,1.82912,2.53486,587.918,97.9926,-1.27308,-0.20222,16899.5,198.692,1,2,3,4,5,0
138,33,232.445,421.091,1.61235,1.7662,468.64,142.164,-8.81727,1.57643,7423.04,183.089,1,2,3,4,5,0
138,34,229.775,421.673,1.78923,2.09359,769.811,156.615,-5.1026,-6.95093,18350.6,257.533,1,2,3,4,5,0
138,35,228.925,423.076,1.75674,2.14681,1365.31,167.084,-4.24921,-8.13141,32179,351.059,1,2,2,3,4,0
138,36,228.727,422.232,1.98375,2.11094,1378.9,129.16,2.99156,-6.02563,35607.9,340.178,1,1,2,3,4,0
138,37,228.974,421.82,1.86345,1.92471,1604.28,123.357,0.574522,-9.88324,36156.6,337.438,1,1,2,3,4,0
138,38,229.022,422.628,2.0426,1.88396,1099.34,106.084,-1.12083,-8.85622,27333.2,265.314,1,1,2,3,4,0
138,39,229.003,423.556,2.14065,2.25467,1307.59,79.2129,-2.64431,-7.90788,40433.3,319.74,1,1,2,3,4,0
138,40,229.174,423.152,2.02201,2.35954,1329.99,98.4495,-6.21779,-6.78305,39336.8,332.462,1,1,2,3,4,0
138,41,229.33,423.199,1.94313,2.11706,1395.47,113.414,-8.39751,-7.70474,35733.3,321.509,1,2,2,3,4,0
138,42,228.634,422.627,2.04884,2.01117,1056.37,118.216,0.976124,-8.80914,26684.1,278.947,1,2,2,3,4,0
138,43,228.831,421.362,2.01848,2.49354,1051.08,95.7791,-0.798596,-5.09969,32600.1,287.751,1,2,2,3,4,0
138,44,229.285,421.317,2.01225,2.30906,1288.6,121.836,-2.28445,-4.9606,37156.8,336.87,1,2,2,3,4,0
138,45,229.043,422.792,1.93443,1.88365,1113,150.646,-3.0608,-11.2596,24171.6,288.55,1,2,2,3,4,0
138,46,229.187,424.154,1.99142,2.18275,1193.57,88.5908,-2.05493,-7.2456,32581.2,279.42,1,2,2,3,4,0
138,47,229.07,424.224,1.92184,2.05451,1291.05,96.6616,-2.20473,-9.42443,31497.5,281.095,1,2,2,3,4,0
138,48,228.899,423.395,2.07893,2.17706,1446.29,77.4963,-3.6808,-9.49613,40663.1,323.923,1,2,3,4,5,0
138,49,228.785,421.59,1.9111,1.65066,1210.32,139.314,-0.586879,-8.61911,24229.1,280.574,1,2,3,4,5,0
138,50,227.935,418.092,1.84058,1.60189,1007.45,132.462,-2.24213,-6.69728,18642.6,235.964,1,2,3,4,5,0
138,51,227.731,416.558,1.87181,2.10851,1506.91,127.072,-2.58786,-4.94803,36692.8,344.396,1,2,3,4,5,0
138,52,227.703,418.226,2.11375,1.62575,984.162,134.546,-8.69045,-4.28336,21148.8,251.964,1,2,3,4,5,0
138,53,227.5,419.731,2.02516,2.10979,1479.18,108.42,-2.68374,-7.88298,39252.9,340.899,1,2,3,4,5,0
138,54,228.759,420.064,1.93134,1.99415,1181.72,123.097,-2.45022,-5.92029,28476.5,289.544,1,2,3,4,5,0
138,55,229.097,420.951,1.85893,2.10941,1282.75,124.147,-0.242451,-2.84193,31279.5,309.012,1,2,3,4,5,0
138,56,228.877,422.783,2.10308,1.9831,1080,131.97,-2.13647,-4.9894,28865.2,304.189,1,2,3,3,4,0
138,57,228.882,423.619,2.07557,2.19003,1364.7,124.512,-0.733866,-4.43424,38586.2,351.349,1,2,3,3,4,0
138,58,228.802,422.088,2.01239,1.95164,1228.94,120.238,-2.96533,-6.65167,30186.4,293.899,1,2,2,3,4,0
138,59,229.44,421.007,1.95349,2.02712,1389.13,115.931,-6.8644,-8.27991,34236.7,312.237,1,1,2,3,4,0
138,60,229.739,420.702,1.94398,2.27957,1379.99,109.993,-6.85397,-5.83673,37509.2,335.633,1,1,2,3,4,0
138,61,229.432,421.023,1.94281,2.10189,1415.55,119.712,-4.95004,-10.185,35902.2,326.888,1,1,2,3,4,0
138,62,228.972,421.986,2.14232,1.98143,1567.13,115.333,-3.08716,-9.64636,41245.8,358.627,1,1,2,3,4,0
138,63,229.262,421.614,2.22495,2.06371,1347.75,98.303,-3.95143,-5.23796,38879.4,326.538,1,1,2,3,4,0
138,64,229.24,422.11,2.0699,2.04017,1125.69,150.043,1.97623,-15.7833,29670,320.716,1,2,2,3,4,0
138,65,229.619,422.999,2.24797,2.14356,1395.8,173.692,3.35486,-13.9769,42588.3,428.852,1,2,2,3,4,0
138,66,229.636,422.264,2.32755,2.19919,1111.18,189.335,1.56455,-21.4655,34895.4,392.692,1,2,3,4,5,0
138,67,227.331,419.76,2.2176,1.92298,1259.79,197.528,10.438,4.18989,31843.4,386.769,1,2,3,4,5,0
138,68,227.584,418.396,1.93672,1.89667,1110.48,235.891,16.3933,9.21879,25168.1,369.467,1,2,3,4,5,0
138,69,228.599,418.048,1.93193,2.18767,998.853,243.281,18.0515,15.9801,26319.2,396.965,1,1,1,1,1,0
138,70,228.806,418.162,1.84836,2.22042,1091.3,181.51,6.57371,-9.2623,25768.8,326.882,1,1,1,1,1,0
138,71,228.69,417.909,1.96528,2.18319,1406.95,127.739,2.18269,-9.07779,37150.3,349.864,1,1,1,1,1,0
138,72,228.658,418.049,1.9088,2.06121,1626.82,159.615,0.333062,-9.42878,39814.4,394.284,1,1,1,1,1,0
138,73,228.541,417.856,1.96782,2.12521,1542.84,133.917,0.849892,-4.54191,39982.1,373.124,1,1,1,1,1,0
138,74,228.646,417.849,2.18077,2.41443,1291.33,92.2855,-1.11801,-2.96577,41893.3,348,1,1,1,1,1,0
138,75,228.778,417.787,2.1677,2.40344,1383.33,63.6595,-3.77973,-4.14642,45012.9,335.207,1,1,1,1,1,0
138,76,228.854,417.757,1.95476,1.9284,1593.78,115.472,-5.33859,-1.076,36481.3,328.959,1,1,1,1,1,0
138,77,228.693,417.92,1.89383,2.12072,1515.97,126.396,-2.90182,-0.80801,37042.6,347.278,1,1,1,1,1,0
138,78,228.661,417.705,1.7895,2.06308,1446.68,146.999,3.19861,-3.45049,33407.7,343.651,1,1,1,1,1,0
138,79,228.784,417.561,1.86375,1.94546,1461.25,141.924,6.54014,6.39161,34202.9,345.669,1,1,1,1,1,0
138,80,228.64,417.615,1.84911,2.05309,1507.1,172.165,10.6538,6.52889,34708.9,379.148,1,1,1,1,1,0
138,81,228.72,417.625,2.06432,2.06241,1461.58,133.033,3.39287,-2.29698,38352.7,363.994,1,1,1,1,1,0
138,82,228.837,417.562,2.04179,1.99539,1423.17,167.592,-7.75216,1.09008,34521,367.284,1,1,1,1,1,0
138,83,228.834,417.668,2.03256,2.16523,1523.34,141.329,-1.50965,10.9401,42722.4,400.556,1,1,1,1,1,0
138,84,228.628,417.791,1.93033,2.33906,1399.39,149.606,5.55985,0.634008,39042,383.929,1,1,1,1,1,0
138,85,228.609,417.682,1.90523,2.31511,1427.56,125.728,1.50161,-2.04539,39255.4,361.68,1,1,1,1,1,0
138,86,228.493,417.547,2.05783,2.15432,1581.62,77.8274,0.205538,-0.134633,43380.2,343.302,1,1,1,1,1,0
138,87,228.56,417.621,1.92645,2.10119,1528.5,114.437,-5.1471,-2.26774,38304.3,344.965,1,1,1,1,1,0
138,88,228.527,417.674,1.95451,2.06197,1447.26,115.107,1.51311,-0.999121,36419.6,339.728,1,1,1,1,1,0
138,89,228.471,417.761,1.96372,2.13059,1323.43,111.713,0.736178,-1.98901,34533.8,316.201,1,1,1,1,1,0
138,90,228.462,417.597,2.08024,2.14336,1343.88,98.5248,-4.51464,1.47276,37047.5,322.456,1,1,1,1,1,0
138,91,228.282,417.683,1.9796,2.13977,1599.65,134.5,0.512833,-0.887492,42147.4,381.805,1,1,1,1,1,0
138,92,228.36,417.615,1.85978,2.05562,1348.08,137.028,1.47769,-2.08811,32434.4,328.219,1,1,1,1,1,0
138,93,228.625,417.792,1.90964,2.24842,1183.99,121.892,-3.05181,-6.62004,31565.1,315.929,1,1,1,1,1,0
138,94,228.448,417.96,2.14998,2.48879,1410.32,51.5164,4.52298,-8.76461,49123.4,351.142,1,1,1,1,1,0
138,95,228.585,417.982,2.0005,2.33789,1456.78,113.174,-5.80849,-2.76877,42194,365.296,1,1,1,1,1,0
138,96,228.604,417.985,2.09942,2.41534,1424.9,99.8435,-4.1683,-6.00605,44723.4,370.669,1,1,1,1,1,0
138,97,228.545,417.909,2.08446,2.33234,1473.17,89.7224,-1.22606,-5.96377,44721.2,362.444,1,1,1,1,1,0
138,98,228.571,417.926,1.84951,2.06043,1550.64,137.137,-2.21595,-0.490708,35961.3,354.473,1,1,1,1,1,0
138,99,228.525,418.01,1.80119,2.06165,1561.91,145.141,-0.976052,-6.1561,36283.3,361.047,1,1,1,1,1,0
138,100,228.655,418.06,1.83154,2.05927,1480.69,179.218,-13.3856,-18.6136,34935.3,377.728,1,1,1,1,1,0
138,101,228.602,417.773,1.9087,2.14818,1555.98,180.081,-26.9359,-10.9033,40737,423.166,,,,,,0
139,25,309.032,252.807,2.89502,3.29633,308.528,82.4385,8.88608,16.4319,18292.3,196.278,1,2,3,4,5,0
139,26,310.776,252.449,2.80489,2.96646,352.47,77.0883,-1.18469,6.95614,16742.7,181.651,1,2,3,4,5,0
139,27,311.071,251.715,1.91916,1.90107,450.897,126.034,-0.173499,8.70689,10304.6,182.426,1,2,3,4,5,0
139,28,311.518,251.428,2.22165,2.01621,328.592,117.566,1.37226,4.9702,9208.92,174.556,1,2,3,4,5,0
139,29,313.356,251.147,1.6367,2.06901,273.082,137.102,2.90959,2.90805,5789.13,166.888,1,2,3,4,5,0
139,30,314.588,251.236,2.93605,2.44244,313.691,90.4165,2.00368,3.656,13839.5,177.095,1,2,3,4,5,0
139,31,312.455,250.594,1.68137,1.4315,362.25,122.778,6.94911,1.9964,5475.54,150.976,1,2,3,4,5,0
139,32,314.187,248.625,2.21325,2.10826,299.905,103.918,-1.16027,3.22706,8109.8,150.713,1,2,3,4,5,0
139,33,315.919,246.655,2.74513,2.78502,237.559,85.0583,-9.26966,4.45772,10744.1,150.45,1,2,3,4,5,0
139,34,318.019,247.773,2.68805,2.61235,282.783,80.9224,-4.55031,1.80513,11755,152.148,1,2,3,4,5,0
139,35,320.12,248.891,2.63097,2.43968,328.008,76.7864,0.169032,-0.847456,12766,153.846,1,2,3,4,5,0
139,36,319.641,248.926,2.38135,2.79624,335.312,67.4808,-2.26658,-0.546729,13926.6,151.615,1,2,3,4,5,0
139,37,319.426,250.163,2.13051,2.61212,302.33,97.7691,-4.29137,1.87134,10293.9,160.97,1,2,3,4,5,0
139,38,319.365,250.35,3.14176,2.81916,250.462,74.5162,1.53354,-2.32919,12706.1,152.675,1,2,3,4,5,0
139,39,320.908,249.563,3.75282,3.54229,365.913,-14.6262,-8.93692,9.30299,25830,156.586,1,2,3,4,5,0
139,40,319.611,249.67,1.69537,2.22277,418.833,102.442,-5.44172,6.7786,9842.23,159.302,1,2,3,4,5,0
139,41,318.433,250.417,2.08923,2.4223,389.643,81.8761,-1.77948,3.3928,12279.6,153.811,1,2,3,4,5,0
139,42,317.533,252.555,2.46989,2.02122,243.366,118.307,-5.86381,5.27271,8064.66,165.793,1,2,3,4,5,0
139,43,315.273,253.947,1.96223,2.68644,295.517,120.308,-1.34478,9.66644,8870.92,169.556,,,,,,0
140,25,359.107,185.566,4.07031,2.51904,461.048,93.4619,-1.51687,-18.6253,25503.3,249.746,1,2,2,3,4,0
140,26,360.125,184.501,3.83864,2.66316,544.304,76.6244,-6.77431,-5.84799,29354.4,259.142,1,2,2,3,4,0
140,27,360.937,184.268,3.31692,2.10144,459.746,120.322,-13.1752,0.18402,18961.8,231.757,1,2,2,3,4,0
140,28,360.737,184.618,3.67062,2.01865,493.897,90.7448,-8.838,-1.3429,20592.6,216.059,1,2,2,3,4,0
140,29,361.249,184.052,2.37632,1.72773,576.877,133.933,-17.6137,-0.837842,14724.8,216.024,1,2,3,4,5,0
140,30,355.666,184.815,3.77719,2.58616,416.561,104.643,10.8094,-8.50744,22714.2,242.834,1,1,2,2,3,0
140,31,355.919,184.354,3.73321,2.46602,443.717,112.377,10.6973,-10.3306,23134.5,259.74,1,1,2,2,3,0
140,32,356.173,183.892,3.68923,2.34589,470.874,120.111,10.5852,-12.1538,23554.9,276.645,1,1,2,2,3,0
140,33,355.85,183.62,3.17458,2.563,431.486,135.878,12.3994,-5.62297,20587.7,261.225,1,1,2,3,4,0
140,34,355.536,184.457,3.02588,2.31581,453.145,112.318,3.29398,-1.01008,21713.5,240.308,1,1,2,3,4,0
140,35,356.093,184.885,3.54412,2.04808,420.691,148.009,6.72246,-11.4294,17303.1,256.367,1,1,2,3,4,0
140,36,355.468,184.762,2.53275,1.96832,437.237,143.73,12.9302,-15.0979,13405.3,226.059,1,2,3,4,5,0
140,37,358.834,183.157,3.98967,1.63342,295.542,198.674,8.04759,-17.2883,8481.71,241.385,1,2,3,4,5,0
140,38,360.376,183.011,3.00383,1.7861,384.398,157.495,0.198359,-12.2317,10046.3,218.263,1,2,3,4,5,0
140,39,361.917,182.864,2.01798,1.93878,473.254,116.316,-7.65087,-7.17515,11610.8,195.142,1,1,2,2,2,0
140,40,361.926,183.094,1.87786,1.97484,620.188,93.1339,-2.00568,-7.85784,14402,181.101,1,1,2,2,2,0
140,41,362.27,182.972,1.93354,2.01982,462.473,110.024,-4.20016,-9.79732,11296.4,176.154,1,1,2,2,3,0
140,42,362.444,183.801,2.01428,2.30214,419.996,90.4961,-13.5709,-20.4373,13607.9,178.775,1,1,2,2,3,0
140,43,362.494,183.166,1.90879,2.35122,474.447,88.7915,-13.5547,-16.0918,13209.4,173.71,1,1,1,2,2,0
140,44,362.664,182.913,1.60588,2.02974,468.624,129.977,-13.3187,-12.8718,9572.56,190.515,1,1,1,2,2,0
140,45,362.968,182.69,1.72508,1.65813,406.65,153.25,-12.7665,-17.7064,7296.89,203.272,1,1,1,2,1,0
140,46,362.876,182.561,1.70171,1.72773,400.771,137.099,-11.9596,-15.1899,7451.5,189.243,1,1,1,2,2,0
140,47,362.446,182.479,2.1798,2.24254,367.351,124.138,-11.3905,-17.1535,11271.7,193.083,1,1,2,2,2,0
140,48,362.184,181.974,2.2276,2.58663,427.937,94.8579,-5.37538,-10.5153,15091.8,188.396,1,1,2,2,4,0
140,49,362.277,181.652,2.18484,2.24217,452.494,98.1719,-5.44181,-11.5344,13854.6,184.444,1,2,2,3,4,0
140,50,363.285,180.557,1.9628,1.81637,515.151,121.65,-8.22858,-12.9972,11325.2,183.669,1,1,2,2,1,0
140,51,363.29,180.418,1.72767,1.82878,584.621,98.6707,-6.0006,-12.3165,11586.1,165.391,1,1,2,2,3,0
140,52,363.009,180.237,1.63592,2.06405,608.687,130.149,-5.47371,-12.5902,12865.9,198.692,1,1,2,2,3,0
140,53,362.53,180.332,2.32795,2.12779,640.653,126.616,-16.2078,-5.6736,20272.8,244.243,1,1,2,2,3,0
140,54,363.255,180.232,2.36361,1.94944,478.411,138.406,-18.1221,1.47826,13670.8,215.183,1,1,2,2,3,0
140,55,362.856,180.511,2.6457,2.40529,431.067,108.626,-14.5932,-2.39786,16837.4,214.781,1,1,2,3,4,0
140,56,362.339,180.821,2.48343,2.42108,442.401,100.596,-8.38445,-1.22417,16865.1,201.402,1,1,2,3,4,0
140,57,363,180.788,2.11072,1.85392,539.364,142,-18.8612,3.09979,13207.2,209.586,1,2,2,3,4,0
140,58,361.852,181.804,2.2306,2.05327,557.052,152.526,-9.44509,-8.21277,15307.3,248.923,1,1,2,3,4,0
140,59,362.221,181.934,2.19587,1.91427,641.402,163.568,-16.782,-10.3468,16397.8,262.343,1,1,2,1,1,0
140,60,362.275,181.712,2.05781,2.14107,564.125,152.452,-16.568,1.26091,14899.5,237.97,1,1,2,2,2,0
140,61,362.401,181.313,2.03619,2.12122,527.077,128.653,-8.74209,4.16529,14188.6,213.367,1,1,2,2,3,0
140,62,362.967,181.121,1.97337,2.01846,513.819,122.957,0.98325,-1.84988,12797.1,204.834,1,1,2,3,4,0
140,63,363.177,181.141,1.88029,2.22831,431.435,140.952,-8.10151,-6.99831,11073.5,199.485,1,2,2,3,4,0
140,64,362.074,181.385,1.98915,2.28479,362.894,146.865,-6.16611,-3.72748,10245.2,197.846,1,2,2,3,4,0
140,65,361.619,182.469,2.10022,2.20516,489.633,112.749,-4.0317,-4.80602,14080.7,200.976,1,1,2,3,4,0
140,66,361.673,182.97,2.01755,1.85345,571.574,152.543,-12.1697,-2.42375,13375.6,236.633,1,1,2,2,3,0
140,67,361.473,182.632,2.34491,1.64128,489.473,146.42,-11.6633,-2.28851,11701.1,216.787,1,1,2,2,3,0
140,68,361.419,182.283,2.47365,1.85993,472.987,124.606,-7.47419,-1.18309,14311.5,203.154,1,1,2,2,3,0
140,69,361.395,182.981,2.5843,1.906,566.327,122.385,-6.1093,-4.64368,17470.6,224.426,1,1,2,2,3,0
140,70,361.515,183.115,2.35761,1.82719,631.545,112.471,-6.30702,-5.51821,16873.3,213.888,1,1,2,2,3,0
140,71,362.125,182.885,2.58435,2.09409,533.227,106.28,-12.0874,-6.38189,17709.3,209.769,1,1,2,2,3,0
140,72,362.848,182.371,2.34741,1.95476,617.46,104.581,-9.39213,-7.84011,17581.1,217.627,1,1,2,2,3,0
140,73,362.891,181.674,1.93175,1.85057,620.425,123.347,-8.54583,-7.49282,13901.7,212.71,1,1,2,2,3,0
140,74,362.854,181.174,2.90518,2.54354,504.653,99.1034,-10.1725,-6.75709,22138.7,245.462,1,1,2,2,3,0
140,75,362.849,180.878,3.62355,2.56754,496.25,99.9216,-14.9612,-3.88754,25734.8,267.562,1,1,2,2,3,0
140,76,362.704,180.415,3.22846,2.09711,636.814,123.222,-11.5559,1.08624,26350.8,288.994,1,1,2,2,3,0
140,77,363.074,180.111,2.94214,2.12228,594.888,166.165,-24.1689,5.93669,22310.5,288.225,1,1,2,3,4,0
140,78,362.491,180.611,3.15983,2.12195,538.19,177.873,-16.1503,-3.91154,22671.4,313.42,1,2,2,3,4,0
140,79,363.794,179.47,2.58412,1.69822,431.512,213.483,-25.9189,11.5143,11689.6,282.402,1,1,2,3,4,0
140,80,363.644,179.563,2.04118,2.10065,506.311,143.286,-8.79132,2.08148,13492.8,227.793,1,1,2,2,3,0
140,81,363.644,180.094,2.41309,2.62686,504.928,103.498,-5.27796,-0.0694115,19423.7,222.533,1,1,2,2,3,0
140,82,364.06,180.539,1.9568,2.12544,639.622,120.722,-7.73555,-1.64169,16263.5,212.574,1,1,2,2,3,0
140,83,363.969,180.825,1.92491,2.10041,716.506,126.771,-11.4253,-5.63709,18098.5,236.639,1,1,2,3,4,0
140,84,363.414,180.943,2.15999,1.95495,967.607,149.8,-11.8084,-7.91773,25471.7,300.533,1,2,2,3,4,0
140,85,363.968,179.807,1.63103,1.99041,738.805,173.343,-11.7443,-7.88544,15033.2,259.314,1,1,2,3,4,0
140,86,363.248,179.961,2.11749,2.13639,494.247,113.026,-5.64175,-8.71207,13922.1,193.556,1,1,2,3,4,0
140,87,363.527,179.961,2.08009,2.06582,512.194,101,-3.34098,-3.05716,13802.6,182.882,1,1,2,2,3,0
140,88,363.254,179.916,1.7797,2.15703,510.684,120.421,-3.90997,-4.74341,12247,193.882,1,1,2,3,4,0
140,89,362.142,179.883,2.03596,2.01369,499.649,125.362,-6.14972,-1.89033,12798.3,197.657,1,1,2,2,3,0
140,90,361.95,179.938,2.51729,2.29753,445.338,113.29,-10.6073,-3.35729,15782.8,209.781,1,1,2,2,3,0
140,91,362.238,179.729,3.3639,2.60755,343.694,139.879,-13.0944,1.8527,17164.7,240.899,1,1,2,2,3,0
140,92,362.091,179.423,2.8201,2.73567,371.328,128.644,-6.59375,-0.547229,16903.9,226.698,1,1,2,2,3,0
140,93,362.517,179.257,2.6245,2.26291,438.159,111.648,-7.49857,0.192197,16093,211.101,1,1,2,3,4,0
140,94,361.979,179.808,2.09872,1.88698,552.962,113.681,-2.23876,1.7372,13686.8,192.834,1,1,2,3,4,0
140,95,362.086,180.529,1.63883,1.81457,661.313,126.85,-4.85892,1.9927,12928.3,201.03,1,2,2,3,4,0
140,96,362.911,180.682,1.71299,2.18358,471.553,143.595,-11.3474,5.56874,11010.9,210.053,1,2,3,4,5,0
140,97,363.647,179.84,1.97052,2.43558,411.436,139.764,-20.3846,14.9046,13754.2,223.243,1,2,3,4,5,0
140,98,362.788,181.617,2.13764,2.11479,438.501,162.556,-12.7447,6.74979,12721,239.621,1,2,3,4,5,0
140,99,361.665,183.414,2.62466,2.13333,444.276,128.4,-9.53915,-2.28026,15196.9,230.757,1,2,3,4,5,0
140,100,360.525,183.705,2.46105,2.19146,458.657,165.038,-18.1084,8.02666,15935.2,260.911,1,2,3,4,5,0
140,101,358.433,184.398,3.56645,2.41293,563.36,96.9548,8.93153,-2.05641,27257.2,259.059,,,,,,0
141,26,337.885,251.825,1.9548,2.03956,230.757,83.1199,-1.3461,-2.88038,5751.76,115.107,1,2,3,4,5,0
141,27,338.628,253.568,2.25568,2.60646,256.853,55.9086,-2.12805,-1.62285,9201.15,113.846,1,2,3,4,5,0
141,28,341.102,254.391,1.98107,2.37579,299.653,64.8271,-2.76924,-2.02677,8561.62,116.923,1,2,3,4,5,0
141,29,343.576,255.214,1.70647,2.14512,342.453,73.7457,-3.41042,-2.4307,7922.09,120,1,2,3,4,5,0
141,30,342.794,254.005,2.51546,2.1054,291.216,59.873,0.125648,-2.98499,9490.33,116.935,1,2,3,4,5,0
141,31,342.156,250.642,2.48075,1.88877,297.077,74.5433,1.07821,-4.14403,8472.91,125.308,1,2,3,4,5,0
141,32,341.518,247.279,2.44604,1.67214,302.937,89.2135,2.03078,-5.30308,7455.5,133.68,1,2,3,4,5,0
141,33,342.488,246.674,1.97695,1.82654,383.583,66.8862,-2.08128,-3.23024,8494.54,118.976,1,2,3,4,5,0
141,34,342.582,245.953,2.05245,2.49676,321.673,55.7911,-5.49867,-5.88433,10186.6,121.959,1,2,3,4,5,0
141,35,341.706,242.014,2.06275,1.64724,226.363,90.4102,-0.678625,-2.45536,4814.58,116.213,1,2,3,4,5,0
141,36,342.685,242.113,2.40635,1.79072,262.078,68.1794,-3.48249,-5.44619,7000.19,106.911,1,2,3,4,5,0
141,37,339.894,243.922,2.02326,1.58422,282.805,75.3217,2.65014,-5.17421,5679.06,111.592,1,2,3,4,5,0
141,38,338.471,243.83,2.14619,2.27022,289.559,67.03,1.18567,-2.51573,8983.47,123.414,1,2,2,3,4,0
141,39,337.726,243.597,2.17023,1.89675,283.478,76.1774,0.130716,1.63122,7387.8,118.959,1,2,2,3,4,0
141,40,336.982,243.364,2.19427,1.52328,277.397,85.3247,-0.924238,5.77817,5792.13,114.503,,,,,,0
142,27,216.327,269.107,2.32005,1.58526,297.95,155.129,-16.1319,-0.279331,7145.96,201.846,1,2,3,4,5,0
142,28,217.481,267.381,2.06178,1.19566,359.987,127.738,-13.7277,-4.90681,5556.67,164.243,1,2,3,4,5,0
142,29,218.474,264.493,1.92688,2.14109,361.702,107.997,-6.73391,0.107937,9397.88,160.544,1,2,3,4,5,0
142,30,218.75,264.165,2.21488,2.22004,392.899,106.586,-7.21941,-3.91877,11979.7,176.982,1,2,3,4,5,0
142,31,219.72,264.275,1.89855,1.71155,350.227,111.071,-1.86967,-8.70565,7136.31,154.26,1,2,3,4,5,0
142,32,221.446,264.182,1.81852,2.06219,605.352,97.8882,-0.504472,-5.39435,14198.5,187.527,1,2,3,4,5,0
142,33,222.928,264.3,2.23232,2.59742,419.393,87.8735,-2.10622,-0.371409,14858.1,171.858,1,2,3,4,5,0
142,34,224.265,262.497,2.016,1.77764,492.217,116.9,1.58859,-4.84304,11041.5,178.337,1,2,3,4,5,0
142,35,224.545,260.54,2.12606,2.17165,699.266,126.59,-0.930254,1.06851,20157.2,243.87,1,2,3,4,5,0
142,36,222.727,258.91,2.29532,1.97444,380.846,89.835,-1.86382,-4.85211,10735,154.716,1,2,3,4,5,0
142,37,222.282,255.94,2.01124,2.01125,676.67,102.693,-4.19196,-9.78207,17105.1,205.124,1,2,3,4,5,0
142,38,222.083,251.857,2.10737,1.75397,545.163,116.632,-3.81814,0.94878,12603,188.207,1,2,3,4,5,0
142,39,221.959,251.564,1.81245,1.75586,614.897,134.452,-1.86524,-3.79923,11675.6,198.13,1,2,3,4,5,0
142,40,223.17,252.187,2.01721,2.29267,497.877,110.399,-3.93597,-12.7891,14305,188.118,1,2,3,4,5,0
142,41,223.476,251.306,1.69075,2.06845,951.068,126.246,-0.505891,-7.47342,20809.3,244.237,1,2,3,4,5,0
142,42,222.044,252.426,1.59699,2.01822,660.899,134.272,-5.08138,-4.2221,13341.4,205.195,1,2,3,4,5,0
142,43,221.478,253.969,1.56182,1.75353,949.427,171.021,-10.7058,-8.83636,14393.3,256.704,1,2,3,4,5,0
142,44,222.402,254.091,1.79956,2.0298,820.184,121.432,-2.71722,-2.94274,18752,226.497,1,2,3,4,5,0
142,45,223.558,253.556,2.04048,1.84482,795.322,114.851,0.911908,-3.69393,19361.8,229.704,1,2,3,4,5,0
142,46,224.523,251.701,2.26198,2.32155,994.72,102.062,-6.84961,-7.27234,32625.5,296.231,1,2,3,4,5,0
142,47,223.257,252.33,1.97856,2.25922,646.252,117.588,-2.74893,-9.01848,17961.5,216.87,1,2,3,4,5,0
142,48,220.485,252.74,2.33423,2.11233,478.747,91.0699,-4.08389,-4.4819,14600.7,177.586,1,2,3,4,5,0
142,49,219.563,253.934,2.78266,2.34336,529.441,60.5116,-5.38627,-4.75609,21702.6,191.562,1,2,3,4,5,0
142,50,221.258,257.798,1.70519,1.21346,408.455,98.8226,-0.280485,-7.87971,5308.82,125.053,1,2,3,4,5,0
142,51,220.625,259.464,2.36819,2.98115,512.396,9.84438,8.86607,0.893262,24300.4,167.876,1,2,3,4,5,0
142,52,221.411,261.352,1.79185,2.029,352.598,93.8223,-5.60965,1.22293,8021.03,144.077,1,2,3,4,5,0
142,53,218.972,265.332,1.28798,1.9653,431.979,173.019,-6.41354,1.65733,6854.3,211.722,1,2,3,4,5,0
142,54,217.473,266.729,1.97245,3.91835,376.386,126.064,-9.08224,-0.873479,16535.1,225.32,1,2,3,4,5,0
142,55,217.527,260.863,2.06033,2.3136,293.921,104.43,-0.470506,-1.06812,8687.28,152.03,1,2,3,4,5,0
142,56,219.628,259.41,2.29715,2.71274,458.664,66.322,-2.05913,-3.79117,17137.9,171.675,1,2,3,4,5,0
142,57,220.612,257.269,2.00319,1.75974,619.024,103.627,-0.216753,-8.31501,12661.5,177.994,1,2,3,4,5,0
142,58,222.425,255.879,2.08855,2.19663,516.521,104.909,2.59932,-4.75,14734.5,188.71,1,2,3,4,5,0
142,59,225.651,256.103,1.74403,1.94494,599.246,127.319,6.42052,-2.29489,12762,197.373,1,2,3,4,5,0
142,60,227.518,256.195,2.13193,2.34606,1037.46,85.3904,3.91585,-9.48284,31524.6,274.308,1,2,3,4,5,0
142,61,226.945,256.574,2.20436,2.4168,728.065,64.9631,-0.230711,-9.49502,25067.7,213.799,1,2,3,4,5,0
142,62,225.895,258.219,2.07064,2.10179,796.582,110.222,0.00983122,-3.3528,21616.4,242.941,1,2,3,4,5,0
142,63,224.855,261.906,3.08515,2.93654,331.344,65.6814,6.2303,-4.77175,17215.3,172.893,1,2,3,4,5,0
142,64,225.159,265.7,1.89992,2.10652,729.385,158.037,-9.26609,5.17549,18233.9,263.609,1,2,3,4,5,0
142,65,226.78,266.608,2.02507,1.95064,538.415,180.399,-6.65338,-1.46259,10760,237.343,1,2,3,4,5,0
142,66,228.955,267.182,2.07328,2.05002,1192.22,140.382,1.67593,-9.07869,31624.6,322.059,1,2,3,4,5,0
142,67,227.745,266.337,2.06116,2.23643,757.65,147.359,-2.20333,-9.24342,21805.2,278.225,1,2,3,4,5,0
142,68,226.2,265.385,1.63131,1.97272,696.755,176.708,-6.03197,-9.13332,11532.1,244.787,1,2,3,4,5,0
142,69,224.388,264.44,1.8978,1.98898,498.356,133.928,-3.32473,2.29969,11766.1,195.876,1,2,3,4,5,0
142,70,222.565,264.181,2.01959,1.95359,640.152,119.58,2.35611,2.01839,15486.4,210.349,1,2,3,4,5,0
142,71,221.579,263.914,1.80611,1.33997,413.623,150.918,-4.60969,1.9831,6286.89,188.124,1,2,3,4,5,0
142,72,218.353,265.167,2.61062,2.40097,395.688,113.751,-10.5968,-2.41185,15225.3,207.13,1,2,3,4,5,0
142,73,218.545,265.017,2.21686,2.86261,372.063,131.084,-6.58283,0.305685,14423.5,215.462,1,2,3,4,5,0
142,74,222.083,263.2,1.83016,1.98224,547.522,164.56,-0.149924,1.76202,12440.2,230.929,1,2,3,4,5,0
142,75,222.527,264.953,2.67645,1.94059,324.531,101.05,-1.76542,-0.0148946,10421.1,161.68,1,2,3,4,5,0
142,76,221.126,268.336,1.83722,1.58839,333.637,149.602,-2.70258,0.322588,6110.97,178.533,1,2,3,4,5,0
142,77,220.704,271.175,1.56883,1.67103,324.049,129.309,-11.9771,6.22903,5355.68,165.189,1,2,3,4,5,0
142,78,220.661,274.593,2.38657,1.85115,368.144,124.887,-15.8688,3.0723,10656.5,192.527,1,2,3,4,5,0
142,79,220.617,278.011,3.20431,2.03128,412.238,120.464,-19.7606,-0.0844268,15957.4,219.864,1,2,3,4,5,0
142,80,220.87,277.581,1.89203,1.66956,481.695,175.867,-28.5017,0.720782,9588.69,239.639,1,2,3,4,5,0
142,81,218.771,277.8,2.32111,2.40418,536.462,145.464,-13.9692,-1.26362,18237.2,255.166,1,2,3,4,5,0
142,82,216.994,278.249,2.15702,2.30564,405.276,120.977,-6.49523,-5.86758,12486.1,199.349,1,2,3,4,5,0
142,83,215.344,277.568,2.07209,2.18185,495.767,115.858,-2.13867,-7.23812,14523.2,195.024,1,2,3,4,5,0
142,84,215.097,276.948,2.47501,2.4301,509.845,73.9808,-1.34561,-2.26266,19188.7,192.391,1,2,3,4,5,0
142,85,216.594,275.709,2.58499,2.66952,408.409,86.7415,-2.25041,-3.73003,16664.5,186.358,1,2,3,4,5,0
142,86,218.09,274.469,2.69497,2.90894,306.973,99.5021,-3.15521,-5.1974,14140.3,180.325,1,2,3,4,5,0
142,87,218.132,272.83,2.45063,2.65706,396.508,92.902,-1.80252,-1.10916,15625.1,183.497,1,2,3,4,5,0
142,88,220.487,271.51,2.35989,2.11665,274.928,101.347,-5.586,-3.5742,8443.36,147.592,1,2,3,4,5,0
142,89,221.864,272.154,2.32259,2.0862,302.594,106.607,0.409498,-1.45653,9038.43,159.127,1,2,3,4,5,0
142,90,223.24,272.797,2.28528,2.05575,330.26,111.867,6.405,0.661138,9633.5,170.663,1,2,3,4,5,0
142,91,221.461,273.324,2.06955,1.96696,584.119,77.8934,2.38797,-5.13179,15529.6,177.201,1,2,3,4,5,0
142,92,221.797,273.041,1.7369,1.88696,528.361,124.961,6.77679,1.94443,10860.9,187.87,1,2,3,4,5,0
142,93,224.278,274.277,1.92465,2.017,475.379,140.221,7.00466,6.79042,11666,206.065,1,2,3,4,5,0
142,94,228.385,276.574,2.53931,2.26828,477.451,87.2358,-3.36724,-0.660004,16736.6,189.615,1,2,3,4,5,0
142,95,228.689,275.995,2.55088,2.67154,437.071,62.9235,1.48905,-0.557269,17924.6,173.065,1,2,3,4,5,0
142,96,226.488,274.859,1.65093,2.36069,417.583,127.051,2.17973,2.21839,9685.7,177.467,1,2,3,4,5,0
142,97,224.883,275.039,2.17897,2.43737,461.144,115.897,-7.32941,0.793362,15208,212.136,,,,,,0
143,28,27.0683,107.773,1.61896,1.59845,254.597,85.979,2.45037,6.13057,4138.61,109.947,1,2,3,4,5,0
143,29,31.2494,112.532,1.81884,2.19268,258.932,202.086,-2.97187,3.77807,6500.38,236.018,1,2,3,4,5,0
143,30,26.1799,109.323,2.06944,2.29133,324.749,138.151,0.329782,8.00402,9554.74,193.929,1,2,3,4,5,0
143,31,22.1346,111.008,1.49618,1.96144,510.313,167.283,6.30452,-0.30052,9391.08,223.272,1,2,3,4,5,0
143,32,19.057,111.867,2.07683,2.16572,508.136,139.731,7.17744,2.18035,14233.9,229.249,1,2,3,4,5,0
143,33,17.0841,114.278,2.0217,2.17503,442.423,128.722,2.18946,-1.7193,12119.9,203.716,1,2,3,4,5,0
143,34,17.4066,115.36,1.52618,1.52149,495.897,177.646,5.32273,0.144801,6086.04,213.195,1,2,3,4,5,0
143,35,19.6437,117.404,1.83594,2.51194,628.022,191.579,5.77657,6.13415,17309.5,300.864,1,2,3,4,5,0
143,36,19.9551,116.75,1.89502,2.37722,652.49,281.303,18.4251,23.6282,17951.9,376.402,1,2,3,4,5,0
143,37,17.1303,115.824,1.47228,2.10906,489.055,150.375,6.46364,-1.40879,9433.9,210.432,1,2,3,4,5,0
143,38,15.7123,114.613,2.58124,2.32162,453.21,87.8914,4.93635,-1.46299,16024.5,186.716,1,2,3,4,5,0
143,39,13.1809,112.486,1.87065,2.52927,493.454,116.551,-1.19326,-7.28852,14194.4,198.568,1,2,3,4,5,0
143,40,12.2145,111.896,1.87556,2.26305,743.84,142.793,-5.43553,-11.6626,19661.3,265.663,1,2,3,4,5,0
143,41,12.1992,113.83,1.44116,1.59573,417.989,171.211,3.92726,-9.55545,6043.2,212.639,1,2,3,4,5,0
143,42,16.0442,117.673,1.93089,1.73875,361.643,143.592,2.18392,-3.87614,7612.06,192.704,1,2,3,4,5,0
143,43,17.9059,120.005,1.56286,2.37896,608.593,159.97,15.3372,-10.1773,14832.4,242.302,1,2,3,4,5,0
143,44,17.168,119.192,1.81814,2.66951,498.315,129.189,3.48301,-0.198568,15393.5,225.976,1,2,3,4,5,0
143,45,17.083,117.373,1.5386,2.19166,526.343,157.683,3.18143,-1.29736,11079,221.568,,,,,,0
144,29,420.875,157.896,2.42445,2.44091,420.486,92.1184,0.87318,-5.14384,15305.4,184.97,1,2,3,4,5,0
144,30,420.482,157.206,2.48675,2.09804,453.768,95.888,0.534354,-6.12781,14561.5,181.917,1,2,3,4,5,0
144,31,419.27,156.366,2.25784,2.60535,386.55,93.5541,4.67874,-5.90787,13867.2,175.379,1,2,3,4,5,0
144,32,418.177,154.934,2.28227,2.28066,464.505,123.556,3.7438,-5.28412,14266,205.077,1,2,3,4,5,0
144,33,417.536,153.674,2.54462,2.34572,386.574,99.9576,6.63653,3.84706,14063.1,188.562,1,2,3,4,5,0
144,34,416.75,152.618,2.19343,2.1501,416.675,104.308,1.78526,0.403901,12203.2,176.201,1,2,3,4,5,0
144,35,415.676,150.975,2.22951,2.23816,568.516,98.0723,0.0984283,0.243598,17574.1,207.272,1,2,3,4,5,0
144,36,413.944,149.35,2.16317,2.31243,436.307,132.816,-3.17592,-5.99993,13509.8,215.379,1,2,3,4,5,0
144,37,410.233,145.736,3.01269,2.50273,405.772,102.927,7.75046,-0.418366,17679.2,209.846,1,2,3,4,5,0
144,38,410.823,146.138,2.05148,2.12747,537.462,105.395,-4.49461,-1.41023,14642.7,188.935,1,2,3,4,5,0
144,39,411.378,146.504,2.2703,2.0444,566.654,107.043,-3.90467,0.690478,15651.9,202.201,1,2,3,4,5,0
144,40,412.857,147.137,2.23682,1.90014,561.409,119.384,-0.23527,1.23399,14866.9,207.142,1,2,3,4,5,0
144,41,413.798,149.169,2.07713,2.36584,529.415,115.927,-6.50219,-3.96388,16110.7,211.355,1,2,3,4,5,0
144,42,413.042,148.833,2.85231,3.05385,313.176,71.127,-5.04857,0.123069,15742.5,166.651,1,2,3,4,5,0
144,43,412.485,147.762,2.18401,2.29262,323.317,124.523,-7.83146,-2.75908,9724.78,182.467,1,2,3,4,5,0
144,44,411.314,146.24,2.79768,2.26219,608.584,92.2314,-4.05585,-1.63841,23283.9,232.592,1,2,3,4,5,0
144,45,410.417,145.727,2.56612,1.85878,594.869,98.0697,-0.602084,-0.196381,17446.6,206.361,1,2,3,4,5,0
144,46,410.97,146.487,2.6464,1.99337,432.273,94.0234,-1.62929,-4.04014,14277.6,180.006,1,2,3,4,5,0
144,47,412.454,147.73,2.30084,2.62844,501.858,73.412,-4.01472,-2.8167,19069.7,186.58,1,2,3,4,5,0
144,48,412.268,146.743,1.66808,2.14269,623.062,117.543,-6.1009,1.7017,13918.3,197.16,1,2,3,4,5,0
144,49,412.267,147.35,2.30346,2.26896,388.758,110.578,0.284267,-3.37706,12992.4,187.148,1,2,3,4,5,0
144,50,415.987,151.254,2.07074,2.37718,452.801,102.423,-4.26765,-6.20592,13796.9,181.243,1,1,2,2,3,0
144,51,415.826,151.783,3.32247,3.07359,278.043,48.0225,-0.428313,-5.82766,15749.7,145.858,1,1,2,2,3,0
144,52,415.629,152.402,3.49026,2.92826,282.89,57.7538,2.2903,-1.64775,15918.6,157.728,1,1,2,2,3,0
144,53,416.015,152.344,2.26334,2.22847,490.183,98.4294,-1.7396,-2.96986,14936.2,189.03,1,1,2,3,4,0
144,54,416.152,153.18,2.38834,1.74401,319.388,94.2829,3.33883,-1.25507,8257.89,145.373,,,,,,0
145,29,441.199,503.895,2.15766,2.29399,899.81,176.985,7.01881,-7.63558,27231.5,336.047,1,2,3,4,5,0
145,30,441.706,504.865,2.03147,1.89073,1003.31,166.649,7.72609,-11.7209,24429.3,307.976,1,2,3,4,5,0
145,31,440.222,504.639,2.68236,3.07273,473.765,88.3184,2.1171,-8.97403,22692.4,227.479,1,2,3,4,5,0
145,32,437.272,504.732,2.52271,2.28562,756.847,113.094,1.24485,-7.92124,27083.3,271.876,1,2,3,4,5,0
145,33,439.461,504.166,2.87932,2.35254,473.343,98.9785,2.83166,-4.62892,19343.5,212.615,1,2,3,4,5,0
145,34,443.544,503.196,2.17124,2.0616,619.424,136.19,-1.23019,-2.52938,17251.2,232.254,1,2,3,4,5,0
145,35,444.594,501.174,1.81254,2.26324,1004.05,158.478,3.45813,-11.9407,24113.9,293.686,1,2,3,4,5,0
145,36,445.117,500.752,1.8396,2.1234,1313.07,148.135,4.38068,-6.3009,32046.9,334.929,1,2,3,4,5,0
145,37,445.537,500.235,2.19914,2.18275,985.613,111.353,3.17099,-7.71421,28960.7,286.722,1,2,3,4,5,0
145,38,446.43,498.495,1.65672,1.65657,901.947,170.778,-7.23431,-1.92473,13493.5,248.231,1,2,3,4,5,0
145,39,446.392,495.511,2.1243,2.00187,821.449,167.428,4.77955,-6.14584,21513.9,299.467,1,2,3,4,5,0
145,40,445.226,494.401,2.00321,2.25237,792.099,164.174,6.08483,-7.44587,20965.2,286.568,1,2,3,4,5,0
145,41,444.581,494.014,2.7,2.26445,713.651,112.683,1.26331,-1.37591,26467.8,268.592,1,2,3,4,5,0
145,42,445.075,495.231,2.04715,2.18003,455.22,142.652,5.1929,-3.53619,12047.5,212.893,1,2,3,4,5,0
145,43,446.378,497.728,2.28165,2.43622,1004.04,122.252,8.23724,2.32202,34331.6,325.893,1,2,3,4,5,0
145,44,445.927,499.255,2.38987,1.72305,838.968,171.191,4.47649,-2.45098,21447.4,287.456,1,2,3,4,5,0
145,45,445.472,500.48,2.3259,2.29396,1068.24,124.972,7.14521,-8.74705,34977.4,332.219,1,2,3,4,5,0
145,46,446.208,499.763,2.2486,2.31268,1083.7,139.74,-0.515266,-4.76156,33707.4,338.485,1,2,3,4,5,0
145,47,446.588,499.529,2.23056,2.1917,1106.85,128.064,1.21994,-5.15846,32860.1,326.953,1,2,3,4,5,0
145,48,447.901,500.824,1.91992,2.13738,804.011,172.414,-2.56996,-8.82443,20599.2,283.811,1,2,3,4,5,0
145,49,447.781,504.188,2.12635,1.75582,691.46,185.506,1.73299,-8.84363,16139.8,275.249,,,,,,0
146,29,449.393,364.729,1.51075,3.40788,242.276,139.547,-9.30613,-6.82306,8975.75,195.615,1,2,2,3,4,0
146,30,450.136,365.008,1.35371,2.22581,320.454,154.629,-6.43219,4.85577,6027.1,195.396,1,2,2,3,4,0
146,31,450.927,365.366,1.71329,2.16743,327.868,136.076,-9.09945,-0.78924,8076.83,182.87,1,2,3,3,4,0
146,32,452.863,365.908,1.63634,2.86928,304.908,136.872,-9.7616,-6.59191,8671.33,192.953,1,2,3,3,4,0
146,33,451.756,366.175,1.82306,2.08076,312.351,149.007,-2.4286,-5.49713,6937.99,191.787,1,2,2,3,4,0
146,34,450.65,366.441,2.00979,1.29223,319.794,161.141,4.90439,-4.40235,5204.65,190.621,1,2,2,3,4,0
146,35,451.707,367.147,2.57495,1.82538,317.855,109.262,-3.45027,-3.85056,8988.67,160.148,1,2,2,3,4,0
146,36,451.681,366.641,2.63573,2.17331,321.113,83.9264,-3.78124,-5.40922,10975.2,150.42,1,2,2,3,4,0
146,37,452.147,365.302,2.18527,2.45702,361.216,111.976,-2.86769,-10.3517,11938.2,180.124,1,2,2,3,4,0
146,38,452.001,365.5,1.98782,2.75394,270.179,132.73,-7.27849,-4.42023,8986.9,179.491,1,2,2,3,4,0
146,39,451.98,366.173,1.90695,2.84871,295.827,120.774,-3.58068,-7.44965,9752.25,175.467,1,2,2,3,4,0
146,40,452.542,367.309,2.77999,2.34489,273.274,94.3772,-4.4964,-7.03256,10586,158.467,1,2,2,3,4,0
146,41,452.458,366.675,1.8317,2.08481,359.736,104.966,-3.28164,-3.10148,8585.22,157.74,1,2,2,3,4,0
146,42,453.808,367.517,1.49401,1.68214,334.758,107.286,-2.88799,-5.90567,5287.25,138.769,1,2,2,3,4,0
146,43,452.919,366.919,2.02414,1.89357,282.155,107.933,-1.89892,-2.36564,6434.09,145.473,1,2,2,3,4,0
146,44,452.03,366.322,2.55428,2.10501,229.552,108.58,-0.909841,1.17439,7580.92,152.178,1,2,2,3,4,0
146,45,451.39,365.22,2.21905,1.91054,250.868,110.979,1.15938,1.2058,6589.35,150.391,1,2,2,3,4,0
146,46,450.611,365.135,2.30916,1.84578,279.911,118.135,3.13585,5.42138,6892.64,159.331,1,2,2,3,4,0
146,47,451.289,365.534,2.96969,2.48605,369.745,91.9609,-4.74147,4.09823,15979.3,188.716,1,2,2,3,4,0
146,48,451.738,365.223,3.05668,3.13291,378.127,56.7681,-7.20113,1.66908,20712,188.769,1,2,2,3,4,0
146,49,451.339,363.551,2.02605,2.97107,258.822,117.057,1.70173,6.27896,9511.07,172.136,1,2,2,3,4,0
146,50,450.899,363.905,2.35832,2.8643,225.371,102.226,-2.619,4.10282,9150.73,152.509,1,2,2,3,4,0
146,51,450.7,363.861,3.22807,3.06837,279.287,56.2318,-4.637,1.00248,15319.9,148.976,1,2,2,3,4,0
146,52,451.138,362.41,1.88502,2.04041,253.398,95.5817,-4.74883,5.37882,6093.85,131.077,,,,,,0
147,30,140.471,91.8561,2.91897,2.34169,387.426,95.6566,2.81715,0.349891,17531.2,202.509,1,2,3,4,5,0
147,31,142.18,91.2229,2.58922,2.02752,356.19,101.002,3.6318,0.298079,11368.7,167.207,1,2,3,4,5,0
147,32,141.139,91.4639,3.08064,2.04974,244.424,90.53,3.07935,-2.04578,9307.72,147.846,1,2,3,4,5,0
147,33,139.586,91.1859,2.88743,2.16497,242.29,115.155,0.889778,1.73256,8460.09,165.071,1,2,3,4,5,0
147,34,140.443,92.5457,2.09993,2.32635,288.846,112.58,-5.63011,-1.53924,9011.88,168.13,1,2,3,4,5,0
147,35,140.101,93.9597,1.90092,1.91067,326.486,117.829,-2.63219,-4.41958,7428.98,160.846,1,2,3,4,5,0
147,36,143.145,93.2298,1.68805,1.90717,327.925,119.096,-0.260792,-1.01698,6614.51,158.518,1,2,3,4,5,0
147,37,146.189,92.4998,1.47518,1.90366,329.365,120.362,2.11061,2.38562,5800.04,156.189,1,2,3,4,5,0
147,38,147.155,92.297,3.00349,2.52003,296.931,110.231,-0.160825,8.98716,14646.5,200.746,1,2,3,4,5,0
147,39,148.138,92.8063,2.57907,2.11416,317.225,151.596,-1.42712,8.41487,10610.9,212.473,1,2,3,4,5,0
147,40,148.128,94.0426,3.44377,2.64952,325.292,133.667,3.73053,4.4545,16757.2,235.503,1,2,3,4,5,0
147,41,142.13,94.969,3.23417,2.21629,217.402,84.055,5.4493,0.537011,9122.75,138.911,1,2,3,4,5,0
147,42,139.956,93.8464,2.44006,2.55601,372.748,45.1519,2.81294,3.74295,14633.7,135.29,1,2,3,4,5,0
147,43,141.124,96.5978,2.32632,2.60281,359.674,83.3637,-2.60459,3.56311,13506.1,167.062,1,2,3,4,5,0
147,44,142.291,99.3493,2.21259,2.64961,346.6,121.576,-8.02211,3.38328,12378.4,198.834,1,2,3,4,5,0
147,45,143.184,99.7872,1.80627,1.73384,415.938,169.754,-10.4197,8.24788,8238.6,211.68,1,2,3,4,5,0
147,46,144.884,99.2961,1.99428,2.57409,292.041,152.454,-0.0278072,2.71626,9210.96,210.142,1,2,3,4,5,0
147,47,145.484,98.0584,1.97622,2.09098,362.984,139.331,6.23397,-2.97992,8586.06,184.574,1,2,3,4,5,0
147,48,145.984,96.5492,2.1593,2.15109,318.007,94.8965,4.08021,2.19827,9566.86,150.959,1,2,3,4,5,0
147,49,145.743,96.3479,2.11798,2.08316,374.098,104.096,3.50481,1.77865,9961.38,163.243,1,2,3,4,5,0
147,50,145.618,97.6077,1.96261,2.51027,415.994,106.267,2.23126,0.209977,12622,182.219,1,2,3,4,5,0
147,51,146.083,98.4607,1.74806,2.22315,384.184,132.769,0.83899,1.0529,9304.15,182.071,1,2,3,4,5,0
147,52,147.17,100.866,2.26146,1.3263,300.832,140.065,-0.400992,3.02192,5634.36,170.355,1,2,3,4,5,0
147,53,146.197,102.584,1.95279,2.0844,289.263,149.036,3.85021,8.50535,6946.54,191.935,1,2,3,4,5,0
147,54,147.489,106.167,2.30328,1.81267,284.662,125.079,1.09938,-1.45938,7018.84,167.956,1,2,3,4,5,0
147,55,148.782,109.75,2.65377,1.54094,280.061,101.123,-1.65145,-11.4241,7091.13,143.976,1,2,2,2,5,0
147,56,149.343,109.587,1.77161,1.976,250.745,89.2368,3.54285,-9.57622,5496.53,122.698,1,1,2,2,3,0
147,57,149.597,108.991,2.73704,2.33314,220.861,58.9104,1.1775,-3.66645,8811.29,118.337,,,,,,0
148,30,145.689,491.394,2.25125,2.34369,611.65,97.8844,-3.7142,-2.48857,19899,214.704,1,2,3,4,5,0
148,31,144.254,492.999,2.51958,2.74295,493.221,73.3171,3.26965,-6.3261,20466.7,199.45,1,2,3,4,5,0
148,32,143.089,495.562,2.16468,2.31256,324.606,94.9895,-1.16959,-3.97368,10134.3,154.325,1,2,3,4,5,0
148,33,143.431,495.522,2.16809,2.23727,324.428,87.6307,-3.69721,-1.36211,9746.68,148.586,1,2,3,4,5,0
148,34,145.921,496.152,2.40322,2.54953,332.145,98.6013,-6.84071,-4.56065,12407.5,173.71,1,2,3,4,5,0
148,35,144.733,494.644,2.2072,2.40446,348.035,113.473,-3.50837,-4.16272,10944.1,179.382,1,2,3,4,5,0
148,36,143.545,493.137,2.01119,2.25938,363.926,128.344,-0.176024,-3.76479,9480.71,185.053,1,2,3,4,5,0
148,37,143.535,496.492,1.81334,2.66043,456.196,130.778,1.16228,2.10645,12894.3,201.639,1,2,2,3,4,0
148,38,144.246,496.631,1.88375,1.8723,678.658,145.006,-3.38798,-1.32118,14996.5,228.959,1,2,2,3,4,0
148,39,143.688,496.138,2.28999,2.63493,571.632,98.2833,-5.01039,-1.22881,20837.9,221.574,1,2,2,3,4,0
148,40,143.185,496.793,2.04573,2.05572,649.966,120.704,-1.22083,-3.66914,16730.5,215.231,1,2,2,3,4,0
148,41,143.099,497.657,1.71359,1.90769,1134.1,160.18,2.2359,-3.80578,23244.5,287.379,1,2,2,3,4,0
148,42,143.828,497.001,2.65391,2.41729,620.866,79.552,-0.772955,0.552891,24140.8,227.544,1,2,2,3,4,0
148,43,145.347,496.782,2.37688,2.58039,300.667,76.7816,-3.95396,3.76451,11223.5,151.763,1,1,2,3,4,0
148,44,145.544,496.754,2.13631,2.30873,282.348,118.375,1.06713,-2.94866,8759.24,172.657,,,,,,0
149,30,335.316,109.071,1.96985,2.58189,362.017,122.443,4.83127,-7.15823,11317.2,189.107,1,2,3,4,5,0
149,31,334.117,107.567,2.93864,1.97858,376.271,145.412,3.04679,-0.4038,13155.3,227.107,1,2,3,4,4,0
149,32,334.047,107.228,3.53499,1.6625,364.375,171.519,2.12339,-1.24006,12259.9,243.704,1,2,3,4,4,0
149,33,334.748,108.153,2.67894,2.23308,439.296,151.393,10.3496,-1.20632,15991.5,242.544,1,2,3,4,5,0
149,34,333.953,107.007,2.17744,2.38358,323.142,155.7,19.1148,2.63015,10195.1,212.219,1,2,3,4,5,0
149,35,333.31,105.835,2.2107,2.3972,433.981,132.8,8.34816,0.463867,14132.6,215.308,1,2,3,4,5,0
149,36,332.351,106.012,2.11827,2.40667,482.325,96.3068,6.39594,-0.112451,15039.8,189.935,1,2,3,4,5,0
149,37,330.948,106.79,1.26461,1.98166,586.135,118.423,0.502811,-4.80392,9207.55,170.278,1,2,3,4,5,0
149,38,329.324,107.692,2.05125,2.1944,680.213,102.954,-1.82339,-0.53862,19049.2,212.45,1,2,3,4,5,0
149,39,328.318,107.957,1.90401,2.30214,454.344,114.263,-4.96382,3.49785,12384.5,183.574,1,2,3,4,5,0
149,40,324.853,111.278,1.98547,2.39023,279.081,153.786,13.2913,8.7822,7856.19,199.189,1,2,3,4,5,0
149,41,327.057,113.812,1.91439,2.73689,443.972,184.815,8.61312,11.6877,14222.2,272.84,1,2,3,4,5,0
149,42,329.26,116.347,1.84331,3.08354,608.864,215.843,3.9349,14.5933,20588.2,346.491,1,2,3,4,5,0
149,43,328.144,116.454,2.42679,3.28978,674.584,196.752,3.93339,18.9769,31011.7,388.627,1,2,3,4,5,0
149,44,326.985,113.61,1.80239,2.14217,469.934,241.18,13.7173,30.0152,11867.5,305.704,1,2,3,4,5,0
149,45,328.791,110.123,1.65722,2.34296,352.957,159.818,-4.08677,7.38175,8522.72,215,1,2,3,4,5,0
149,46,328.735,106.863,1.85915,2.30959,546.236,130.57,2.82379,5.98176,14320,213.456,1,2,3,4,5,0
149,47,329.03,105.905,1.96519,2.34761,648.07,127.255,4.30414,5.56871,18558.8,239.225,1,1,2,2,3,0
149,48,328.804,106.368,2.04969,1.79198,747.113,126.121,2.12785,0.92616,17650.4,227.473,1,1,2,1,1,0
149,49,328.632,106.327,2.1619,2.05114,669.821,105.33,-0.651451,1.34407,19069.4,213.917,1,1,2,1,1,0
149,50,328.759,106.289,2.18059,2.27632,698.743,115.077,6.06566,-3.41698,21920.2,243.26,1,1,2,3,4,0
149,51,329.614,106.028,2.89065,2.47632,621.521,96.0569,-5.8939,-2.6061,26913.6,262.308,1,1,2,3,4,0
149,52,330.104,105.041,2.0055,2.25049,522.141,158.916,3.63904,0.652987,14663.6,244.793,1,1,2,1,1,0
149,53,329.967,105.027,1.47768,1.93574,672.543,158.913,3.16195,-2.71016,12066.9,228.538,1,1,2,1,1,0
149,54,329.71,105.248,2.11051,2.3116,734.811,101.794,10.337,-2.03027,23320.5,246.929,1,1,2,1,1,0
149,55,329.543,105.33,2.48107,2.58246,659.543,69.2285,8.49652,0.0307717,25637.2,225.828,1,2,2,3,4,0
149,56,328.909,106.433,2.13588,2.12916,631.33,119.498,7.04367,-3.77296,17860.7,229.053,1,2,2,3,4,0
149,57,327.975,106.792,2.02601,1.80994,795.174,155.585,11.1701,2.24644,17469.6,250.799,1,1,2,3,4,0
149,58,327.973,107.011,1.96359,2.20889,593.072,140.355,-5.30873,1.92753,13188.4,216.988,1,1,2,3,4,0
149,59,328.303,107.075,2.21517,2.72626,573.629,57.8103,0.560563,1.21264,21035.9,185.201,1,1,2,3,4,0
149,60,329.293,106.359,2.01997,2.29734,721.152,68.7887,0.32119,1.20715,20769.4,194.982,1,1,2,2,3,0
149,61,329.28,106.339,1.86367,2.02627,669.982,108.819,-0.897377,-3.25539,15826.2,202.692,1,1,1,2,2,0
149,62,329.573,106.676,1.79458,2.17767,696.844,102.221,-0.977861,-3.97371,17306.8,202.858,1,1,1,2,2,0
149,63,329.495,106.961,1.65077,2.35199,828.144,79.3037,3.59028,-2.72411,22674.6,212.107,1,1,1,2,2,0
149,64,329.163,106.555,1.98042,2.22156,805.871,102.833,-0.593594,-2.35231,21973.9,230.609,1,1,2,2,3,0
149,65,328.416,106.781,1.85407,2.15379,721.774,81.8396,3.21508,-3.74043,18313.7,189.385,1,1,1,2,2,0
149,66,328.029,107.083,1.85636,2.08027,768.059,90.5485,2.69267,-6.00075,18381,193.154,1,1,1,2,1,0
149,67,328.181,106.962,2.44735,2.55544,736.369,60.503,2.2648,-0.690177,28369.2,234.006,1,1,1,1,1,0
149,68,328.144,107.12,2.18202,2.38186,667.505,103.943,-0.415865,-0.872546,21430.5,231.124,1,1,1,2,1,0
149,69,328.213,106.74,2.04916,2.00478,631.604,125.477,-4.17259,3.10092,15434.4,214.509,1,1,1,2,2,0
149,70,328.521,106.534,2.15687,2.37948,671.213,79.9515,0.117209,-4.69044,21000.9,206.485,1,1,1,2,2,0
149,71,328.875,106.804,2.17524,2.09628,739.307,89.0313,-1.7663,-3.81422,21611.8,221.953,1,1,2,2,2,0
149,72,328.724,107.268,2.10752,1.93116,712.892,89.4517,-3.3076,-2.87328,18116.7,191.976,1,1,2,2,3,0
149,73,328.315,107.769,2.09901,2.30066,732.817,65.3201,-3.76837,-2.25804,21941.9,199.947,1,1,2,2,3,0
149,74,328.319,108.275,1.90532,2.30072,740.903,113.714,-3.59233,-0.853253,19344.6,233.615,1,1,2,3,4,0
149,75,328.615,107.758,1.88085,2.41065,672.097,137.331,-1.13611,4.17569,18875.8,248.385,1,2,2,3,4,0
149,76,328.471,106.914,1.96421,2.09819,715.594,138.885,-6.04794,2.42016,18408.6,244.615,1,2,2,3,4,0
149,77,327.373,107.103,2.11371,1.95174,756.956,150.7,-1.11408,4.75297,18605.9,253.686,1,2,2,3,4,0
149,78,327.774,108.2,2.1373,2.00317,697.594,110.735,-8.92175,-5.11825,18626.3,221.243,1,1,2,3,4,0
149,79,328.245,107.931,2.27704,2.18812,685.474,80.2849,-5.0485,-3.72156,21160.4,207.976,1,1,1,1,1,0
149,80,328.156,107.956,1.8754,2.47615,700.663,96.4604,-2.41059,-3.47623,20117.6,214.13,1,1,1,1,1,0
149,81,327.821,108.099,1.9022,2.1619,776.033,99.7907,-4.44682,-3.95663,19918.6,215.189,1,1,1,1,1,0
149,82,327.277,108.241,2.02916,1.97152,953.955,109.722,-3.55068,-3.72538,24542,253.822,1,1,1,1,1,0
149,83,327.096,108.218,1.82627,1.83186,975.664,139.476,-3.76122,-7.25601,20470.9,260.669,1,1,1,1,1,0
149,84,327.305,108.225,1.6523,2.01468,859.88,143.234,-2.80687,-1.32833,17930,251.74,1,1,1,1,1,0
149,85,327.531,108.142,1.85404,2.03424,835.095,152.841,6.13559,1.35515,18757.8,266.296,1,1,1,1,1,0
149,86,327.433,108.066,1.86753,2.05297,799.454,146.761,8.39383,-0.422419,19387.4,259.189,1,1,2,3,4,0
149,87,327.256,107.116,2.22894,2.33339,565.837,114.968,10.3005,4.40789,18519.3,232.544,1,1,2,3,4,0
149,88,327.819,106.146,2.0868,2.15574,617.354,128.723,2.90584,3.44316,17294.7,232.491,1,1,2,3,4,0
149,89,328.257,106.473,1.88119,2.15202,684.106,134.757,4.27365,-0.916542,17142.6,242.692,1,1,2,3,4,0
149,90,328.563,105.96,2.00009,1.85,731.535,156.262,4.94811,-1.3728,16938.1,256.118,1,1,2,3,4,0
149,91,328.182,105.918,1.97018,1.70774,785.359,132.199,3.81683,0.609967,16560.2,229.391,1,1,2,3,4,0
149,92,327.988,107.021,1.77307,2.12835,665.326,119.871,2.38122,0.639272,14539.3,200.734,1,1,2,3,4,0
149,93,327.492,107.614,2.09124,2.3045,599.315,74.0125,2.91411,1.68682,17904.9,183.746,1,1,2,2,3,0
149,94,327.42,107.88,2.19653,2.36741,684.575,77.3575,2.18754,-0.341548,22168.8,212.426,1,1,2,2,3,0
149,95,327.645,108.33,2.40322,2.57226,705.9,63.144,-0.240377,-4.56796,27568.4,229.893,1,1,2,2,3,0
149,96,327.007,108.741,2.14726,2.43169,680.451,110.395,-3.05477,-3.13324,22260.8,241.006,1,1,2,2,3,0
149,97,327.192,108.357,2.06581,2.18966,749.036,91.6207,-4.03604,-0.543721,21079.1,214.396,1,1,2,2,3,0
149,98,327.763,108.141,2.04642,2.20318,780.783,67.8483,1.05748,-7.06554,22734.9,204.503,1,1,2,2,3,0
149,99,327.889,107.258,2.20439,2.45124,728.523,53.9456,-4.94126,-5.92942,24631.8,203.787,1,1,2,2,3,0
149,100,327.695,107.62,2.23487,2.55422,692.186,52.3365,-1.80113,-2.6481,24122.4,198.047,1,1,1,2,1,0
149,101,327.754,107.773,2.26775,2.37762,752.555,68.756,-0.439144,0.576386,25501.9,221.651,,,,,,0
150,30,352.874,219.292,2.70981,1.95409,342.564,95.6134,-5.70716,0.335593,11076.6,158.604,1,2,3,4,5,0
150,31,350.819,219.512,2.45906,2.60073,361.078,96.1942,-0.600262,-2.88707,13960.8,179.976,1,2,3,4,5,0
150,32,350.133,217.881,1.75827,2.86883,410.198,127.627,-1.83687,1.86672,12200.5,199.574,1,2,3,4,5,0
150,33,349.403,216.087,1.99221,2.78756,319.526,117.117,-0.0537899,-0.504189,10778.7,179.154,1,2,3,4,5,0
150,34,349.745,214.869,1.7629,2.43864,342.667,103.652,-3.05832,0.525491,9126.6,155.675,1,2,3,4,5,0
150,35,351.172,216.262,2.32145,2.54512,318.963,89.0413,-6.56213,2.49407,11492.9,160.598,1,2,3,4,5,0
150,36,352.599,217.655,2.88,2.6516,295.258,74.431,-10.0659,4.46266,13859.1,165.521,1,2,3,4,5,0
150,37,353.563,215.467,1.54634,1.34535,298.145,156.577,-12.3779,-2.46813,3896.22,167.746,1,2,3,4,5,0
150,38,353.894,215.809,1.36514,0.918948,404.555,144.278,-7.64538,-4.09953,3192.4,157.083,1,2,3,4,5,0
150,39,353.646,217.244,1.9049,1.67307,348.235,120.588,-6.91629,-4.29842,6885.5,160.027,1,2,3,4,5,0
150,40,353.398,218.679,2.44467,2.4272,291.916,96.8989,-6.1872,-4.49731,10578.6,162.97,1,2,3,4,5,0
150,41,350.575,215.741,2.24042,2.87492,300.667,120.077,-5.05278,7.47727,12089,192.036,1,2,3,4,5,0
150,42,350.031,216.808,1.85119,2.6867,383.001,152.895,-6.19734,3.83686,11596.2,212.604,1,2,3,4,5,0
150,43,350.6,218.853,3.11926,2.2215,332.21,110.852,-6.06626,-6.70537,13625.5,196.805,1,2,3,4,5,0
150,44,347.107,216.996,2.83276,1.53846,272.335,186.987,7.52066,7.80044,7350.94,227.538,1,2,3,4,5,0
150,45,346.093,217.366,3.84253,2.64369,321.568,111.619,14.1917,10.2617,19685.9,234.16,1,2,3,4,5,0
150,46,345.529,218.116,2.075,2.03312,385.216,186.133,11.7037,3.85612,10358.9,251.882,1,2,3,4,5,0
150,47,342.632,220.433,2.10603,2.19514,317.561,170.628,2.10332,4.67424,8969.06,230.121,1,2,3,4,5,0
150,48,339.735,222.75,2.13706,2.35715,249.905,155.122,-7.49707,5.49235,7579.24,208.361,1,2,3,4,5,0
150,49,335.912,227.507,1.2019,2.0544,567.021,186.247,-7.17661,-23.7163,8790.2,234.485,,,,,,0
151,30,393.086,374.328,1.46838,1.19692,334.938,95.6733,7.5486,-1.86631,3698.96,119.633,1,1,2,2,3,0
151,31,393.444,374.235,1.35646,1.10838,395.655,68.6287,4.05413,-1.6219,3737.55,95.8698,1,1,2,2,3,0
151,32,392.799,373.641,2.07311,1.11031,318.654,62.2993,1.71346,1.24296,4592.03,90.7751,1,1,2,2,3,0
151,33,393.472,373.99,1.17248,1.37373,332.043,82.2454,2.37259,-0.390122,3360.56,100.627,1,1,1,2,2,0
151,34,393.642,373.961,1.49652,1.79736,271.937,71.5094,1.35303,-0.834846,4592.66,96.2189,1,1,1,2,1,0
151,35,393.488,374.148,1.5616,1.83088,264.164,63.8927,2.26648,-0.418314,4804.08,91.4527,1,1,1,2,1,0
151,36,393.335,374.335,1.62667,1.8644,256.392,56.276,3.17992,-0.00178139,5015.5,86.6864,1,1,1,2,2,0
151,37,393.408,373.738,1.92835,1.61803,233.47,57.4088,2.06842,-0.312232,4534.39,84.5148,1,1,1,2,2,0
151,38,392.923,373.591,1.89579,1.12951,281.37,64.7401,1.45317,-1.62875,3586.21,85.3136,1,1,1,2,2,0
151,39,392.857,373.733,1.92339,1.34532,296.782,60.8556,3.27348,-0.250874,4830.13,89.8343,1,1,1,2,2,0
151,40,393.452,373.86,1.43317,1.52851,300.334,67.3742,5.58867,-1.61055,4133.29,89.6213,1,1,1,1,1,0
151,41,393.524,373.961,1.16694,1.61072,374.343,61.6047,1.82112,-2.31776,4484.18,88.568,1,1,1,1,2,0
151,42,393.281,374.357,1.74525,1.47855,308.5,63.6017,2.25749,0.698038,4998.71,95.6213,1,1,1,1,2,0
151,43,393.737,374.23,1.78997,1.87853,247.645,50.0873,0.781523,0.971746,5220.98,80.3787,1,1,1,1,1,0
151,44,393.372,374.269,2.13626,2.1966,269.468,44.1605,1.88356,-0.777162,7991.65,92.4793,1,1,1,1,1,0
151,45,393.529,374.538,1.97712,1.93339,270.947,48.1655,3.27699,1.78778,6474.7,88.8462,1,1,1,1,1,0
151,46,393.482,374.987,1.05208,1.81486,324.883,57.0104,2.48562,-1.31487,3894.56,80.2604,1,1,1,1,1,0
151,47,393.384,374.448,1.16052,1.70073,369.747,63.2139,1.97029,-1.9228,4583.14,89.5799,1,1,1,1,1,0
151,48,393.182,374.05,1.1462,1.30372,395.047,66.6024,2.84885,-1.64165,3712.28,88.7101,1,1,1,1,1,0
151,49,393.129,373.819,1.15807,1.20389,414.424,60.1901,2.23853,-0.0473608,3618.02,81.2071,1,1,1,1,1,0
151,50,393.075,373.588,1.16995,1.10406,433.802,53.7778,1.62822,1.54693,3523.76,73.7041,1,1,1,1,1,0
151,51,393.075,373.712,1.41841,0.830226,384.262,74.1238,3.30865,-0.685973,2843.29,87.8225,,,,,,0
152,30,496.253,170.907,1.94868,2.24884,410.11,95.4611,-1.81323,-3.49142,11188.4,166.272,1,2,3,4,5,0
152,31,495.502,169.435,2.38181,2.66234,428.243,82.0917,1.2914,-5.69511,15686.4,180.598,1,2,3,4,5,0
152,32,495.16,168.388,2.47015,2.4284,348.495,90.0464,-0.196068,-2.96835,12760.9,160.669,1,2,3,4,5,0
152,33,493.807,165.805,2.72921,2.66658,368.057,77.5629,1.25775,-6.02592,16012.2,173.544,1,2,3,4,5,0
152,34,492.812,163.489,2.32266,2.66898,405.324,70.7324,-0.214106,-3.89078,15229.4,163.331,1,2,3,4,5,0
152,35,492.063,162.841,2.30647,2.47427,403.136,78.1658,3.11561,-6.66799,14116,161.183,1,2,3,4,5,0
152,36,492.734,162.733,2.48211,2.57844,431.45,70.0858,0.0589398,-4.48423,16823.1,170.716,1,2,3,4,5,0
152,37,493.25,165.121,2.07503,1.40979,496.847,113.844,0.354235,-8.09788,9098.14,168.207,1,2,3,4,5,0
152,38,492.668,164.788,1.33463,2.22578,294.661,121.419,-4.42531,-3.28508,6157.34,154.343,1,2,3,4,5,0
152,39,492.251,160.472,1.59061,1.97156,354.429,94.665,-2.45568,-0.797661,6963.42,132.343,1,2,3,4,5,0
152,40,490.657,157.228,2.341,2.43803,483.219,87.3596,6.06225,-5.49724,16641,186.858,1,2,3,4,5,0
152,41,490.249,154.401,2.35371,1.95581,386.795,74.3919,0.853404,1.29953,11042.3,143.911,1,2,3,4,5,0
152,42,489.485,153.474,2.08041,1.74599,525.673,88.4981,1.43051,-0.574786,11933.9,157.686,1,2,2,3,4,0
152,43,489.541,153.936,2.02914,2.49319,436.607,78.4291,1.05932,-3.87409,13669,162.473,1,2,2,3,4,0
152,44,489.924,154.951,1.928,2.51396,531.996,70.7244,1.54242,-7.20392,15910.8,164.456,1,2,3,3,4,0
152,45,489.708,153.833,2.64284,3.28373,391.766,37.2784,0.793755,-1.65266,19239.1,155.627,1,2,3,3,4,0
152,46,489.02,153.479,2.31024,2.37247,441.727,70.933,3.29244,-4.32132,14889,159.574,1,2,3,4,5,0
152,47,489.983,154.898,1.29343,1.42146,485.357,109.294,3.74106,-7.24042,5606.74,141.982,1,2,3,4,5,0
152,48,490.597,157.065,2.32515,2.16843,320.225,72.1593,-1.36242,0.952024,10083.1,130.87,1,2,3,4,5,0
152,49,490.842,158.306,2.3051,2.23986,406.941,72.277,0.780783,-5.21992,12942.6,154.379,1,2,3,4,5,0
152,50,490.468,156.779,2.18963,2.67178,339.803,69.9378,2.0773,1.01403,12102.6,141.976,1,2,2,3,4,0
152,51,490.477,157.005,1.97876,2.02127,408.747,96.931,-0.204587,1.36459,9944.83,153.172,1,2,2,3,4,0
152,52,490.598,158.19,2.19566,2.1776,511.612,65.6249,3.65707,-2.77627,15575.1,155.178,1,2,2,3,4,0
152,53,490.731,158.631,1.84847,2.06789,512.731,91.6949,5.46536,-7.87292,12105.6,159.799,1,2,2,3,4,0
152,54,490.978,158.05,2.11428,2.33242,431.329,83.711,2.1605,-2.08838,13181.7,160.953,1,2,3,4,5,0
152,55,490.891,159.378,1.5573,1.38463,369.923,100.917,0.500774,-1.20728,5012.29,124.947,1,2,3,4,5,0
152,56,492.452,162.163,2.23357,2.49275,349.866,72.8354,1.78407,-0.265647,11776.5,145.716,1,1,2,2,3,0
152,57,492.556,162.672,2.39729,2.55133,368.842,58.5816,2.61883,-0.590607,13724.8,144.769,1,1,2,2,3,0
152,58,492.743,162.096,2.48358,2.08895,465.063,74.3826,-0.118132,-1.98182,14867.9,160.041,1,1,2,2,2,0
152,59,492.411,162.081,2.2535,1.83611,502.076,74.8157,0.195995,-1.06531,12932.7,149.621,1,2,3,4,5,0
152,60,494.014,164.034,2.61911,1.78722,234.962,71.6097,-3.15505,-6.70152,6764.44,108.822,1,2,3,4,5,0
152,61,492.724,162.194,2.42272,1.8757,300.661,62.1174,-1.53786,-3.96594,8390.36,111.325,1,2,3,4,5,0
152,62,491.433,160.354,2.22633,1.96417,366.36,52.625,0.0793362,-1.23035,10016.3,113.828,1,2,3,4,5,0
152,63,491.656,162.027,1.928,2.46763,300.19,68.1032,-0.264154,-3.79519,8827.61,119.799,1,2,3,4,5,0
152,64,493.362,164.478,2.72339,1.98807,208.114,63.8614,-0.17623,-0.963231,6664.49,106.686,1,2,3,4,5,0
152,65,492.461,162.447,2.28787,1.79875,283.782,76.7132,0.518055,-1.22716,6693.38,118.385,1,2,3,4,5,0
152,66,491.56,160.417,1.85234,1.60943,359.45,89.565,1.21234,-1.4911,6722.26,130.083,1,2,3,4,5,0
152,67,490.668,158.823,2.02576,2.11443,296.551,73.2509,0.566688,-6.14596,8031.18,122.479,1,2,3,4,5,0
152,68,490.066,155.797,2.21452,2.17254,392.106,66.6016,2.60077,2.87384,11713.1,136.592,1,2,3,4,5,0
152,69,490.186,155.683,2.16225,1.96405,461.506,69.046,1.72257,-4.18216,12221.3,141.467,1,2,3,4,5,0
152,70,489.479,154.411,2.5265,2.08133,353.671,72.7267,2.46939,-8.64811,11416.1,137.817,1,2,3,4,5,0
152,71,488.238,152.89,2.20035,2.35328,604.596,74.2977,2.96209,-8.15127,19346.3,189.095,1,2,3,4,5,0
152,72,488.506,152.369,1.76532,2.41146,735.174,68.2934,1.69166,-5.08462,19386.6,183.166,1,2,3,4,5,0
152,73,488.656,154.076,1.86957,2.30945,403.971,84.4669,4.92182,-9.10848,10363.8,142.089,1,2,3,4,5,0
152,74,489.906,156.917,2.62969,1.9152,251.08,73.8197,-0.324863,0.213412,7451.81,115.456,1,2,3,4,5,0
152,75,491.499,160.465,1.62789,2.0542,540.528,98.3464,3.21021,-8.725,11129.5,168.225,1,2,3,4,5,0
152,76,491.99,160.594,1.99623,1.96698,476.367,108.038,5.39949,-3.34141,11736.1,173.728,1,2,3,1,1,0
152,77,492.063,160.638,2.16174,2.32101,391.393,80.3275,2.65035,-0.18283,11716.2,149.882,1,2,3,4,5,0
152,78,491.107,157.88,2.22735,2.66416,335.937,54.0981,1.75942,2.15747,12456.6,131.112,1,2,3,4,5,0
152,79,491.011,157.299,2.00492,2.40099,418.884,72.1044,2.40579,-0.521678,12480.5,145.343,1,2,3,4,5,0
152,80,491.398,159.449,1.64469,2.17876,420.255,74.4469,1.57231,-4.57421,9397.87,131.172,1,2,3,4,5,0
152,81,492.267,160.92,2.1583,2.14067,405.743,76.1925,1.99367,-2.27826,11660.1,144.089,1,2,3,4,5,0
152,82,492.278,161.99,1.99382,2.31453,458.942,85.9821,1.42324,-1.96795,13153.3,163.633,1,2,3,4,5,0
152,83,491.676,160.157,2.1796,2.22199,420.764,83.3539,3.00483,-1.28743,12536.9,156.275,1,2,3,4,5,0
152,84,491.074,158.323,2.36537,2.12945,382.586,80.7258,4.58643,-0.606919,11920.4,148.917,1,2,3,4,5,0
152,85,491.619,159.645,2.51925,2.47763,436.046,68.6081,3.10872,-1.77774,16038.8,165.675,1,2,3,4,5,0
152,86,491.368,160.229,2.12493,2.30418,466.52,82.382,0.680078,-3.92838,13861.6,163.621,1,2,3,4,5,0
152,87,491.35,162.23,1.84198,3.11402,229.726,71.7206,4.43708,-2.06791,7826.22,114.385,1,2,3,4,5,0
152,88,492.931,165.418,2.42161,2.47962,212.924,72.4688,0.656501,0.563267,7653.9,119.089,1,2,3,4,5,0
152,89,493.678,166.686,2.22986,2.00702,378.539,82.6447,3.14681,-0.00347697,9936.23,145.249,1,2,3,4,5,0
152,90,494.725,169.133,2.52234,2.38515,342.317,75.1211,0.548067,-1.01631,12062.7,148.843,1,2,3,4,5,0
152,91,495.772,171.579,2.81481,2.76329,306.094,67.5976,-2.05068,-2.02913,14189.2,152.438,1,2,3,4,5,0
152,92,496.459,171.873,2.72727,3.64856,267.768,41.0614,-8.60022,-5.20651,15615.4,146.893,1,2,3,4,5,0
152,93,494.317,167.162,2.71675,3.19282,321.702,54.1352,-0.864566,-1.58704,16039.1,154.982,1,2,3,4,5,0
152,94,493.741,165.686,1.94851,3.42129,344.037,101.688,3.02425,1.8804,13035,178.325,,,,,,0
153,31,160.888,399.213,1.87022,3.24005,291.22,107.908,-2.77638,-1.12475,10370.6,170.822,1,2,3,4,5,0
153,32,161.306,399.945,1.93845,2.31446,309.367,121.181,-2.38731,-0.674657,8625.15,173.852,1,2,3,4,5,0
153,33,162.757,401.638,1.95473,1.81452,275.833,106.264,-3.29606,-4.31691,6135.3,139.166,1,2,3,4,5,0
153,34,164.998,402.784,2.03294,1.71812,374.747,108.367,-6.55957,-3.42019,8197.14,157.32,1,2,3,4,5,0
153,35,165.621,401.324,2.13126,2.86584,297.463,82.6799,-1.90086,-6.74903,10945.9,148.988,1,2,3,4,5,0
153,36,166.117,399.348,1.95229,1.90657,372.449,124.206,3.182,-8.65239,8678.61,172.337,1,2,3,4,5,0
153,37,167.011,398.929,1.92285,1.5931,456.862,157.487,7.61032,-1.96764,8778.17,208.444,1,2,3,4,5,0
153,38,167.408,398.534,2.01986,1.53023,353.317,140.174,7.02583,-6.74461,6777.94,178.006,1,2,3,4,5,0
153,39,168.367,395.323,2.72305,2.60941,478.832,80.2083,1.63546,-7.9723,20326.6,202.29,1,2,3,4,5,0
153,40,170.141,393.334,2.30786,2.89153,456.403,124.638,-4.12285,-8.51322,17460.1,229.024,1,2,3,4,5,0
153,41,170.514,391.992,2.42724,2.77202,566.406,113.059,7.33879,-9.14935,22898.1,257.396,1,2,3,4,5,0
153,42,172.942,388.965,2.12828,2.02691,1146.77,178.207,2.6994,3.90386,30858.1,358.965,1,1,1,2,2,0
153,43,173.248,388.55,2.10443,2.12115,1209.4,161.089,7.40895,1.12043,33599.5,355.58,1,1,1,1,1,0
153,44,173.412,388.524,1.9667,2.01422,1185.47,171.194,9.07197,1.5262,29332.3,338.467,1,1,1,2,2,0
153,45,173.665,388.309,1.9891,2.14789,1209.44,177.904,1.50402,5.83297,31564.9,362.799,1,2,3,4,5,0
153,46,173.877,389.1,2.22401,1.89297,1032.8,207.039,-7.53398,3.62675,26858.5,354.089,1,2,3,4,5,0
153,47,172.889,390.531,2.19597,2.08907,1058.32,167.522,7.25088,-3.10644,29818.3,341.201,1,2,3,4,5,0
153,48,173.469,392.068,2.52393,1.66327,670.354,144.407,5.48649,-4.9176,17347.8,241.669,1,2,3,4,5,0
153,49,176.468,392.78,2.79654,3.02492,278.41,129.733,4.42186,5.17673,12783.2,200.189,1,2,3,4,5,0
153,50,177.952,391.579,3.23649,2.49777,288.056,104.636,4.31127,4.70447,13072.8,181.852,1,2,3,4,5,0
153,51,176.708,393.817,2.72981,2.14898,287.177,111.466,5.40179,-1.82678,10057.6,168.482,1,2,3,4,5,0
153,52,175.464,396.055,2.22314,1.80019,286.298,118.295,6.49231,-8.35802,7042.43,155.112,1,2,3,4,5,0
153,53,177.558,392.933,2.82513,2.28247,229.694,87.2376,2.30094,0.78997,9259.63,142.953,1,2,3,4,5,0
153,54,178.686,392.312,1.80777,1.84356,363.359,99.6328,4.89932,-1.50245,7434.86,144.947,,,,,,0
154,31,376.921,84.1251,1.41304,1.86958,284.294,140.451,-4.44952,7.97176,4713.29,174.077,1,2,3,4,5,0
154,32,370.328,86.4076,2.98021,1.79239,322.269,139.933,8.32586,-3.80422,10327.1,209.385,1,2,3,4,5,0
154,33,370.874,85.7588,3.67212,2.5247,333.851,77.5133,6.27837,-4.24868,17307.3,183.503,1,2,3,4,5,0
154,34,370.28,85.5504,3.50189,3.40681,287.354,63.8058,6.84293,5.05829,18281.9,178.704,1,2,3,4,5,0
154,35,370.383,87.8814,2.76975,3.00981,410.918,152.375,4.67184,-3.40664,17857,259.473,1,2,3,4,5,0
154,36,370.486,90.2124,2.03762,2.61281,534.482,240.944,2.50074,-11.8716,17432.1,340.243,1,2,3,4,5,0
154,37,368.572,89.7255,2.96642,3.76268,650.369,147.057,7.58215,-15.4622,38768,385.373,1,2,3,4,5,0
154,38,368.591,90.1944,2.42602,3.30085,715.337,209.906,-2.2212,-23.4831,32980,413.858,1,2,3,4,5,0
154,39,369.211,92.0594,2.66048,4.04351,703.368,243.942,-1.87565,-16.7216,40595.3,483.178,1,2,3,4,5,0
154,40,368.249,92.7619,3.10087,2.65899,729.998,226.383,7.204,-14.63,35413.1,445.965,1,2,3,4,5,0
154,41,365.95,93.3308,2.43663,2.06404,382.355,260.283,3.0686,-17.1095,11879,329.923,1,2,3,4,5,0
154,42,366.376,94.8034,1.83468,2.00215,370.357,242.071,4.67576,-22.3963,8632.16,293.041,1,2,3,4,5,0
154,43,366.802,96.2759,1.23273,1.94026,358.36,223.859,6.28291,-27.683,5385.28,256.16,1,2,3,4,5,0
154,44,368.465,96.9418,1.90567,2.02114,524.989,247.597,8.77557,-16.9493,12645.7,325.243,1,2,3,4,5,0
154,45,366.523,101.037,2.86456,4.21097,467.653,116.748,14.3056,-10.2897,28621.8,290.426,1,2,3,4,5,0
154,46,366.358,101.39,2.55862,3.71077,528.112,147.889,9.43273,-8.5143,27691.7,314.349,1,2,3,4,5,0
154,47,368.009,100.025,2.1427,2.68745,642.356,165.242,13.095,-19.8283,22915,301.686,1,2,3,4,5,0
154,48,368.488,98.8966,2.27965,2.2908,818.006,245.625,23.7469,-15.0855,26369.2,400.497,1,2,3,4,5,0
154,49,368.152,99.4192,2.5803,1.94971,823.432,311.445,36.3437,-30.3425,25472.2,472.527,1,2,3,4,5,0
154,50,370.106,100.221,3.12241,1.86572,599.024,326.595,18.2139,-31.8778,20387.3,438.941,1,2,3,4,5,0
154,51,375.136,99.7766,2.40444,1.76395,707.402,278.408,-27.0782,-10.6176,19593.7,386.479,1,2,3,4,5,0
154,52,374.483,99.0159,2.54944,2.15614,638.969,202.28,-17.3709,-14.7815,20865.2,325.178,1,2,3,4,5,0
154,53,372.984,97.3896,2.07756,2.8945,670.837,228.586,-11.915,-11.1021,24272.9,381.592,1,2,3,4,5,0
154,54,370.848,98.6101,2.04862,2.93353,546.052,201.061,1.2742,-3.80608,19709,325.107,1,2,3,4,5,0
154,55,370.18,100.9,1.91011,2.42622,495.064,160.847,-5.47001,-4.00426,14208.4,249.544,1,2,3,4,5,0
154,56,368.84,102.642,2.55773,2.08733,456.708,117.057,-5.23209,-8.10421,16000.2,217.953,1,2,3,4,5,0
154,57,369.176,103.385,1.81483,1.99923,511.194,156.559,-7.60013,3.5182,11610,212.041,1,2,3,4,5,0
154,58,369.561,104.482,2.22046,2.26037,452.711,108.558,-2.71184,-0.18091,14044.5,191.189,1,2,3,4,5,0
154,59,371.889,105.052,1.9308,2.09593,324.339,94.1703,-1.66954,-6.99767,8201.44,138.183,1,2,3,4,5,0
154,60,375.9,104.35,2.22632,1.55131,423.472,128.411,1.51431,-17.7157,9127.47,181.26,1,2,3,4,5,0
154,61,376.277,103.902,1.95439,2.25201,493.427,186.172,6.50843,-28.7492,13517.8,286.083,1,2,3,4,5,0
154,62,377.114,102.86,2.45104,3.52937,638.074,174.285,-7.12914,-21.1696,32206.7,379.55,1,2,3,4,5,0
154,63,376.805,102.853,2.68212,4.13631,725.225,104.26,3.64021,-16.9844,43661.9,387.337,1,2,3,4,5,0
154,64,378.314,103.084,2.61734,3.85953,667.153,136.821,-7.15806,-22.341,36482.6,354.107,1,2,3,4,5,0
154,65,379.825,104.612,2.19505,3.03203,564.097,139.908,0.0761178,-22.3207,23862.9,279.84,1,2,3,4,5,0
154,66,381.336,106.141,1.77276,2.20453,461.042,142.996,7.3103,-22.3003,11243.3,205.574,1,2,3,4,5,0
154,67,381.664,106.554,1.8727,1.98053,543.594,120.012,7.03841,-21.6215,12886.8,200.633,1,2,3,4,5,0
154,68,380.477,106.004,2.05985,1.67399,407.534,166.411,7.5031,-12.5025,8790.89,209.243,1,2,3,4,5,0
154,69,379.395,107.389,2.21267,2.57555,298.327,126.594,7.67052,-15.8108,10129.9,190.29,1,2,3,4,5,0
154,70,377.195,108.676,2.13261,1.51461,375.281,147.397,12.6752,-4.88991,5793.2,188.769,1,2,3,4,5,0
154,71,376.952,108.62,1.91855,1.5194,457.126,118.581,3.48436,-8.47524,8086.47,168.728,1,2,3,4,5,0
154,72,376.032,106.562,1.94828,2.60497,243.297,118.855,7.49982,-10.6568,7640.83,169.308,1,2,3,4,5,0
154,73,378.243,102.683,3.05829,2.24301,581.236,175.756,8.56041,-18.1462,25305.8,344.26,1,2,3,4,5,0
154,74,379.892,101.689,2.91779,1.92277,542.366,229.503,9.83841,-33.4525,18550.3,336.213,1,2,3,4,5,0
154,75,380.371,101.031,2.71415,2.85273,399.654,235.473,7.17449,-32.6635,16796.8,324.444,1,2,3,4,5,0
154,76,379.785,103.457,1.96615,1.7589,467.767,181.823,11.3847,-24.599,10133.9,242.473,1,2,3,4,5,0
154,77,384.335,101.139,1.88602,1.65106,412.685,167.39,-15.7899,1.17378,8096.87,207.562,,,,,,0
155,31,445.152,451.312,1.75674,1.50979,328.72,96.3392,0.634296,0.136076,5476.17,129.231,1,2,3,4,5,0
155,32,444.204,448.607,2.05771,1.97834,204.699,90.6537,1.83271,-3.09207,5204.72,120.521,1,2,3,4,5,0
155,33,443.109,445.555,2.17026,2.04315,237.837,99.6787,-0.495906,-3.02077,6645,138.163,1,2,3,4,5,0
155,34,442.013,442.503,2.28282,2.10795,270.974,108.704,-2.82452,-2.94948,8085.28,155.805,1,2,3,4,5,0
155,35,443.986,441.685,2.08172,2.62523,242.706,82.8147,-2.98649,-5.21127,8118.16,133.373,1,2,3,4,5,0
155,36,445.102,441.362,2.15928,1.72735,382.944,76.8944,-0.528776,-3.22162,8923.64,129.178,1,1,1,1,1,0
155,37,445.22,441.035,2.13059,1.82115,456.666,78.2074,3.6884,-4.04066,11071.6,144.515,1,1,1,1,1,0
155,38,445.053,440.981,2.36969,2.07107,419.102,63.1052,3.3852,-3.87481,12740.5,145.059,1,2,3,4,5,0
155,39,446.039,441.786,2.60208,2.41369,273.065,69.8367,0.588837,-0.081181,10423.3,131.728,1,2,3,4,5,0
155,40,447.533,444.369,2.58548,2.98845,293.427,69.6636,0.146642,-0.95915,12787.3,148.911,1,2,3,4,5,0
155,41,449.026,446.951,2.56889,3.5632,313.79,69.4906,-0.295553,-1.83712,15151.2,166.095,1,2,3,4,5,0
155,42,448.466,446.691,2.31801,3.65339,244.953,99.9668,5.30509,4.87337,10326,159.107,1,2,3,4,5,0
155,43,449.554,447.578,2.51134,3.50628,251.251,77.8312,1.68978,-0.125149,12381.3,155.538,1,2,3,4,5,0
155,44,449.771,449.353,2.28599,2.25103,360.486,74.1899,-2.39933,-4.55796,11466.2,142.189,1,2,3,4,5,0
155,45,448.718,448.7,2.61086,3.21603,341.081,36.4824,2.58056,0.174971,16723.2,147.805,1,2,3,4,5,0
155,46,448.828,448.079,2.08497,2.62553,342.696,98.3392,2.51634,0.146283,11489.4,164.355,1,2,3,4,5,0
155,47,449.539,450.293,1.39443,2.48389,250.907,123.737,3.69849,0.628567,5239.03,151.373,1,2,3,4,5,0
155,48,451.389,453.476,2.17203,2.59836,228.623,109.9,1.00435,-4.5323,7111,152.414,1,2,3,4,5,0
155,49,453.426,455.806,1.74267,1.83622,245.401,98.6564,0.0169211,-0.508739,4927.7,128.929,1,2,3,4,5,0
155,50,454.432,454.473,1.4848,0.746804,414.492,104.469,2.72087,2.99228,2947.46,118.272,1,2,3,4,5,0
155,51,453.563,453.056,1.88037,1.34809,346.654,98.8171,2.18808,1.06697,5234.26,127.997,1,2,3,4,5,0
155,52,452.695,451.639,2.27594,1.94937,278.816,93.1654,1.65528,-0.858348,7521.06,137.722,1,2,3,4,5,0
155,53,452.948,449.517,2.4953,2.22891,260.6,96.8965,1.57825,-2.30619,8720.02,148.879,1,2,3,4,5,0
155,54,453.201,447.394,2.71465,2.50844,242.383,100.628,1.50121,-3.75403,9918.98,160.036,,,,,,0
156,32,122.165,412.711,2.04715,2.06924,211.806,74.6205,-3.54993,0.688239,5598.54,107.663,1,2,2,3,4,0
156,33,121.233,411.673,2.23363,2.0625,657.361,85.384,-3.35552,-3.66083,18823.4,201.479,1,1,1,1,1,0
156,34,121.242,411.745,1.70253,1.7258,1483.4,128.44,-5.95564,-7.84001,27361.5,294.272,1,1,1,1,1,0
156,35,121.375,412.444,1.89496,2.2216,1234.49,87.8596,-4.7657,-8.62832,32353,277.361,1,1,1,1,1,0
156,36,121.317,412.475,1.89271,2.19575,1221.16,92.064,-3.2655,-8.03303,31613.5,277.201,1,1,1,1,1,0
156,37,121.157,412.682,1.94697,2.17411,1641.34,91.7476,-4.59697,-12.249,43314.7,349.012,1,1,1,1,1,0
156,38,121.261,412.643,1.90603,2.02207,1658.36,98.7739,-5.03131,-10.1163,39968.2,337.858,1,1,1,1,1,0
156,39,121.309,412.653,1.78696,1.93887,1743.43,122.947,-2.88557,-13.8916,37844.6,346.26,1,1,1,1,1,0
156,40,121.329,412.61,1.76589,2.03978,1393.13,116.29,-4.57842,-9.57879,31717.2,305.385,1,1,1,1,1,0
156,41,121.373,412.541,1.74428,2.02577,1388.47,126.353,-2.55825,-10.382,30738.8,305.763,1,1,1,1,1,0
156,42,121.036,412.41,1.68833,1.98536,1647.08,116.559,-2.74474,-9.44412,34582.2,317.479,1,1,1,1,1,0
156,43,121.204,412.447,1.77976,2.16439,1436.32,73.2993,-3.95164,-10.5831,34526.4,280.515,1,1,1,1,1,0
156,44,121.253,412.475,1.94606,2.28713,1439.49,89.4158,-3.59585,-8.54535,40211.6,331.089,1,1,1,1,1,0
156,45,121.265,412.423,1.99254,2.2213,1655.8,95.6306,-4.0624,-9.54782,46472,371.13,1,1,1,1,1,0
156,46,121.374,412.555,1.90319,2.11592,1737.27,113.416,-2.82412,-14.3766,43684.7,370.45,1,2,3,4,5,0
156,47,121.534,414.177,1.96432,1.46161,1062.28,78.1208,-0.867515,-1.4468,46561.9,354.189,1,2,3,4,5,0
156,48,121.247,412.648,1.87277,1.97925,1663.75,97.0089,-2.65648,-4.73594,38598.6,324.396,1,1,1,1,1,0
156,49,121.128,412.678,1.77493,1.90104,1871.89,117.396,-3.82239,-11.403,39595.2,349.911,1,1,1,1,1,0
156,50,121.352,412.514,1.83801,1.94493,1736.86,94.0771,-3.96746,-11.0521,39049.3,326.799,1,1,1,1,1,0
156,51,121.232,412.378,1.97878,1.96931,1533.76,44.4417,-4.49233,1.04554,38806,277.959,1,1,1,1,1,0
156,52,121.295,412.606,1.79377,2.04335,1347.09,105.667,-4.44334,-8.1543,30886.3,288.751,1,1,1,1,1,0
156,53,121.383,412.538,1.74353,2.02626,1545.87,121.667,-2.14151,-6.43509,34171.3,322.231,1,1,1,1,1,0
156,54,121.163,412.512,1.80215,2.06508,1614.68,109.273,-2.27762,-6.6477,37713.7,329.817,1,1,1,1,1,0
156,55,121.405,412.573,1.99632,2.24873,1352.65,115.506,-8.30213,-11.3202,37730.2,340.361,1,1,1,1,1,0
156,56,121.434,412.426,1.89418,2.2046,1462.99,139.922,-9.17005,-6.76949,37278.6,360.497,1,1,1,1,1,0
156,57,121.16,412.393,1.90427,2.08103,1686.86,127.409,-3.24165,-6.35248,42321.5,378.047,1,1,1,1,1,0
156,58,121.287,412.497,1.86144,1.92665,1686.04,150.772,-6.03579,-11.4627,37204.6,368.657,1,1,1,1,1,0
156,59,121.317,412.968,1.79229,2.20172,1473.52,117.882,-5.32605,-9.7984,36031,335.035,1,1,1,1,1,0
156,60,121.325,412.812,1.79276,2.13628,1543.92,114.077,-2.08753,-7.9079,36356.2,335.195,1,1,1,1,1,0
156,61,121.221,412.693,1.93822,1.90211,1635.75,117.788,-0.305264,-10.4023,37758.2,345.473,1,1,1,1,1,0
156,62,121.325,412.693,1.97319,1.89834,1563.18,121.172,-6.78014,-10.2877,36642.4,339.822,1,1,1,1,1,0
156,63,121.308,412.653,1.92,1.97358,1642.64,127.623,-7.64305,-9.64216,38941.9,358.68,1,1,1,1,1,0
156,64,121.36,412.677,1.80618,2.01092,1591.09,135.121,-7.20772,-11.0268,36169.7,350.959,1,1,1,1,1,0
156,65,121.418,412.487,1.8203,2.24012,1476.35,102.912,-3.69659,-12.574,37469.6,327.053,1,1,1,1,1,0
156,66,121.572,412.539,1.93289,2.15197,1393.42,111.43,-9.0405,-10.2865,35905.9,329.793,1,1,1,1,1,0
156,67,121.437,412.765,2.03074,2.01963,1425.33,94.6841,-9.76098,-12.3596,36496,320.201,1,1,1,1,1,0
156,68,121.518,412.892,1.89557,1.87649,1502.3,128.74,-6.84817,-12.7978,33245,331.391,1,1,1,1,1,0
156,69,121.587,412.884,1.87612,2.16129,1523.27,112.636,-5.16214,-9.13908,38548.3,348.278,1,1,1,1,1,0
156,70,121.508,412.507,1.89428,2.12046,1592.77,104.079,-5.32116,-5.61755,39392,341.935,1,1,1,1,1,0
156,71,121.48,412.642,1.81977,2.12231,1577.72,96.7822,-5.53462,-9.95777,38051.6,322.018,1,1,1,1,1,0
156,72,121.479,412.893,1.73808,1.86342,1687.65,123.082,-5.16272,-11.6241,34279.6,324.799,1,1,1,1,1,0
156,73,121.33,412.781,1.79729,1.90646,1666.38,124.477,-6.43557,-8.02497,35788,336.882,1,1,1,1,1,0
156,74,121.311,412.639,1.81157,2.14801,1648.18,112.408,-3.72293,-9.95081,40040.4,351.408,1,1,1,1,1,0
156,75,121.49,412.717,2.12424,2.2485,1538.64,52.5908,-1.6965,-14.092,46907.3,340.006,1,1,1,1,1,0
156,76,121.527,412.689,2.03151,2.18491,1569.19,93.6333,-5.7116,-7.29221,42379,351.024,1,1,1,1,1,0
156,77,121.503,412.573,1.78877,1.99673,1707.92,150.299,-4.20089,-13.7153,38175.2,377.118,1,1,1,1,1,0
156,78,121.456,412.526,1.82355,2.07848,1695.21,138.828,-3.61981,-10.8184,40142.1,374.899,1,1,1,1,1,0
156,79,121.506,412.463,1.87563,2.04989,1697.12,116.078,-3.4533,-5.6207,40977.5,357.935,1,1,1,1,1,0
156,80,121.479,412.652,1.99666,2.02469,1496.26,101.871,-4.69163,-12.5258,37766.9,323.438,1,1,1,1,1,0
156,81,121.372,412.623,2.02981,2.12089,1494.86,101.099,-2.87591,-9.93453,39991.7,338.16,1,1,1,1,1,0
156,82,121.328,412.616,1.83786,1.99761,1539.27,133.655,-8.61145,-8.13187,34150,335.716,1,1,1,1,1,0
156,83,121.392,412.755,1.76796,1.85892,1596.76,132.413,-6.8836,-8.02973,32907.3,330.041,1,1,1,1,1,0
156,84,121.281,412.558,1.82367,1.86196,1553.7,132.871,-3.70706,-3.25408,32188.8,325.047,1,1,1,1,1,0
156,85,121.386,412.502,1.87831,2.06344,1541.46,103.902,-4.86815,-9.16508,37500,328.107,1,1,1,1,1,0
156,86,121.462,412.814,1.76134,2.08301,1530.78,113.689,-6.90532,-12.708,35126.2,324.136,1,1,1,1,1,0
156,87,121.432,412.621,1.81361,2.02232,1423.53,115.298,-0.488539,-8.81165,32842.1,310.124,1,1,1,1,1,0
156,88,121.422,412.493,1.74844,1.94454,1562,113.996,2.01057,-4.05921,33548.4,312.266,1,1,1,1,1,0
156,89,121.575,412.635,1.83537,2.00929,1785.89,106.195,-2.85085,-8.1874,41291.8,351.391,1,1,1,1,1,0
156,90,121.646,412.769,1.95631,2.21641,1592.2,86.4854,-5.55458,-13.9749,43568.1,350.29,1,1,1,1,1,0
156,91,121.533,412.61,1.91869,2.14105,1451.65,95.7017,-5.67387,-5.59235,37188.7,319.751,1,1,1,1,1,0
156,92,121.381,412.589,1.95503,2.09117,1413.7,100.681,-3.3251,-4.48898,36068.4,315.012,1,1,1,1,1,0
156,93,121.45,412.503,1.96889,2.12379,1545.72,88.4966,-3.7377,-6.7488,40461.4,330.195,1,1,1,1,1,0
156,94,121.424,412.619,1.95692,2.10594,1518.09,105.128,-4.32486,-9.07307,38632.3,339.438,1,1,1,1,1,0
156,95,121.469,412.656,1.95158,2.03943,1455.22,115.349,-3.77285,-10.7674,36178.2,330.509,1,1,1,1,1,0
156,96,121.611,412.381,1.95365,1.98869,1473.23,112.884,-5.87662,-7.05909,35781.9,328.148,1,1,1,1,1,0
156,97,121.562,412.584,1.98723,2.24151,1379.04,101.41,-3.65879,-8.08569,37862.5,331.308,1,1,1,1,1,0
156,98,121.515,412.718,2.14442,2.32099,1424.42,72.1182,-0.323898,-9.96557,43863.8,343.68,1,1,1,1,1,0
156,99,121.406,412.636,2.02298,2.18749,1550.16,101.997,-2.272,-6.30712,42739.3,361.16,1,1,1,1,1,0
156,100,121.378,412.863,1.88791,2.01336,1634.39,127.932,-7.75363,-10.6294,37831.6,355.669,1,1,1,1,1,0
156,101,121.479,412.558,1.79884,2.18514,1375.74,121.478,-5.66663,-6.80325,33343.1,324.225,,,,,,0
157,32,256.545,317.675,1.51871,1.72094,309.414,105.677,-6.30539,4.12638,5754.44,133.55,1,2,3,4,5,0
157,33,254.118,318.171,2.23427,2.00777,275.331,76.6051,0.755292,0.417056,7686.99,121.775,1,2,3,4,5,0
157,34,253.132,317.494,2.40646,1.79045,350.571,64.6612,-4.29492,0.876346,9365.64,121.189,1,2,3,4,5,0
157,35,251.696,316.972,2.74146,2.08584,291.19,76.3118,-7.21482,2.37973,9513.19,135.112,1,2,3,4,5,0
157,36,250.26,316.45,3.07645,2.38124,231.81,87.9624,-10.1347,3.88311,9660.75,149.036,1,2,3,3,4,0
157,37,250.361,316.44,2.39686,1.6696,294.252,78.2816,-3.28434,2.51455,7302.31,122.893,1,2,3,3,4,0
157,38,251.682,316.24,2.32464,1.9566,276.262,84.2714,-4.55697,-0.37906,7694.84,126.769,1,2,3,3,4,0
157,39,253.002,316.04,2.25241,2.24361,258.272,90.2611,-5.82961,-3.27267,8087.37,130.645,1,2,3,3,4,0
157,40,253.018,315.113,2.06516,2.09323,277.262,97.1576,-6.31833,0.190238,7429.02,133.938,1,2,3,4,5,0
157,41,253.034,314.185,1.87791,1.94286,296.252,104.054,-6.80706,3.65314,6770.66,137.231,1,2,3,4,5,0
157,42,254.87,313.62,2.48433,2.08144,401.541,67.9692,-1.56744,-1.89581,12794.4,142.639,1,2,3,4,5,0
157,43,256.526,312.591,2.88178,1.97337,420.36,96.5082,6.27586,-3.00023,13202.8,177.391,1,2,3,4,5,0
157,44,257.679,311.667,2.29583,2.67568,421.881,94.8582,0.107605,-4.87618,15808.2,191.538,1,2,2,3,4,0
157,45,257.341,311.226,1.82475,2.30694,590.728,93.265,2.09934,-2.70126,15639.8,184.373,1,2,2,3,4,0
157,46,256.814,311.722,1.97372,2.10125,536.032,79.2306,3.17715,-1.51662,13877.4,161.538,1,2,3,3,4,0
157,47,257.18,312.297,2.00936,2.29499,510.009,83.3602,3.29841,0.756348,14606,167.852,1,2,3,4,5,0
157,48,258.665,313.797,2.25431,1.97486,371.987,90.7848,1.21838,-3.57494,10299.5,150.408,1,2,3,4,5,0
157,49,258.365,314.241,2.29466,1.90021,354.041,99.6263,5.93379,2.00318,9595.55,153.497,1,2,3,4,5,0
157,50,256.459,312.957,2.12636,1.83504,298.568,111.014,4.17989,-1.10674,7436.82,153.05,1,2,3,4,5,0
157,51,254.553,311.672,1.95807,1.76987,243.095,122.401,2.42599,-4.21666,5278.09,152.604,1,2,3,4,5,0
157,52,252.645,313.345,2.20835,1.94696,268.021,99.7007,-0.218857,1.27762,7175.86,143.308,1,2,3,4,5,0
157,53,252.078,314.248,2.34178,2.28431,333.77,92.1111,-1.48604,4.39885,11013.4,157.314,1,2,3,4,5,0
157,54,249.997,314.193,2.08331,2.33857,346.524,90.9122,-1.80215,2.39533,9963.9,149.331,1,2,3,4,5,0
157,55,247.917,314.139,1.82485,2.39283,359.278,89.7132,-2.11825,0.391807,8914.41,141.349,1,2,3,4,5,0
157,56,247.389,314.256,2.01643,2.26519,432.841,75.9651,-1.18193,3.98182,12284.4,147.213,1,2,3,4,5,0
157,57,248.205,315.659,2.56869,2.76262,274.211,69.8291,-6.57022,4.55756,11630.2,137.953,1,2,3,4,5,0
157,58,248.797,316.374,2.25262,2.42395,361.928,81.1448,-0.514942,6.47886,12889.2,158.361,1,2,3,4,5,0
157,59,248.961,315.884,2.19439,2.16495,364.975,81.3191,0.66288,2.15898,10774.4,142.97,1,2,3,4,5,0
157,60,250.792,316.375,2.69577,2.15127,263.131,66.5486,-0.624614,0.216363,9290.41,123.379,1,2,3,4,5,0
157,61,252.143,318.603,1.15923,2.93085,449.688,100.698,-2.27665,2.02849,8591.75,150.178,1,2,3,4,5,0
157,62,252.537,317.102,2.25748,3.36465,250.404,69.0349,-1.93265,4.27044,11489.7,134.917,1,2,3,4,5,0
157,63,252.149,315.66,2.26902,2.90263,260.807,71.7196,-0.761112,1.10538,10632.9,135.373,,,,,,0
158,32,485.097,312.821,2.34705,2.03709,451.774,142.674,-0.260401,8.02367,13394.3,215.527,1,2,3,4,5,0
158,33,484.876,313.255,2.61594,3.2037,462.779,105.471,5.82505,4.29134,22402.4,239.343,1,2,3,4,5,0
158,34,483.718,312.174,2.28973,2.72194,618.525,136.428,5.2451,6.87193,21798.9,268.899,1,2,3,4,5,0
158,35,482.56,311.093,1.96352,2.24017,774.272,167.385,4.66516,9.45252,21195.4,298.456,1,2,3,4,5,0
158,36,480.796,311.755,1.88901,2.31212,592.544,172.849,5.92997,18.6845,16098.9,267.657,1,2,3,4,5,0
158,37,480.007,313.233,2.44176,2.39694,564.553,159.721,2.21021,11.592,19804.4,277.926,1,2,3,4,5,0
158,38,479.217,314.71,2.9945,2.48176,536.562,146.593,-1.50954,4.49955,23509.8,288.195,1,2,3,4,5,0
158,39,480.847,312.644,2.14468,2.53446,619.324,151.434,-6.12345,-6.50773,20152.7,274.71,1,2,3,4,5,0
158,40,482.739,310.698,2.57923,3.9388,735.05,89.2861,-9.12001,-8.98937,40624.3,345.432,1,2,3,4,5,0
158,41,482.167,312.416,2.27451,2.52242,603.921,125.685,0.650292,-16.0828,21204,254.639,1,2,3,4,5,0
158,42,482.355,311.667,1.96351,2.04541,627.171,140.721,3.73198,-14.5903,15734.4,234.544,1,2,3,4,5,0
158,43,483.339,310.826,1.9393,2.69659,663.849,129.365,-5.36124,-10.4639,21212,267.58,1,2,3,4,5,0
158,44,483.293,306.148,1.88486,3.83009,548.99,137.92,-4.51363,9.6251,23436.1,289.746,1,2,3,4,5,0
158,45,483.892,307.419,2.18147,2.81466,891.776,135.359,-9.56478,-0.0168458,35685,351.325,1,2,3,4,5,0
158,46,483.518,308.699,2.84099,2.60711,1088.36,133.232,-3.27878,-13.5365,48987.1,433.982,1,2,3,4,5,0
158,47,482.505,310.604,2.5922,2.14122,841.783,169.042,6.07414,-0.243579,27298.3,334.408,1,2,3,4,5,0
158,48,480.391,312.398,2.26327,2.60052,781.752,182.661,3.03867,1.77095,28042.2,348.45,1,2,3,4,5,0
158,49,480.572,311.395,2.33975,1.96232,540.209,220.563,11.7078,17.5035,13425.3,303.26,1,2,3,4,5,0
158,50,483.887,310.515,2.16094,2.02563,389.992,209.874,9.85292,15.1119,9644.92,259.42,1,2,3,4,5,0
158,51,484.926,309.061,1.83201,1.79547,571.712,213.559,13.7871,14.5249,11963.5,282.083,1,2,3,4,5,0
158,52,492.214,310.805,2.74417,1.83117,378.83,191.071,-14.9293,-1.29381,11691.4,256.249,1,2,3,4,5,0
158,53,489.219,310.439,2.07729,1.94159,372.386,228.515,-0.130224,16.4136,9616.02,291.568,1,1,1,1,1,0
158,54,489.103,310.444,1.98899,1.52349,385.732,244.299,-0.0438898,18.1632,8276.66,296.598,,,,,,0
159,33,305.971,82.2151,3.2223,2.80282,352.32,55.8805,-0.0538297,-6.30993,18164,168.112,1,2,3,4,5,0
159,34,304.324,82.9787,2.63426,2.34687,266.163,113.347,-4.98571,-4.34203,10000.7,174.947,1,2,3,4,5,0
159,35,303.734,83.8451,2.41551,2.64853,272.441,166.178,-3.9967,-1.0838,10404.6,223.388,1,2,3,4,5,0
159,36,303.143,84.7115,2.19676,2.95019,278.719,219.008,-3.0077,2.17444,10808.5,271.828,1,2,3,4,5,0
159,37,308.138,90.6434,2.16886,2.3884,370.852,158.734,-5.18514,-21.091,11860.1,226.036,1,2,3,4,5,0
159,38,308.162,89.4628,2.53899,3.00569,463.175,120.049,1.8276,-15.473,20782.4,246.361,1,2,3,4,5,0
159,39,307.253,88.771,1.78083,2.42332,339.116,163.513,1.66789,-16.737,9068.67,219.473,1,2,3,4,5,0
159,40,306.497,88.4309,2.10992,2.25588,344.381,142.515,1.20819,-16.5692,10600.3,208.065,1,2,3,4,5,0
159,41,299.39,91.6041,2.11345,2.096,258.818,105.316,11.5215,-15.5134,7936.66,155.249,1,2,3,4,5,0
159,42,300.31,92.239,1.78474,1.89913,383.763,105.988,3.28409,-7.51533,8153.93,157.846,1,2,3,4,5,0
159,43,300.086,92.9695,1.9744,1.3728,310.552,94.0505,1.35791,0.938275,5277.39,128.621,1,2,3,4,5,0
159,44,297.708,92.3325,2.07273,1.83203,264.136,81.056,0.160827,0.111522,5991.32,117.882,1,2,3,4,5,0
159,45,295.33,91.6954,2.17107,2.29126,217.72,68.0614,-1.03626,-0.71523,6705.26,107.142,1,2,3,4,5,0
159,46,295.068,90.9399,2.06186,1.23797,299.226,100.819,-1.93959,-4.22015,4787.64,125.278,1,2,3,4,5,0
159,47,295.715,88.9795,2.03871,2.11732,253.122,92.3369,1.28744,-4.14351,6813.96,131.988,1,2,3,4,5,0
159,48,295.652,87.6457,1.67847,1.37662,384.064,124.059,6.72166,-5.53437,5573.65,155.178,,,,,,0
160,33,350.418,149.614,2.4045,1.93895,395.94,316.448,-17.1728,-6.99619,11427.7,369.059,1,2,3,4,5,0
160,34,351.513,147.999,1.87563,2.48182,572.771,239.56,-14.3767,6.65124,16326.3,329.775,1,2,3,4,5,0
160,35,352.577,150.637,2.35071,3.86858,508.973,176.103,-3.95782,4.03588,25257.8,350.911,1,2,3,4,5,0
160,36,352.924,150.592,1.98136,2.94307,480.113,262.301,-1.806,1.72837,15309,366.041,1,2,3,4,5,0
160,37,356.114,147.669,3.68518,3.84912,969.098,-112.704,-29.6579,24.1225,75124.2,383.438,1,2,3,4,5,0
160,38,353.443,148.841,1.8728,3.34483,558.263,231.133,5.6935,-0.48847,20356.9,342.805,1,2,3,4,5,0
160,39,354.751,147.592,2.36132,3.29201,414.182,186.167,-13.0617,18.2476,18336.6,293.408,1,2,3,4,5,0
160,40,355.736,148.052,2.09045,3.40687,439.339,161.821,-7.68153,12.4457,18077.8,280.74,1,2,3,4,5,0
160,41,356.746,147.68,2.04092,2.62912,516.679,152.062,-11.7547,11.6495,17868.1,254.533,1,2,3,4,5,0
160,42,354.206,148.952,2.32718,2.82586,282.841,190.39,-1.5296,9.44258,12019.5,255.355,1,2,3,4,5,0
160,43,352.932,146.456,2.24024,1.8138,388.782,110.507,3.29156,5.20772,9845.75,171.42,1,2,3,4,5,0
160,44,352.131,145.711,1.56459,2.08658,375.561,139.249,10.6297,-9.36019,6759.22,181.663,1,2,2,3,4,0
160,45,351.826,145.747,1.56095,2.03504,438.612,142.462,0.503153,-0.639024,8726.11,194.521,1,2,2,3,4,0
160,46,352.081,146.21,1.64521,1.66902,498.598,170.855,-3.338,3.06994,8597.87,216.45,1,2,3,4,4,0
160,47,353.178,145.851,1.70068,1.66506,440.076,191.909,-3.74173,1.04384,7827.79,239.012,1,2,3,4,5,0
160,48,353.455,147.537,2.20011,3.2623,448.642,161.185,-7.24234,-11.4042,20098.8,281.183,1,2,3,4,5,0
160,49,351.592,147.164,1.65037,1.78106,388.76,245.9,5.03191,-11.8556,6440.77,281.018,1,2,3,4,4,0
160,50,351.534,147.057,1.65066,1.78373,494.776,196.287,-1.83601,-11.6449,9286.84,249.314,1,2,3,4,4,0
160,51,352.281,147.456,1.55508,1.62785,589.782,169.865,-8.85689,-8.433,9377.75,226.639,1,2,3,4,5,0
160,52,352.834,148.669,2.16729,3.29875,439.121,149.878,-5.51718,0.53176,17975.2,259.793,1,2,3,4,5,0
160,53,353.309,146.829,2.16846,3.1442,619.099,118.94,-6.27069,-1.86813,24472.8,269.317,1,2,3,4,5,0
160,54,353.785,144.989,2.16963,2.98966,799.078,88.0026,-7.02421,-4.26802,30970.4,278.84,1,2,3,4,5,0
160,55,354.189,144.865,2.27221,2.57791,705.205,117.208,-8.19225,-8.21863,25249.3,268.787,1,2,3,4,5,0
160,56,354.786,145.833,2.60731,3.77396,424.208,102.564,-14.7644,-14.0822,23025.7,246.521,1,2,3,4,5,0
160,57,353.082,146.812,1.49115,2.005,546.682,158.117,-8.40933,-9.65232,10242.4,213.746,1,2,3,4,5,0
160,58,352.129,147.013,2.37982,2.1433,469.098,115.901,-6.88844,-0.763571,14803.9,204.095,1,2,3,4,5,0
160,59,351.412,148.12,2.87878,2.13995,419.204,114.803,-2.64543,0.485382,15533.8,209.432,1,2,3,4,5,0
160,60,353.497,148.244,2.26499,2.0151,371.462,137.005,0.916555,1.94722,10526.3,192.781,1,2,3,4,5,0
160,61,356.285,148.623,1.71295,2.55939,441.58,112.659,0.975464,-2.63098,12696.9,189.166,1,2,3,4,5,0
160,62,356.476,148.688,2.2079,2.33961,429.681,122.683,7.21514,-8.86383,13817.4,208.615,1,2,3,4,5,0
160,63,355.536,149.129,2.86138,2.7538,350.692,69.2598,9.14742,-7.95013,16233.2,173.166,1,2,3,4,5,0
160,64,358.565,151.17,2.29366,2.35367,335.115,102.938,-5.32571,-4.2509,11142.6,164.71,1,2,3,4,5,0
160,65,360.549,153.245,1.66505,1.44956,380.724,101.626,3.52561,-1.80189,5013.09,133.361,1,2,3,4,5,0
160,66,363.441,155.097,1.98909,1.93541,569.968,124.473,8.85135,-3.13493,13176.1,204.402,1,2,3,4,5,0
160,67,365.08,155.193,2.95378,2.14865,341.826,144.049,13.015,-0.264894,13011.2,227.988,1,2,3,4,5,0
160,68,368.047,156.46,2.06673,1.75129,355.135,164.676,11.5416,-11.6521,8042.88,219.243,1,2,3,4,5,0
160,69,369.261,156.757,1.77023,1.5864,364.851,148.031,15.4481,-18.3388,7877.5,198.178,1,2,3,4,5,0
160,70,370.587,156.835,2.09506,2.57896,302.735,131.366,10.2382,-20.1667,10766.3,201.621,1,2,3,4,5,0
160,71,370.057,158.989,2.00477,3.30722,311.049,124.176,6.32231,-6.10741,12039.3,206.361,1,2,3,4,5,0
160,72,370.087,158.632,1.89353,2.37003,374.979,142.694,6.32982,-11.3575,10709.2,208.278,1,2,3,4,5,0
160,73,370.573,156.366,2.27971,3.18071,388.811,125.602,-5.2201,-5.48666,15879.4,218.533,1,2,3,4,5,0
160,74,369.956,159.182,1.60685,2.05781,251.746,150.061,3.99567,0.184379,5212.49,186.13,,,,,,0
161,34,211.477,430.203,1.72643,2.17399,277.714,69.8394,-1.33232,-6.05553,6508.46,105.367,1,2,3,4,5,0
161,35,211.86,428.505,1.94433,2.314,308.832,77.0406,0.734493,-5.27187,8811,127.435,1,2,3,4,5,0
161,36,212.243,426.806,2.16224,2.454,339.95,84.2419,2.80131,-4.48821,11113.5,149.503,1,2,3,3,4,0
161,37,212.305,426.178,1.95974,2.56568,283.964,107.633,-0.406744,0.927263,7840.66,150.266,1,2,2,3,4,0
161,38,211.875,427.436,2.71118,2.66381,320.869,65.0649,3.38494,-6.36653,13819.5,150.544,1,2,2,3,4,0
161,39,211.939,427.149,2.24598,2.37393,476.5,79.4255,1.53577,-5.69245,15674.8,170.432,1,2,2,3,4,0
161,40,212.766,426.377,2.45553,2.20348,574.984,88.1541,-3.80198,-6.8665,19443.6,206.367,1,2,2,3,4,0
161,41,212.127,425.199,2.13527,1.86647,1030.7,156.501,0.87734,-3.96613,26164.6,305.686,1,2,2,3,4,0
161,42,211.99,424.198,2.2628,1.8304,877.388,187.453,0.843416,-3.29638,22639.6,312.438,1,2,3,3,4,0
161,43,212.932,424.628,2.906,3.11645,548.664,61.2371,2.18783,-7.75043,28697.2,239.337,1,2,3,4,5,0
161,44,212.215,425.584,3.00526,3.85839,494.569,27.0774,5.57757,-5.49063,32065.8,226.917,1,2,3,4,5,0
161,45,211.426,428.349,2.26513,2.64916,410.479,84.0356,3.73144,-6.10092,14975.7,170.154,1,2,3,4,5,0
161,46,211.29,429.555,2.08738,2.41542,364.18,97.4762,3.55316,-3.61196,11256.1,163.556,1,1,2,2,3,0
161,47,210.966,429.403,1.77336,2.13479,421.966,98.1236,3.75837,-2.20214,9977.96,153.769,1,1,2,2,3,0
161,48,211.338,429.001,1.87196,1.80862,438.354,90.1814,0.978761,0.836038,9304.63,141.929,1,1,2,2,3,0
161,49,211.63,429.131,2.13444,1.98492,523.076,73.2543,-1.96703,0.0606926,13820.2,153.272,1,2,3,4,5,0
161,50,211.626,428.169,2.02858,1.86164,897.3,112.828,-5.24407,-2.01491,22335.4,241.231,1,2,3,4,5,0
161,51,212.02,424.945,1.97437,2.16428,689.189,137.903,-5.37202,-3.09606,18556.9,243.047,1,2,3,4,5,0
161,52,211.955,422.228,1.86156,4.06823,742.396,139.883,-1.06877,-2.21451,28366,314.769,,,,,,0
162,34,226.631,380.759,2.14606,3.64921,285.928,85.3452,1.90568,-11.668,13189.9,170.485,1,2,2,3,4,0
162,35,227.378,380.72,1.99375,2.30247,927.421,100.331,1.60092,-5.00437,27303.3,265.432,1,2,2,3,4,0
162,36,227.098,381.616,1.91886,2.01876,953.18,126.645,0.477942,-9.88282,23089.4,260.089,1,2,2,3,4,0
162,37,226.964,382.537,2.2186,2.0393,449.209,111.343,-4.05468,-4.7771,12300.4,186.953,1,1,2,3,4,0
162,38,226.926,382.975,2.35888,2.54379,457.316,71.0932,-3.77057,0.554379,16761.8,179.331,1,1,2,3,4,0
162,39,226.487,383.635,1.73302,2.10488,1220.57,140.324,-1.47577,-6.25481,27827.6,298.74,1,1,2,3,4,0
162,40,225.731,384.36,2.02686,1.99025,1125.53,98.1052,-1.20596,-2.83196,28493.8,268.272,1,1,2,3,4,0
162,41,225.944,384.894,2.36765,2.2569,426.188,72.0978,0.839429,-3.20483,14050.9,157.432,1,1,2,3,4,0
162,42,225.806,384.312,2.29938,2.22225,355.265,74.2148,2.60153,-1.43787,11384.9,142.29,1,1,2,2,3,0
162,43,225.668,383.729,2.23112,2.18761,284.343,76.3318,4.36363,0.329102,8718.81,127.148,1,1,2,2,3,0
162,44,225.805,384.353,2.03861,2.64297,382.633,76.5358,-1.29805,-0.160083,12609.2,150.527,1,1,2,2,3,0
162,45,226.154,384.176,1.92823,1.93233,834.781,112.927,-2.26938,-3.99026,19475.1,224.225,1,1,2,2,3,0
162,46,226.9,383.722,1.83428,2.11032,1163.79,112.53,-5.3167,-7.30011,28153.2,273.325,1,1,2,2,3,0
162,47,226.824,383.704,1.89031,1.85352,626.801,83.0071,-5.09483,-3.09102,13762.9,163.118,1,1,2,2,3,0
162,48,227.288,384.128,2.00719,2.24883,258.802,67.2938,-5.2523,-2.46878,7266.48,111.024,1,1,2,2,3,0
162,49,227.627,383.996,1.9157,2.05964,217.324,73.668,-3.71676,-0.330122,5360.85,106.154,1,1,2,3,4,0
162,50,227.231,383.835,3.18567,2.84798,312.762,18.3282,-2.31952,-0.716664,16193.8,120.485,1,2,2,3,4,0
162,51,226.058,384.268,2.25958,2.08733,263.188,85.7764,-2.27589,-5.01137,7711.85,128.568,1,2,2,3,4,0
162,52,226.426,384.22,1.93118,1.73983,260.109,84.5543,-5.7574,-3.15874,5481.06,114.29,1,2,2,3,4,0
162,53,226.946,383.238,1.86446,1.84359,442.954,96.2603,-2.90978,-1.13407,9545.45,151.047,,,,,,0
163,34,260.171,487.436,2.08078,2.18649,518.239,116.839,2.35318,2.8922,14661.7,199.047,1,1,2,2,3,0
163,35,259.94,488.152,2.13617,2.33535,711.951,89.2803,3.46691,-3.90288,21996,223.609,1,1,2,2,3,0
163,36,259.713,488.072,1.88382,2.41285,848.772,103.872,0.198601,-4.1949,23907.7,246.84,1,1,2,2,3,0
163,37,259.101,488.212,1.97496,2.091,978.337,107.247,-0.37112,-5.01407,24473.9,249.284,1,1,2,3,4,0
163,38,258.871,488.18,2.01681,1.97907,998.534,116.888,2.97218,-7.33783,24504.5,259.728,1,2,2,3,4,0
163,39,259.81,487.805,2.02418,2.25286,614.18,108.757,-0.98793,1.94598,17416.2,209.26,1,2,3,3,4,0
163,40,261.846,487.746,1.7503,1.86346,329.807,117.07,-4.24408,-2.85088,6749.37,153.237,1,2,2,3,4,0
163,41,262.124,487.451,1.94358,1.81483,324.642,113.256,-0.538556,-2.78347,6858.86,151.586,1,2,2,3,4,0
163,42,260.898,487.591,2.09579,2.3348,448.381,91.6223,-0.677328,-3.91568,13762.9,175.225,1,2,2,3,4,0
163,43,260.275,487.464,2.33087,2.19277,637.366,92.147,-3.8793,-4.42113,20123.9,211.503,1,2,2,3,4,0
163,44,260.506,487.518,2.26294,1.90023,778.751,106.949,-8.7652,-6.56633,21672.7,230.065,1,2,3,4,5,0
163,45,258.557,488.518,2.0559,1.71919,716.976,111.587,3.58484,-5.17024,16299.5,204.402,1,1,2,2,2,0
163,46,258.611,488.818,1.88295,1.83962,720.797,102.075,-0.491889,-0.73285,15647,191.817,1,1,2,2,3,0
163,47,259.042,489.019,2.02359,2.11221,535.816,91.5658,-2.66763,-0.198301,14290.8,175.047,1,1,2,2,3,0
163,48,259.175,488.882,1.94914,2.03756,549.885,92.1204,0.524366,-4.19375,13654.2,172.905,1,1,2,2,3,0
163,49,258.277,488.619,2.00331,2.33995,807.069,84.2277,2.26492,-2.45535,23941.2,223.775,1,1,2,2,3,0
163,50,257.86,488.976,2.13998,2.32623,980.093,88.637,-0.767833,-1.99882,30224.6,271.438,1,1,2,2,3,0
163,51,258.187,488.501,1.99703,2.00231,1370.28,107.181,-4.98741,-4.58315,33987.6,307.118,1,1,2,3,4,0
163,52,258.372,488.631,2.05427,2.39767,882.747,94.2908,-3.58559,-3.17299,26596.4,253.172,1,1,2,3,4,0
163,53,258.831,488.152,1.96752,2.46231,613.854,108.08,-2.80507,0.760066,18378.5,216.734,1,2,2,3,4,0
163,54,260.164,487.866,2.15096,2.45659,513.233,88.3716,-0.38226,-2.69853,16540.6,186.592,1,2,2,3,4,0
163,55,260.764,487.609,2.20055,2.28044,533.151,70.9351,1.20295,-2.17933,16556,170.284,1,2,2,3,4,0
163,56,261.316,487.049,2.83663,3.16863,392.105,36.8106,-4.11153,-1.57316,20269.9,158.828,1,2,2,3,4,0
163,57,261.48,487.687,2.71235,2.78699,351.992,44.4172,-0.557572,-4.08036,15731.2,140.728,1,2,2,3,4,0
163,58,261.928,487.117,2.44217,2.17885,240.901,79.9379,0.341558,0.289414,7902.28,125.272,1,2,3,4,5,0
163,59,260.391,487.123,2.06296,2.13404,401.241,105.069,0.900022,2.86637,10132.3,161.959,1,2,3,4,5,0
163,60,258.854,487.129,1.68374,2.08924,561.581,130.2,1.45849,5.44332,12362.3,198.645,1,2,3,4,5,0
163,61,258.199,488.291,1.8445,2.13905,1028.46,152.155,4.05408,5.45752,25340.6,298.314,1,2,3,4,5,0
163,62,258.458,490.621,1.95719,1.15759,801.325,165.663,4.20273,-8.75742,29229.8,338.053,1,2,3,4,5,0
163,63,258.151,488.076,1.98443,2.33388,885.695,107.861,2.59175,0.770964,25420.7,260.633,1,2,2,3,4,0
163,64,258.664,487.894,1.86112,2.14167,714,92.4725,3.64382,0.681589,17720.4,195.497,1,2,2,3,4,0
163,65,259.757,487.346,1.92035,2.30525,313.473,114.966,0.270914,6.71183,8624.28,157.426,1,1,2,3,4,0
163,66,259.403,487.806,2.11735,2.24674,356.646,98.96,1.3944,5.49691,10578,155.985,1,1,2,3,4,0
163,67,259.049,488.265,2.31436,2.18824,399.819,82.9543,2.51789,4.28199,12531.8,154.544,,,,,,0
164,34,348.741,99.6273,3.49425,2.00559,375.292,115.89,-13.2332,-0.415923,15089.9,221.746,1,2,2,3,4,0
164,35,348.421,98.5802,1.88254,1.9,440.083,151.012,-15.4946,5.58295,9711.05,206.041,1,1,2,3,4,0
164,36,348.946,98.0419,1.66548,1.77474,432.009,135.993,-16.7565,6.41165,8095.38,186.568,1,1,2,3,4,0
164,37,349.167,98.1027,2.45859,1.74088,362.416,130.366,-17.1786,7.84921,9694.42,185.58,1,1,2,3,4,0
164,38,348.871,97.5574,2.30532,2.00177,384.54,143.342,-16.8093,10.7968,11407.8,208.222,1,1,2,3,4,0
164,39,348.574,97.0122,2.15204,2.26266,406.665,156.318,-16.4399,13.7443,13121.1,230.864,1,2,2,3,4,0
164,40,349.332,97.2334,1.98909,1.73209,412.245,154.757,-13.7475,9.81714,8896.02,198.124,1,2,2,3,4,0
164,41,350.341,97.5143,2.40813,2.00563,381.589,124.432,-0.764,3.77527,11556.3,194.473,1,2,2,3,4,0
164,42,351.125,97.5758,2.15045,1.7606,396.509,160.016,-9.39827,8.44932,8622.04,213.55,1,2,2,3,4,0
164,43,350.096,97.9992,2.53501,1.85779,381.458,136.968,-10.0063,5.19825,10610.1,198.535,1,2,3,3,4,0
164,44,349.066,98.4226,2.91956,1.95499,366.408,113.92,-10.6144,1.94718,12598.2,183.521,1,2,3,4,5,0
164,45,350.434,97.9979,2.77994,1.85704,308.498,119.692,-8.2325,4.59627,9102.57,174.479,1,2,3,4,5,0
164,46,352.686,98.6381,1.93189,1.85915,415.826,130.875,-5.84635,4.442,8869.84,183.101,1,2,3,4,5,0
164,47,354.124,99.7408,2.11205,2.23776,410.115,115.626,-2.62983,-2.65528,12045.9,193.036,1,2,2,3,4,0
164,48,354.961,99.7569,2.59344,2.28913,439.166,88.1568,6.92064,-6.72781,17028.3,196.284,1,1,2,3,4,0
164,49,355.225,99.7155,2.21414,1.86834,465.554,112.942,4.73176,-4.00287,12005.7,191.124,1,1,2,3,4,0
164,50,354.511,100.218,2.09793,2.11762,428.766,96.4684,3.76268,-8.32939,11856.9,170.609,1,1,2,3,4,0
164,51,354.443,99.837,2.20017,2.44717,423.189,96.1761,4.89347,-7.29812,14636.8,186.036,1,1,2,3,4,0
164,52,355.126,99.4267,1.97474,2.09205,576.142,110.243,0.939063,-4.4307,14854.8,198.769,1,1,2,3,4,0
164,53,354.598,98.6736,2.11749,2.3282,482.767,101.443,2.09467,-7.61759,15417,195.45,1,1,2,3,4,0
164,54,354.441,98.5652,2.11683,2.22583,449.975,133.531,2.72079,-3.25464,13994,215.911,1,2,2,3,4,0
164,55,355.824,99.6293,1.963,2.59609,495.993,182.982,12.4682,8.64655,15200,271.828,1,2,2,3,4,0
164,56,355.367,100.085,2.01294,1.99901,410.643,187.862,13.7748,15.4348,11103,249.172,1,2,3,3,4,0
164,57,353.817,100.522,2.91214,2.17498,372.078,129.76,13.8256,4.38967,14900.2,223.385,1,2,3,3,4,0
164,58,354.188,99.8002,1.98081,1.84915,454.026,146.995,6.6699,8.65471,10166.7,210.438,1,2,3,4,5,0
164,59,353.542,100.378,2.58719,1.35276,319.189,176.862,9.05327,10.0622,6871.74,209.923,1,2,3,4,5,0
164,60,358.358,102.715,1.94763,1.88395,487.682,116.589,-6.14522,-10.2648,11284.9,184.669,1,2,3,4,5,0
164,61,358.822,102.214,2.23378,2.27592,429.674,100.991,-1.29301,-6.81107,13519,185.195,1,2,3,4,5,0
164,62,358.107,101.846,2.24353,1.98115,303.594,135.706,-6.24995,-7.82579,8399.51,182.03,1,2,3,4,5,0
164,63,357.575,98.3869,1.7318,1.81072,374.948,155.44,-5.93021,0.967876,7009.28,190.151,1,2,3,4,5,0
164,64,357.043,94.9274,1.22007,1.64029,446.302,175.175,-5.61048,9.76154,5619.05,198.272,1,2,3,4,5,0
164,65,357.315,93.8002,1.49377,1.84557,485.387,173.837,-2.13626,8.70261,8398.31,222.55,1,2,2,3,4,0
164,66,357.406,93.722,2.31338,2.30479,439.345,150.377,-8.95715,19.5466,16130.6,250.213,1,2,2,3,4,0
164,67,357.851,94.9184,2.63876,2.12267,560.858,172.727,-11.1835,6.47676,19212.7,284.485,1,2,2,3,4,0
164,68,357.436,94.4368,3.00083,2.13138,686.737,141.615,5.04536,-8.97601,25956.6,295.828,1,2,2,3,4,0
164,69,357.542,93.1323,2.82134,2.86371,876.66,82.3442,0.720795,-5.19019,42028,333.615,1,2,2,3,4,0
164,70,357.113,93.2969,2.42812,3.19161,785.423,165.042,-4.55697,-16.5896,33659.7,364.728,1,2,2,3,4,0
164,71,357.263,92.9592,2.58101,3.04397,729.677,138.336,0.035238,-7.28238,33616.7,344.609,1,2,3,4,5,0
164,72,356.868,95.1874,2.04245,2.69749,348.897,190.6,12.2361,-21.4734,11314.3,249.041,1,2,3,4,5,0
164,73,356.29,99.4154,1.57113,2.14309,381.928,109.552,-5.9087,-7.49067,8813.82,167.746,1,2,3,4,5,0
164,74,353.887,99.1525,1.9559,1.77065,423.483,105.621,2.38516,-3.98981,9191.17,154.041,1,2,3,4,5,0
164,75,354.287,98.2094,2.13121,1.98094,417.938,95.4756,3.75201,-1.67822,11006.7,160.32,1,2,3,4,5,0
164,76,354.394,97.4927,2.00203,2.17718,471.29,90.5546,5.42592,-3.0447,12783.2,165.97,1,2,3,4,5,0
164,77,356.03,96.4405,2.01254,1.99827,442.273,130.345,11.2262,-11.5494,11150.2,196.382,1,2,3,4,5,0
164,78,357.666,95.3883,2.02306,1.81935,413.257,170.135,17.0265,-20.054,9517.14,226.793,,,,,,0
165,35,21.854,123.49,1.5877,2.95887,360.716,258.894,23.9597,-2.00549,13567,327.905,1,2,3,4,5,0
165,36,23.6642,122.002,1.32484,2.1533,426.545,262.494,20.7888,3.92453,8997.42,306.204,1,2,3,4,5,0
165,37,25.4743,120.513,1.06198,1.34773,492.375,266.094,17.6178,9.85455,4427.85,284.503,1,2,3,4,5,0
165,38,29.1616,121.593,2.58967,3.31996,838.53,145.68,-7.94831,14.7993,41207.7,397.053,1,2,3,4,5,0
165,39,29.5231,120.338,2.08827,2.04255,623.692,248.967,-12.5916,10.8992,17073.3,347.621,1,2,3,4,5,0
165,40,29.3837,118.222,1.62316,2.25015,517.463,234.74,-13.1702,9.97614,11783.3,295.852,1,2,3,4,5,0
165,41,26.5218,112.199,2.67489,2.99037,244.641,107.973,-3.47353,1.01592,12013.1,185.065,1,2,3,4,5,0
165,42,26.6681,110.969,2.42827,2.88193,288.728,135.112,-0.508521,-1.69538,12003.6,208.219,1,2,3,4,5,0
165,43,24.7366,114.485,2.10285,2.27502,497.446,160.887,-5.16374,-4.36883,14753.2,262.686,1,2,3,4,5,0
165,44,26.2861,114.967,2.39983,2.58292,436.167,108.743,-4.9048,-10.777,16864,214.071,1,2,3,4,5,0
165,45,28.2831,112.789,2.14589,1.98563,469.107,149.101,-9.75488,-6.85906,12464.6,225.911,1,2,3,4,5,0
165,46,26.6954,112.131,1.45604,1.64367,317.391,209.17,-11.4756,-6.14045,4771.13,230.58,1,2,3,4,5,0
165,47,22.0218,117.964,1.83971,3.98119,587.501,157.765,0.365558,-10.7702,23477.9,309.852,1,2,3,4,5,0
165,48,22.9453,118.017,1.5172,2.54214,501.76,147.255,0.230661,-2.74175,11945.8,212.047,1,2,3,4,5,0
165,49,24.7828,117.462,2.42749,2.28821,762.681,103.159,-3.94362,1.75392,26611.2,267.148,1,2,3,4,5,0
165,50,25.4413,117.362,1.95403,2.30616,719.407,111.676,-8.0232,-2.26561,19791.5,227.781,1,2,3,4,5,0
165,51,25.3664,118.491,1.82031,2.15934,584.095,121.807,-4.59361,-3.59582,14080.2,204.728,,,,,,0
166,35,199.83,241.487,2.1468,2.34845,233.464,147.503,-1.10223,-8.30377,7273.96,192.988,1,2,2,3,4,0
166,36,199.707,240.613,3.14311,2.80073,366.147,114.248,0.230496,-2.84419,18081.9,224.639,1,2,2,3,4,0
166,37,199.298,241.201,2.1977,2.24334,395.124,147.41,-5.16894,-0.00450926,12074.2,222.793,1,2,3,4,5,0
166,38,198.341,241.805,1.95273,2.62348,310.899,168.964,-6.92365,5.27643,9775.82,229.669,1,2,3,4,5,0
166,39,195.549,246.007,2.97794,3.95199,348.504,120.136,5.73497,-9.83953,26909.9,303.337,1,2,3,4,5,0
166,40,197.773,241.704,4.01982,4.09703,481.63,-75.978,-15.8853,22.3003,42806.9,217.751,1,2,2,3,4,0
166,41,197.754,241.995,2.25933,3.1487,328.908,123.707,2.16185,-2.7095,13696.5,205.367,1,2,2,3,4,0
166,42,198.477,241.77,2.63537,2.15979,373.701,137.988,-6.91571,-4.45507,12971.9,216.757,1,2,2,3,4,0
166,43,197.219,240.776,3.99721,4.10552,492.402,7.20056,-7.18712,6.3824,38303.2,251.444,1,2,2,3,4,0
166,44,197.606,241.316,2.79491,3.42918,327.293,126.324,-0.233215,0.298133,17511.2,233.036,1,2,2,3,4,0
166,45,198.065,241.269,2.34474,4.0144,304.591,137.001,3.12799,-0.492017,15429.3,230.899,1,2,2,3,4,0
166,46,199.256,241.418,3.13213,3.42466,360.731,107.071,-10.1837,8.24118,21111.8,236.237,1,2,2,3,4,0
166,47,198.6,242.122,2.98209,2.49971,426.723,95.4437,-8.5473,-7.05653,18784.4,218.84,1,2,2,3,4,0
166,48,198.456,242.595,2.48727,2.14802,579.606,124.208,-13.0581,-6.69317,19784.3,241.296,1,2,2,3,4,0
166,49,197.946,243.526,2.59658,2.15178,542.053,155.955,-3.23922,-2.67898,17769.2,259.787,1,2,3,4,5,0
166,50,196.827,245.831,2.58664,1.99391,482.298,177.598,7.84386,-17.2537,15285.2,260.775,1,2,3,4,5,0
166,51,196.957,246.315,2.61597,2.19324,595.491,153.828,4.76186,-12.7658,20883.1,276.006,1,2,3,4,5,0
166,52,196.012,245.662,2.20621,2.3666,458.813,167.956,2.50165,-16.1919,14788.8,251.503,1,2,3,4,5,0
166,53,194.164,245.117,3.03239,1.92035,360.489,197.219,2.18056,-18.5762,12547.4,265.568,1,2,3,4,5,0
166,54,192.197,247.534,1.84334,2.90439,289.72,206.198,2.07882,-16.6767,10527.2,269.568,,,,,,0
167,35,446.091,275.726,1.99352,3.65617,319.402,78.6995,2.47691,-11.9233,13123.6,159.515,1,1,1,2,2,0
167,36,446.435,275.876,1.80868,3.10162,318.179,87.3389,-1.90819,-14.3909,10624.4,151.917,1,1,1,2,2,0
167,37,446.484,275.215,1.69046,3.12759,320.592,76.4395,-2.51363,-8.04315,10385.8,138.101,1,1,1,2,2,0
167,38,446.435,274.767,1.72566,3.32932,346.297,62.7302,-1.82726,-7.89624,11360.6,134.331,1,1,1,2,1,0
167,39,446.383,274.78,1.89034,3.38754,341.613,62.2007,-1.08917,-6.58258,12679.4,137.609,1,1,1,2,2,0
167,40,446.436,274.568,1.92356,3.57564,318.868,71.907,-3.45369,-1.67506,11053.9,134.947,1,1,1,2,2,0
167,41,446.314,275.079,1.93018,3.0364,332.037,65.2023,-0.991113,-6.55517,10974.7,129.621,1,1,1,2,2,0
167,42,446.241,275.473,2.15642,3.75477,288.136,56.7606,-0.706542,-7.28122,12633.1,136.663,1,1,1,2,2,0
167,43,446.01,276.204,2.02442,3.28967,296.576,46.2441,-1.7833,-7.78678,11544.4,117.462,1,1,1,2,2,0
167,44,446.082,275.825,1.77713,3.30767,299.695,49.6479,-0.915584,-5.74882,10795.8,114.308,1,1,1,2,2,0
167,45,446.155,275.446,1.52984,3.32566,302.815,53.0517,-0.0478704,-3.71087,10047.2,111.154,1,1,1,2,2,0
167,46,446.041,275.72,1.78324,3.16324,290.932,62.8961,-0.0648029,-7.24043,9750.51,121.456,1,1,1,2,2,0
167,47,446.377,275.145,1.72842,3.21886,283.315,79.1421,-2.51989,-8.58525,8666.57,128.361,1,1,1,2,2,0
167,48,446.181,275.082,2.03161,3.4082,309.304,68.0474,-0.847137,-8.6493,12385.3,141.183,1,1,1,2,2,0
167,49,445.869,275.18,1.90255,3.44219,351.068,63.1194,-0.211816,-9.15902,13261.9,144.343,1,1,1,2,2,0
167,50,445.823,274.709,1.50884,3.85328,345.392,81.1099,-0.266489,-9.14923,10234.9,138.864,,,,,,0
168,36,149.026,387.81,2.66014,2.24144,207.979,96.3338,-5.89461,0.737506,7555.79,137.669,1,2,3,4,5,0
168,37,148.392,384.386,2.48136,1.93964,246.797,102.62,-5.58412,0.840269,7131.87,142.917,1,2,3,4,5,0
168,38,147.757,380.963,2.30257,1.63784,285.615,108.906,-5.27363,0.943033,6707.96,148.166,1,2,3,4,5,0
168,39,148.388,380.346,2.00579,2.42473,339.625,76.6313,1.49501,-6.14418,10877.7,143.095,1,2,3,4,5,0
168,40,150.328,379.254,2.60314,2.84502,389.363,63.0341,-4.08693,-1.73648,17114.8,164.633,1,2,3,4,5,0
168,41,149.712,379.234,2.3353,3.00736,412.275,87.0278,-2.87068,-2.35191,17184.6,194.592,1,2,3,4,5,0
168,42,150.968,380.183,1.76719,2.05214,314.642,111.598,-3.80323,-1.60434,7141.97,156.757,1,2,3,4,5,0
168,43,153.856,379.512,2.0408,2.51106,341.372,81.6585,-2.5002,-2.38934,10766,148.172,1,2,3,4,5,0
168,44,154.575,380.42,1.88256,2.14825,392.404,99.4452,-1.22689,-4.98735,10285.4,158.657,1,2,3,4,5,0
168,45,151.139,379.926,3.09098,3.3221,262.436,53.9905,5.03027,-0.0148728,15227.5,151.036,1,2,3,4,5,0
168,46,151.184,376.852,2.34117,2.78108,287.609,91.6542,2.40325,-0.619477,11131.6,158.805,1,2,3,4,5,0
168,47,153.531,376.22,1.64936,2.55922,313.532,124.086,-0.480803,-7.44938,8167.99,171.408,1,2,3,4,5,0
168,48,154.705,369.746,2.61707,2.63225,311.535,85.6177,0.13643,-0.712361,13377.3,166.71,1,2,3,4,5,0
168,49,154.694,369.44,2.14954,2.44896,419.495,91.8831,4.99002,-7.3883,13827.3,173.16,1,2,3,4,5,0
168,50,155.666,368.563,2.44388,2.44074,387.759,89.5178,6.90993,-10.6872,14546.2,176.485,1,2,3,4,5,0
168,51,156.509,366.19,2.19502,2.97629,368.387,103.56,4.72777,-5.49167,14364.8,190.929,1,2,3,4,5,0
168,52,156.605,363.382,2.22456,4.08035,309.365,132.079,1.7061,-3.31943,15571.8,225.041,1,2,3,4,5,0
168,53,158.865,359.993,3.19619,3.67277,315.927,77.8988,-9.08815,-0.170991,19694.9,199.467,1,2,3,4,5,0
168,54,159.52,359.037,3.47966,3.14167,290.481,83.1216,-5.37406,-0.392482,17789,192.107,,,,,,0
169,36,446.461,138.796,2.50471,2.02453,242.607,123.551,5.75842,-5.88995,7801.88,175.041,1,2,2,3,4,0
169,37,447.211,139.4,1.61307,1.71409,255.013,166.436,0.136958,-12.3828,4432.66,191.888,1,2,2,3,4,0
169,38,447.907,139.63,1.78552,1.91311,262.636,174.503,-1.15097,-11.2824,5624.04,203.704,1,2,2,3,4,0
169,39,447.278,139.479,2.30516,2.81698,352.297,118.902,-1.28964,-13.6402,13277.7,201.118,1,2,2,3,4,0
169,40,447.805,138.43,2.44524,2.4575,387.558,109.383,1.4597,-13.4039,14208.5,196.71,1,2,2,3,4,0
169,41,448.295,137.666,3.13505,3.44619,370.306,108.269,-1.11034,-13.8761,21793.5,247.722,1,2,3,4,5,0
169,42,448.428,138.892,2.77557,3.08069,289.862,157.538,-1.86327,-21.731,14359.5,253.775,1,2,3,4,5,0
169,43,449.545,137.107,3.71105,3.75188,393.707,46.8641,-9.44442,-1.82705,30075.3,232.479,1,2,3,4,5,0
169,44,447.777,138.733,2.31998,3.11151,252.603,150.533,6.62677,-5.15913,10251.1,211.456,1,2,3,4,5,0
169,45,447.746,141.062,3.00394,2.48091,390.708,85.4529,5.3818,-3.45752,17808.5,189.284,1,2,2,3,3,0
169,46,447.609,141.381,3.10089,2.30049,432.612,90.9506,5.22502,-2.3326,17901.7,195.041,1,2,2,3,4,0
169,47,447.311,140.814,2.4801,2.68779,500.823,55.988,-1.68081,-6.82259,20597.8,179.284,1,2,2,3,4,0
169,48,447.726,140.289,2.69147,2.69644,397.329,68.7047,-0.71836,-6.37068,16493.1,168.059,1,2,3,3,5,0
169,49,448.687,141.031,3.13896,2.42025,355.595,74.5849,0.0854837,-4.60776,15075.4,166.837,1,2,3,4,5,0
169,50,449.648,141.774,3.58644,2.14407,313.862,80.4651,0.889328,-2.84484,13657.6,165.615,1,2,3,4,5,0
169,51,447.665,141.911,2.90695,2.28243,229.042,118.032,3.16511,-1.91954,9098.38,166.663,1,2,3,4,5,0
169,52,446.444,144.095,2.3864,3.10367,253.093,100.869,7.01562,-9.91197,11019.9,164.237,1,2,3,4,5,0
169,53,446.431,142.615,2.26275,2.99917,263.048,95.8298,2.80499,-7.58099,10595.8,158.621,1,2,3,4,5,0
169,54,446.419,141.136,2.1391,2.89468,273.004,90.7907,-1.40564,-5.25001,10171.7,153.006,1,2,3,4,5,0
169,55,444.724,140.791,1.65707,2.12765,318.292,106.73,0.0203153,-1.62978,6913.37,148.713,1,2,3,4,5,0
169,56,443.028,140.446,1.17504,1.36063,363.581,122.67,1.44627,1.99045,3655.09,144.42,1,1,1,1,1,0
169,57,443.376,140.667,1.70416,1.99574,239.537,128.965,-3.06685,3.59309,5113.57,163.876,1,1,1,1,1,0
169,58,443.498,140.45,1.70044,1.60803,273.311,137.065,0.264928,5.05735,4781.92,164.805,1,1,1,1,1,0
169,59,443.619,140.233,1.69673,1.22033,307.085,145.165,3.59671,6.52161,4450.27,165.734,1,2,3,4,5,0
169,60,443.551,142.116,1.61785,3.32193,289.719,108.1,-0.672248,6.02883,9135.96,166.343,,,,,,0
170,36,465.878,328.043,2.98071,2.89386,283.529,70.2056,5.61234,-1.775,14154.2,157.101,1,2,3,4,5,0
170,37,467.664,328.175,2.2568,3.0507,301.043,100.705,0.789803,3.15893,12291.1,173.337,1,2,3,4,5,0
170,38,470.061,331.425,2.48655,2.63843,402.184,98.0713,-5.31485,-11.9991,15940.6,201.846,1,2,3,4,5,0
170,39,471,331.261,2.69624,2.44413,376.64,87.9038,0.274992,-10.2634,14990.2,183.556,1,2,3,4,5,0
170,40,471.725,331.038,2.09721,2.41182,410.833,116.172,3.10761,-8.35869,12105.6,185.976,1,2,3,4,5,0
170,41,471.94,330.965,2.13607,2.60196,450.4,150.389,10.7897,-9.2954,14018.6,227.456,1,2,3,4,5,0
170,42,475.017,329.579,2.8429,2.09908,541.158,166.189,4.211,2.08359,18389.6,273.219,1,2,3,4,5,0
170,43,475.929,330.081,2.56479,2.05347,575.856,170.204,-5.07102,-3.6188,18361.5,277.686,1,2,3,4,5,0
170,44,476.808,332.821,2.42144,1.98472,565.075,180.943,-5.53978,-5.48501,16804.8,281.533,1,2,3,4,5,0
170,45,477.532,333.71,2.79157,2.68142,584.414,102.072,-3.20308,2.71126,26207.2,268.331,1,2,3,4,5,0
170,46,478.577,336.028,2.26678,4.04695,454.429,166.267,-0.416078,9.2433,19967.7,276.391,1,2,3,4,5,0
170,47,478.869,336.327,2.6836,2.87154,586.134,112.113,4.53417,-2.94399,26012.6,264.775,1,2,3,4,5,0
170,48,476.887,336.147,1.97455,2.55113,591.998,155.501,7.29416,-12.4563,18357.6,256.935,1,2,3,4,5,0
170,49,476.431,335.394,2.73222,2.99169,730.16,61.3969,-0.22257,-5.53361,34740.4,278.734,1,2,3,3,4,0
170,50,476.776,335.666,2.49147,2.68026,869.467,81.0348,-1.68734,-4.56032,34913.6,290.822,1,2,3,4,5,0
170,51,475.308,335.538,3.15144,3.22152,614.035,-13.6372,9.93109,-3.33161,36851.7,224.799,1,2,3,4,5,0
170,52,474.791,336.212,2.47791,2.82503,353.317,94.7441,-2.444,-8.75236,14796,181.012,1,2,3,4,5,0
170,53,473.528,336.835,2.30666,2.88676,326.168,88.7754,4.39689,-10.6956,13104.1,171.669,1,2,3,4,5,0
170,54,473.577,338.544,1.6732,1.0077,327.687,129.088,-1.61601,-9.27603,3479.04,144.343,1,2,3,4,5,0
170,55,474.826,340.561,2.03789,1.70515,288.484,103.641,0.554431,-8.00955,6276.2,136.55,,,,,,0
171,38,193.573,95.7466,1.44243,1.50131,429.667,246.95,22.2716,-20.6842,4395.95,260.491,1,2,3,3,4,0
171,39,194.841,95.5166,2.93861,1.52353,487.646,219.948,22.962,-13.769,13206.5,288.047,1,2,3,3,4,0
171,40,195.996,94.464,2.94671,2.12037,674.464,155.781,11.8252,-0.640424,24412.1,297.527,1,2,2,3,4,0
171,41,195.895,95.0895,2.96456,2.0135,511.889,165.769,8.07783,-8.26288,17671.8,263.331,1,2,2,3,4,0
171,42,196.207,94.4593,3.98989,2.2713,428.438,144.539,9.08198,-0.150917,19547.9,259.769,1,2,3,3,4,0
171,43,197.771,93.3819,2.3585,2.47307,591.54,98.8397,-3.60157,-2.75802,20688.1,225.864,1,2,2,3,4,0
171,44,197.842,93.0609,2.13594,2.1164,775.898,99.2853,-3.51266,-6.89472,22003.6,228.899,1,2,2,3,4,0
171,45,196.803,93.4559,2.31256,2.27003,745.883,93.7327,0.0437659,-6.43544,24157.7,239.189,1,1,1,2,2,0
171,46,196.526,93.4605,2.06943,2.23334,894.167,117.287,7.18173,-1.228,25648.7,270.065,1,1,1,2,2,0
171,47,196.79,93.5282,2.1243,2.10396,813.701,129.011,4.82761,1.92046,22012.1,259.509,1,1,1,2,2,0
171,48,197.223,93.2163,1.69858,1.86845,759.659,145.544,1.91682,0.627938,16071.9,236.337,1,1,1,2,2,0
171,49,197.59,92.937,2.14996,2.33847,675.418,126.176,9.70932,-6.77672,19765.5,242.42,1,1,1,2,2,0
171,50,197.21,93.1751,2.32427,2.65477,654.905,98.197,2.72367,-1.24463,24561.6,246.657,1,1,1,2,2,0
171,51,196.669,93.3795,2.46569,2.63901,652.53,82.4736,4.59411,-0.195631,25044.5,235.006,1,1,1,2,2,0
171,52,196.455,93.4835,2.32741,2.10327,615.247,130.916,3.91191,3.04354,18626.3,240.74,1,1,1,2,2,0
171,53,196.18,93.4244,2.62806,2.15371,500.483,117.837,8.12745,-6.65395,17307.4,223.633,1,1,2,2,4,0
171,54,195.583,93.9118,1.84032,1.82083,507.45,143.295,11.9163,-14.1428,10661.3,206.817,1,2,2,4,5,0
171,55,196.198,93.2315,1.76109,1.49623,485.092,169.235,10.8987,-12.3897,8026.08,213.237,1,2,3,4,5,0
171,56,197.919,91.3195,2.78642,2.72322,392.526,119.788,3.2304,-3.19691,17640.5,222.047,1,2,3,4,4,0
171,57,198.734,91.09,2.38209,2.76627,495.971,97.0688,1.45031,-8.86351,19700.6,215.509,1,2,3,3,4,0
171,58,199.66,91.0779,2.92468,3.24466,423.177,67.4241,-1.04909,-12.3753,22754.4,204.249,1,2,3,3,4,0
171,59,200.171,90.5795,2.85843,3.06643,408.886,91.4261,7.31353,-20.8143,21740.5,225.621,1,2,3,4,4,0
171,60,201.571,89.3234,3.72164,3.50214,680.84,-46.1971,-12.4413,-0.393749,48200.4,256.231,1,2,3,3,4,0
171,61,200.346,90.0906,2.32544,2.37893,849.194,109.875,-2.39198,-7.0936,28955.3,280.053,1,2,3,3,4,0
171,62,199.429,90.6421,2.08766,1.82691,887.551,161.694,4.09648,-8.65529,21385.4,285.373,1,2,3,3,4,0
171,63,199.218,91.0195,3.13697,2.90707,714.797,47.4155,-7.35396,0.9863,39997.6,297.757,1,2,3,3,4,0
171,64,198.849,92.3929,2.32189,2.65997,360.969,234.057,-1.56106,-18.0162,11030.4,289.982,1,2,3,3,4,0
171,65,198.199,92.3007,2.77261,3.53187,446.093,153.465,7.43632,-6.64707,23856.9,298.935,1,2,3,3,4,0
171,66,197.525,93.7126,2.30051,3.02989,536.009,164.687,11.3118,-15.1529,21241.2,298.805,1,2,3,4,4,0
171,67,196.036,94.2769,1.74693,1.59059,404.282,226.339,17.609,-19.4503,5937,259.349,1,2,3,4,4,0
171,68,194.544,94.4969,2.21132,2.0054,442.556,166.13,21.395,-15.8794,12208.3,242.142,1,2,3,3,4,0
171,69,194.381,94.7054,2.30891,2.27858,477.798,153.058,22.6871,-10.0371,16404,258.811,1,2,3,4,5,0
171,70,194.231,95.5808,2.38604,2.53157,460.85,106.027,18.9814,-13.1747,18548.1,222.462,1,2,3,4,5,0
171,71,196.872,93.4194,2.91905,2.59618,380.393,124.538,9.62521,-6.91298,16559.9,218.781,1,2,3,4,5,0
171,72,197.984,92.3066,2.22563,2.05414,662.45,138.879,5.96643,-2.16325,19417.2,252.556,1,1,2,3,2,0
171,73,198.049,92.5019,2.04898,2.10479,720.209,133.207,1.55776,-8.14177,19613.2,248.917,1,1,2,3,4,0
171,74,197.704,92.8399,2.4183,2.60106,625.738,70.0015,2.55642,-3.1123,24052.6,222.379,1,2,2,3,4,0
171,75,197.873,92.1045,2.22715,3.07598,442.482,111.806,2.83197,3.89567,17360.7,210.213,1,2,3,3,4,0
171,76,199.199,90.4979,2.32117,2.83204,445.437,111.061,2.21313,3.17287,17569.2,211.355,1,2,2,3,4,0
171,77,199.855,90.3084,2.72359,3.39695,540.279,18.7747,1.97623,-4.26349,30090.9,208.716,1,2,2,3,4,0
171,78,199.455,90.6211,2.68635,3.47648,544.228,45.0823,-2.46901,0.550719,28434.4,220.036,1,2,2,3,4,0
171,79,198.973,91.5502,2.12761,2.48359,609.89,93.8326,-4.11246,-3.24,19822.8,214.266,1,2,2,3,4,0
171,80,198.685,92.4085,2.00427,2.6499,657.186,71.0394,-0.460051,-4.70594,21828.4,202.538,1,2,2,3,4,0
171,81,197.201,93.4308,2.0631,2.14368,776.525,110.782,-0.702211,-6.19327,21382.7,239.775,1,2,2,3,4,0
171,82,196.413,94.3058,2.26262,2.48805,689.056,71.2923,-1.80383,-2.15154,23778.9,212.45,1,2,2,3,4,0
171,83,195.868,94.3498,2.20164,2.05299,711.775,114.876,1.19399,-2.48971,18643.7,224.621,1,2,2,3,4,0
171,84,194.853,95.2478,2.14493,2.09999,866.4,123.873,2.38146,-8.81795,23823.1,262.965,1,2,2,3,4,0
171,85,195.751,94.4534,2.4947,2.67818,480.919,82.6662,1.8593,-2.47834,19343.5,197.036,1,1,2,3,4,0
171,86,196.32,94.0581,2.64993,2.52993,533.512,76.8729,3.43293,-1.81423,21566.4,204.917,1,1,2,3,4,0
171,87,195.909,94.156,2.3408,2.04343,584.47,132.494,9.10407,-7.54174,16129.7,220.32,1,1,2,3,4,0
171,88,195.504,94.2404,2.56321,2.37569,416.355,117.207,9.59343,-10.7517,14613.4,202.633,1,2,2,3,4,0
171,89,194.53,94.9573,2.75399,2.51837,387.467,85.5381,10.6768,-11.8,16541,191.544,1,2,2,3,4,0
171,90,194.351,95.6827,2.70486,2.50608,367.004,70.2687,6.67617,-11.3016,15614.4,163.243,1,2,2,3,4,0
171,91,194.544,95.7931,2.1757,2.12179,399.857,106.48,4.58625,-12.8825,11471.3,174.467,1,2,2,3,4,0
171,92,195.176,94.5728,2.40498,2.33399,532.141,89.8694,8.32831,-17.984,19933.6,209.266,1,1,2,3,4,0
171,93,195.061,94.4748,1.86132,1.89747,637.117,137.163,2.86957,-19.088,12582.4,215.385,1,1,2,3,4,0
171,94,195.368,94.079,1.71411,1.8211,684.838,120.865,8.48328,-8.86474,13413.6,193.834,1,2,2,3,4,0
171,95,196.127,93.6671,2.16607,2.32615,694.511,102.738,3.21804,-7.30267,21650.7,230.059,1,2,2,3,4,0
171,96,194.97,94.6315,1.76613,1.92996,543.066,146.778,1.16452,-19.5144,11887.5,207.503,1,2,2,3,4,0
171,97,195.17,94.439,1.78303,1.87636,477.2,125.005,4.2264,-11.7773,10008.1,183.817,1,2,2,3,4,0
171,98,195.228,95.2909,3.25482,3.06498,321.271,48.5531,12.8211,-8.57592,18778.8,168.053,1,2,3,4,5,0
171,99,194.218,95.9741,1.96012,2.26047,351.369,109.2,8.2239,-8.78216,9688.72,165.006,1,2,3,4,5,0
171,100,195.843,93.5536,2.11418,2.53385,281.983,120.722,7.22806,-4.00871,9518.85,176.888,1,2,3,4,5,0
171,101,196.763,92.2576,1.78931,2.01579,581.051,137.141,10.5926,2.13911,13120.7,211.089,,,,,,0
172,38,259.122,470.691,2.20703,2.19622,384.138,79.984,0.692137,-3.39828,11552.8,147.657,1,2,2,3,4,0
172,39,259.47,471.624,1.91317,1.6571,389.404,119.084,2.80992,-8.9808,7745.62,154.095,1,2,2,3,4,0
172,40,260.232,471.921,1.95562,1.38437,485.312,103.99,-0.396539,-3.29663,8238.51,149.503,1,2,3,4,5,0
172,41,259.825,471.203,2.00622,2.05332,417.871,98.9094,-1.90701,-5.64604,10751.9,161.55,1,2,3,4,5,0
172,42,260.116,466.169,1.93964,2.07064,548.775,111.341,-5.74156,-2.66968,13774.6,189.97,1,2,3,4,5,0
172,43,257.317,460.807,2.86109,2.41239,322.339,68.9152,2.72027,0.312301,13121.9,150.633,1,2,3,4,5,0
172,44,256.475,461.943,2.63264,1.77761,303.408,98.0623,3.86476,-8.45415,8958.16,151.231,1,2,3,4,5,0
172,45,258.45,462.482,2.04561,2.36499,297.01,98.1005,5.45853,-2.45047,8883.9,147.373,1,2,3,4,5,0
172,46,260.31,466.762,1.80953,2.40494,293.721,86.4282,-5.17853,-1.34432,7925.09,136.515,1,2,3,4,5,0
172,47,260.05,469.582,1.74553,2.15222,345.991,102.48,-2.51995,-1.00115,8116.12,146.041,1,2,3,4,5,0
172,48,260.521,470.741,2.2938,2.55383,324.686,64.1631,-3.04853,-1.21733,11535.2,137.811,1,2,3,4,5,0
172,49,260.377,470.328,1.95872,2.12156,346.233,79.8943,-1.31223,-5.71956,8975.83,136.396,1,2,3,4,5,0
172,50,259.966,466.249,2.44093,2.32633,426.763,71.5084,0.175525,-2.9972,15392.4,163.118,1,2,3,4,5,0
172,51,259.815,464.582,2.12718,2.83345,358.182,76.3858,4.7001,-2.13323,12279,151.166,1,2,3,4,5,0
172,52,260.002,466.566,2.02619,2.85236,329.002,79.2542,1.90531,-0.456305,11231.5,148.121,1,2,3,4,5,0
172,53,260.188,468.549,1.92521,2.87126,299.822,82.1226,-0.889472,1.22062,10184.1,145.077,1,2,3,4,5,0
172,54,259.596,468.708,1.49042,2.40512,426.677,109.228,2.01193,3.73101,8075.08,157.609,1,2,3,3,4,0
172,55,259.533,469.861,1.93521,1.959,642.312,102.664,1.02083,-3.69556,14764.5,189.296,1,2,3,3,4,0
172,56,259.745,471.021,1.81845,2.06517,774.372,118.054,-0.54596,-0.63888,17553.3,221.657,1,2,3,3,4,0
172,57,259.416,469.963,1.93834,1.67851,549.059,99.736,4.04336,-3.03858,11196.3,162.757,,,,,,0
173,39,192.584,168.442,1.61644,1.46462,317.747,103.973,-5.31122,-12.5391,4788.39,133.568,1,1,2,2,3,0
173,40,192.648,167.942,1.42458,1.67392,390.977,95.7163,-3.79724,-12.3076,5861.85,128.391,1,1,2,2,3,0
173,41,192.115,168.068,2.27369,1.92292,300.652,80.0122,-2.0047,-8.12327,8185.78,125,1,1,2,2,3,0
173,42,191.906,168.38,1.44818,1.06808,369.971,113.541,-3.48862,-9.39579,3665.57,134.757,1,1,2,3,4,0
173,43,191.751,167.227,1.65711,2.44063,224.573,95.7331,-2.92658,-1.76948,5635.59,129.467,1,1,2,3,4,0
173,44,192.402,167.122,1.37682,2.51238,322.619,95.0122,-2.77932,-2.59266,6899.69,134.166,1,1,2,2,4,0
173,45,192.549,167.664,1.59852,1.59664,348.721,85.3802,-0.539649,-6.1872,5602.9,119.479,1,1,2,2,3,0
173,46,192.172,168.047,1.76853,1.72326,263.523,86.3324,-1.22544,-7.34508,5047.44,116.16,1,1,2,2,3,0
173,47,192.153,168.467,1.49572,1.45715,347.5,76.7454,-2.24584,-11.7221,4760.24,107.296,1,1,2,3,4,0
173,48,192.054,167.567,1.54064,2.2776,261.283,87.6279,-0.21414,-6.72823,5709.77,118.414,1,1,2,3,4,0
173,49,192.232,167.594,1.61753,2.88303,236.585,65.0941,0.296914,-5.51172,6665,103.16,1,1,2,3,4,0
173,50,192.38,168.771,1.328,1.76816,339.944,62.658,1.25725,-5.30946,5012.31,92.716,1,1,1,1,1,0
173,51,192.347,168.713,1.46572,1.92503,283.979,64.8849,3.02104,-2.0155,5025.98,97.4024,1,1,1,1,1,0
173,52,192.267,168.237,1.50468,1.89982,332.325,73.2083,3.28892,-3.66386,5961.1,106.497,1,1,1,1,1,0
173,53,192.11,167.861,1.57914,2.34496,298.593,59.9368,2.53419,-4.44239,6877.31,98.9704,1,1,1,1,1,0
173,54,191.901,167.777,1.60167,1.61674,347.26,61.5139,4.83502,-2.96448,5649.59,94.5207,1,1,1,1,1,0
173,55,192.216,167.624,1.65216,2.21936,282.276,62.0435,5.60598,-2.97092,6718.59,98.4497,1,1,1,2,2,0
173,56,192.151,167.196,2.01787,2.40497,255.859,53.3544,4.88085,-2.6369,7685.02,98.9527,1,1,1,2,2,0
173,57,192.622,167.442,1.78065,1.86094,292.006,60.3076,0.489956,-2.53586,6066.61,96.7692,1,1,1,2,2,0
173,58,192.718,167.968,1.51336,1.85869,299.741,61.3779,-0.00143472,-4.12991,5291.78,94.0178,1,1,1,2,2,0
173,59,192.487,168.214,1.76101,1.88987,312.575,54.9657,2.31722,-2.2722,6521.46,91.5385,,,,,,0
174,39,201.04,263.165,2.78214,4.01803,581.752,142.873,-12.0978,-15.4398,37111.1,362.118,1,2,3,4,5,0
174,40,196.574,263.526,2.83985,2.17148,537.392,356.93,27.2656,-16.4634,19296.7,469.935,1,2,3,4,5,0
174,41,195.899,264.773,3.09677,2.26531,561.099,338.348,13.2722,-8.77921,25842.7,486.68,1,2,3,4,5,0
174,42,194.787,264.268,1.50759,2.78144,371.199,337.619,18.1351,3.07002,9394.07,388.266,1,2,3,4,5,0
174,43,194.221,263.966,1.35913,4.01351,381.535,280.499,16.1335,-6.14399,11326.4,355.302,1,2,3,4,5,0
174,44,200.772,261.385,2.51108,1.81487,387.15,271.171,-15.7681,19.9602,10601.6,345.485,1,2,3,4,5,0
174,45,200.774,262.259,2.94105,3.21898,416.134,264.299,-15.5334,28.8817,23185.3,406.207,1,2,3,4,5,0
174,46,200.584,262.646,2.88363,3.16102,403.503,269.82,-3.90967,28.0802,21746.3,398.053,1,2,3,4,5,0
174,47,203.471,262.219,2.2174,2.38191,282.584,267.597,-30.9049,11.5956,9201.49,335.024,1,2,3,4,5,0
174,48,203.004,260.019,1.77986,1.86595,440.979,262.109,-19.5285,14.0098,9185.71,314.97,1,2,3,4,5,0
174,49,204.191,259.288,1.7606,2.01574,555.336,228.319,-20.2235,19.954,12339.7,292.361,1,2,3,4,5,0
174,50,203.72,260.705,2.55422,2.6051,420.265,151.393,-13.1708,3.85854,16889.4,255.497,1,1,2,3,4,0
174,51,203.897,261.448,3.11651,2.19287,345.205,134.459,-12.2718,0.625792,13937.1,233.314,1,1,2,2,1,0
174,52,203.98,261.31,2.20745,1.52971,436.046,183.277,-11.4487,9.15975,9194.07,245.278,1,1,2,2,3,0
174,53,203.945,261.536,1.86408,1.5419,478.517,187.159,-10.224,5.31071,7926.83,242.467,1,1,2,2,3,0
174,54,203.6,261.211,1.90053,2.03103,464.447,194.949,-16.0973,3.80276,11139.5,262.201,1,1,2,3,4,0
174,55,202.585,261.542,2.569,2.06833,496.334,199.922,-17.3842,8.70449,16099.8,297.26,1,1,2,2,3,0
174,56,202.317,261.584,2.46054,2.22515,547.784,186.731,-17.788,4.98279,18424.2,297.704,1,1,2,2,3,0
174,57,201.854,262.001,2.17084,2.65452,684.708,162.949,-0.569793,-6.97335,24090.7,303.136,,,,,,0
175,39,229.215,280.447,3.08469,2.78892,267.303,70.8021,0.648775,1.37763,13356.2,153.763,1,2,3,4,5,0
175,40,229.908,279.871,2.17728,2.60353,404.592,97.5356,-0.817935,2.96206,14036.7,179.467,1,2,3,4,5,0
175,41,229.519,281.904,2.27801,3.17366,482.251,50.9268,1.97603,-2.54267,20449.8,178.893,1,2,3,4,5,0
175,42,231.699,283.666,2.30453,2.43754,306.975,74.2023,-3.8673,-5.32094,10903.5,139.479,1,2,3,4,5,0
175,43,232.905,284.853,2.24082,2.1222,453.247,106.767,-1.07184,-2.63185,13388.8,183.402,1,2,3,4,5,0
175,44,233.882,288.41,2.00799,1.76237,371.967,113.539,-0.486838,-3.44341,8243.01,161.077,1,2,3,4,5,0
175,45,233.773,289.671,2.18141,2.2433,404.998,77.1136,-3.92639,3.6952,12286.1,150.621,1,1,2,3,1,0
175,46,233.453,289.584,1.73759,2.00722,556.167,94.6151,1.66662,2.32665,11650.8,160.864,1,1,2,3,4,0
175,47,233.447,289.74,1.89795,1.97507,571.242,89.3214,-1.05632,-0.474456,13398.4,165.568,1,2,2,3,4,0
175,48,234.194,290.205,2.04094,2.11929,465.932,83.4588,-4.83675,1.13956,12186.4,154.811,1,2,2,3,4,0
175,49,234.716,291.611,2.63279,1.639,349.868,107.925,-8.33122,2.6991,9081.46,158.834,1,2,2,3,4,0
175,50,234.774,292.839,2.00389,1.98271,653.105,97.9917,-5.19582,-0.508901,16420,195.237,1,2,2,3,4,0
175,51,235.169,292.686,2.08256,2.14876,614.704,78.3335,-3.153,-2.33465,17127.6,178.266,1,2,2,3,4,0
175,52,234.187,293.048,1.52869,1.87377,469.977,108.337,-2.47687,2.17775,8447.7,152.68,1,2,3,3,4,0
175,53,232.758,293.972,2.62978,2.45872,331.467,90.1047,-12.2024,0.951881,13092.1,174.568,1,2,3,3,4,0
175,54,232.069,293.418,2.18748,1.83125,303.107,95.6176,-12.1393,-0.744666,8364.67,147.911,1,2,3,4,5,0
175,55,231.38,292.865,1.74518,1.20378,274.748,101.13,-12.0762,-2.44121,3637.21,121.254,1,2,3,4,5,0
175,56,229.016,292.958,2.56113,2.77225,227.371,57.6012,-1.35607,0.122415,9994.53,116.219,,,,,,0
176,39,354.141,181.84,2.49598,2.10196,299.243,151.368,0.802488,-15.6634,9695.8,223.118,1,2,3,4,5,0
176,40,351.72,179.216,2.40283,3.32196,509.898,94.2141,1.67798,-8.52333,25946.8,246.438,1,2,3,4,5,0
176,41,352.442,178.175,2.06593,2.27737,757.224,145.328,12.5379,-12.7822,22112.3,267.337,1,2,3,4,5,0
176,42,352.663,178.303,2.51359,2.30737,624.26,137.869,15.149,-13.8881,21239.6,261.296,1,2,3,4,5,0
176,43,350.74,180.518,2.18799,1.93042,506.525,110.331,14.5891,-12.6568,13331.4,186.124,1,2,3,4,5,0
176,44,351.706,182.025,2.17412,1.81684,440.707,131.6,11.9663,-15.4317,10865.4,186.87,1,2,3,4,5,0
176,45,351.503,183.282,1.8772,2.17235,529.882,117.808,11.3548,-15.7865,13475.7,197.68,1,2,3,4,5,0
176,46,350.226,183.495,1.97213,2.17789,492.201,105.747,9.13206,-7.81081,13164.2,187.651,1,1,1,1,1,0
176,47,350.064,184.004,2.07346,1.91048,569.368,87.8739,8.40195,-8.38708,14100.8,172.059,1,1,1,1,1,0
176,48,350.329,184.047,2.12673,1.92166,586.974,79.3468,3.24198,-6.16698,15239.7,165.68,1,1,1,1,1,0
176,49,350.111,184.28,1.91528,2.12256,707.1,82.4191,3.49214,-8.72862,17948.9,186.716,1,1,1,1,1,0
176,50,350.095,184.464,1.96152,1.84693,773.905,100.45,7.01082,-9.3047,17556,204.373,1,1,1,1,1,0
176,51,349.921,184.327,1.97988,1.68249,734.252,90.8806,5.85446,-5.21537,15328.2,180.544,1,1,1,1,1,0
176,52,350.235,184.448,2.15099,1.79346,640.958,78.1143,3.34836,-7.38868,15440.8,173.651,1,1,1,1,1,0
176,53,350.42,184.728,1.95673,1.89005,657.155,104.766,4.10939,-7.6538,15210.9,201.006,1,1,1,1,1,0
176,54,349.801,184.867,1.50689,1.49045,806.084,114.3,10.4404,-8.39689,11374.1,183.503,1,1,1,1,1,0
176,55,349.613,184.907,1.90463,1.40156,815.607,89.6666,1.53022,-7.11007,13655.3,176.272,1,1,1,1,1,0
176,56,349.895,184.6,1.96105,1.66198,748.988,96.4911,2.81502,-7.2961,15243.9,187.367,1,1,1,1,1,0
176,57,349.975,184.934,2.01264,1.84545,649.175,116.927,4.88796,-5.48357,15095.3,206.71,1,1,1,1,1,0
176,58,349.964,184.926,1.80515,2.04206,632.216,106.429,2.12033,-5.25429,14587.5,190.136,1,2,3,4,5,0
176,59,351.292,185.975,2.06817,1.76476,340.511,127.166,6.89023,-12.3768,7797.61,175.136,1,2,3,4,5,0
176,60,352.923,186.551,2.16594,2.02493,451.75,107.931,16.6162,-18.128,14399.6,189.899,1,2,2,3,4,0
176,61,353.818,186.607,1.86631,1.77558,541.793,146.11,10.0719,-5.23602,11622.5,211.432,1,1,2,3,4,0
176,62,354.04,186.233,1.74972,1.53011,660.975,140.369,5.47709,-0.312985,11112.3,207.047,1,1,2,3,4,0
176,63,353.963,185.768,1.92467,1.83769,563.459,149.349,4.32042,-1.16784,12488.6,219.639,1,1,2,3,4,0
176,64,353.184,185.622,1.94254,2.01633,505.48,114.526,2.25577,-5.80524,12869,192.391,1,1,2,3,4,0
176,65,353.079,185.822,2.46769,2.63046,350.772,80.3031,8.06801,-6.26443,14205.3,174.101,1,2,2,3,4,0
176,66,353.912,184.764,3.39182,2.10822,313.735,105.888,16.3967,-5.36894,12895.6,179.704,1,2,2,3,4,0
176,67,353.261,183.986,2.48831,1.84501,425.168,117.435,11.3542,-9.69532,12058.9,198.663,1,1,2,3,4,0
176,68,353.076,183.326,2.83947,2.41184,401.822,84.951,11.393,-5.11118,16490.3,194.598,1,1,2,1,1,0
176,69,353.018,183.188,2.46131,2.10849,467.181,112.789,12.5616,-0.457469,14957.8,212.562,1,1,2,1,1,0
176,70,353.003,183.306,1.71288,1.92281,590.031,151.652,5.97103,-0.937118,12183.6,229.065,1,1,2,2,2,0
176,71,353.128,183.852,1.89184,1.88963,495.018,147.543,6.64991,-10.6245,11088.6,218.775,1,1,2,3,4,0
176,72,353.028,183.31,2.28986,2.30305,438.308,115.318,7.14359,-9.0104,14270.1,206.976,1,2,3,3,5,0
176,73,353.735,182.143,2.02046,1.86475,709.989,146.479,3.18975,-9.51351,16738.6,239.704,1,2,3,4,5,0
176,74,354.699,181.224,2.37355,1.96091,553.333,147.563,11.2586,-9.68222,15962,247.763,1,2,3,4,5,0
176,75,355.487,180.596,3.02271,2.42652,534.946,118.084,13.0582,-6.18668,23116.3,262.462,1,2,3,4,5,0
176,76,357.673,181.03,3.61726,2.4864,511.687,134.711,12.158,-10.741,25218.7,288.592,1,2,3,4,5,0
176,77,359.859,181.465,4.21181,2.54628,488.428,151.338,11.2578,-15.2952,27321.1,314.722,1,2,3,4,5,0
176,78,359.292,181.758,3.69991,2.20441,511.009,175.908,11.0492,-16.6282,24255.4,321.899,1,2,3,4,5,0
176,79,357.702,182.323,2.6146,2.01951,440.846,194.45,15.3995,-8.23592,14535.8,277.734,1,2,3,4,5,0
176,80,355.681,185.257,2.02329,2.01423,286.595,147.929,9.8416,-8.29466,7436.66,184.645,1,2,3,4,5,0
176,81,354.017,187.204,1.80002,1.84532,458.718,113.997,6.66878,-5.48053,9556.29,168.592,1,2,3,4,5,0
176,82,352.811,187.646,2.174,1.70764,483.884,110.77,2.02303,-2.70897,10750.1,175.053,1,2,2,3,4,0
176,83,352.673,188.108,2.2654,2.36875,452.243,79.1273,0.0150851,-5.13519,14959.5,167.675,1,2,2,3,4,0
176,84,352.331,187.395,2.25566,2.10111,493.434,93.709,6.06481,-8.54121,14509.5,182.574,1,2,2,3,4,0
176,85,351.384,186.822,2.3542,2.48754,511.226,68.8019,4.51139,-2.86703,18744.5,181.243,1,1,2,1,1,0
176,86,351.306,186.59,2.06958,2.03702,575.232,74.6185,-0.387618,-1.27116,15125.9,166.497,1,1,1,1,1,0
176,87,351.415,186.729,1.92388,1.74654,600.991,97.7393,-2.04577,-2.48025,12655.2,173.953,1,1,2,1,1,0
176,88,351.457,186.591,2.20807,2.29063,548.077,102.494,-3.63701,-3.57783,17129.6,209.272,1,2,2,3,4,0
176,89,352.123,187.18,2.07682,1.90131,483.442,118.871,0.0409363,-6.79237,11934.1,191.58,1,2,2,3,4,0
176,90,353.093,187.297,2.01039,2.2151,504.303,87.7314,2.35679,-6.42512,13978.6,175.84,1,2,2,3,4,0
176,91,353.371,186.272,2.1685,2.07024,549.35,119.052,8.71999,-4.61559,15346.6,212.68,1,2,2,3,4,0
176,92,353.306,187.255,2.06346,1.95993,475.292,123.651,6.09777,-8.56418,12007.2,197.491,1,2,2,3,4,0
176,93,353.659,187.632,2.28655,2.015,524.854,93.4213,0.285754,0.853913,14561.1,187.325,1,2,2,3,4,0
176,94,353.863,188.825,1.83426,1.91599,476.466,109.916,2.70481,-5.41886,10494.1,175.728,1,2,3,4,5,0
176,95,354.787,188.401,1.91188,1.8903,349.297,141.501,3.30582,0.687429,7698.05,181.988,1,2,3,4,5,0
176,96,357.099,187.761,1.936,1.80416,331.005,147.138,9.18243,-11.9491,7246.32,197.041,1,2,3,4,5,0
176,97,357.785,186.09,1.45224,2.03353,460.778,171.858,13.5468,-17.3263,8525.86,219.024,1,2,3,4,5,0
176,98,356.168,185.463,3.21063,1.71767,270.371,161.54,12.8458,-4.99946,8013.53,218.686,1,2,3,4,5,0
176,99,353.998,186.901,2.13674,1.46786,446.048,151.927,14.1869,-14.7154,8749.52,196.858,,,,,,0
177,39,352.855,151.501,1.91617,3.31141,397.47,248.246,-1.67219,-4.76443,13786.5,340.012,1,2,3,4,5,0
177,40,353.577,154.449,1.90097,2.60335,365.112,236.766,3.08391,-13.7515,9095.12,289.781,1,2,3,4,5,0
177,41,353.236,157.037,2.94496,3.58527,500.43,100.844,6.30918,-7.36464,31150.9,289.32,1,2,3,4,5,0
177,42,353.7,158.662,2.33317,3.23328,573.638,110.617,4.95943,-11.2882,25278.1,277.142,1,2,3,4,5,0
177,43,354.927,160.998,1.83108,1.79918,620.785,138.823,4.97595,-16.28,12829,215.331,1,2,3,4,5,0
177,44,356.368,161.052,1.93202,2.39011,332.982,149.702,14.0688,-19.5163,10572,212.822,1,2,3,4,5,0
177,45,355.261,159.58,2.70977,2.35183,435.773,125.331,10.5576,-13.6344,17671.4,236.689,1,2,3,4,5,0
177,46,354.153,158.107,3.48752,2.31355,538.565,100.961,7.04634,-7.75261,24770.8,260.556,1,2,3,4,5,0
177,47,353.148,158.89,2.89913,2.77705,573.032,129.515,4.53791,-8.43302,27056.8,307.467,1,2,3,4,5,0
177,48,353.181,161.352,1.58263,3.81036,462.273,219.312,2.44501,-35.5829,16094.9,316.45,1,2,3,4,5,0
177,49,353.505,160.691,1.70575,2.6934,505.204,202.18,-3.20308,-17.9194,14199.1,283.74,1,2,3,4,5,0
177,50,354.102,161.017,1.77345,2.78868,527.234,164.368,-1.22403,-14.049,15874.1,249.527,1,2,3,4,5,0
177,51,355.024,163.194,1.93142,2.44066,568.353,140.515,-1.50302,-15.997,16577,235.012,1,2,3,4,5,0
177,52,355.887,164.151,2.07709,2.16563,540.796,135.864,-3.45247,-10.4373,15149.1,220.272,1,2,3,4,5,0
177,53,355.936,165.057,2.23661,2.12613,528.91,149.606,-5.01967,-7.74869,14684.7,230.396,1,2,3,4,5,0
177,54,355.119,165.467,2.39865,3.27558,513.723,111.979,1.42678,-12.5987,23338.9,267.42,1,2,3,4,5,0
177,55,356.289,163.716,1.67251,2.13537,444.386,170.556,-0.973635,-6.27982,9919.72,223.012,1,2,3,4,5,0
177,56,356.797,163.931,1.66952,1.99372,508.841,132.874,-3.40895,-5.83014,10613.8,196.751,1,2,3,4,5,0
177,57,356.35,163.424,1.6189,1.55118,490.089,136.093,3.32401,-6.97259,7729.97,177.438,1,2,3,4,5,0
177,58,355.596,162.659,1.89028,1.90126,323.733,132.769,5.10084,-6.22553,6423.2,169.787,1,2,3,4,5,0
177,59,354.8,165.509,1.93235,2.4901,497.635,94.0506,6.50934,-5.35609,14758.2,180.716,1,2,3,4,5,0
177,60,355.62,165.577,2.0805,2.23432,516.288,89.751,3.79128,2.98089,14816,183.604,1,2,3,4,5,0
177,61,358.082,167.166,2.48323,2.16075,338.873,107.966,2.49056,-3.85282,11194,171.231,1,2,3,4,5,0
177,62,360.744,169.183,1.93294,1.94344,453.373,124.148,-0.625036,-3.85731,10661.1,186.899,1,2,3,4,5,0
177,63,361.267,172.064,1.91933,2.89477,453.815,128.278,2.02931,-0.0768983,15225.1,226.343,1,2,3,4,5,0
177,64,359.654,172.086,2.35636,2.34567,515.123,129.795,6.09127,8.43211,16015,229.065,1,2,3,4,5,0
177,65,359.251,171.797,2.32593,2.11155,604.539,115.036,-0.866212,7.59427,18393.9,225.509,1,2,3,4,5,0
177,66,359.572,171.754,2.33372,2.31539,699.602,118.591,0.21099,4.28393,23342.3,258.982,1,2,3,4,5,0
177,67,357.821,172.88,2.3361,2.42457,518.617,140.367,6.56134,-5.06522,17659,246.391,1,2,3,4,5,0
177,68,354.738,170.421,1.94345,2.40004,376.709,99.3665,-0.320856,4.95608,10873.7,169.811,1,2,3,4,5,0
177,69,351.569,170.572,2.46254,2.23474,565.381,104.195,3.15294,-3.18756,19893.3,223.574,1,1,1,1,1,0
177,70,351.495,170.57,2.31321,2.31572,607.908,90.8709,4.29407,3.94967,20037.1,218.207,1,1,1,1,1,0
177,71,351.821,170.431,1.84697,1.84489,659.988,143.931,-3.63668,2.41169,14096.3,225.107,1,2,3,4,5,0
177,72,351.347,171.911,2.09524,2.39505,489.032,119.412,3.61539,3.5921,14585.7,207.083,1,2,3,4,5,0
177,73,351.884,172.486,1.88399,2.34026,643.811,137.063,3.4065,2.45767,17609,244.757,1,2,3,4,5,0
177,74,352.856,169.701,2.67831,2.64376,393.306,108.821,5.0297,1.82023,16673,210.195,1,2,3,4,5,0
177,75,354.179,169.188,1.94628,2.35773,551.212,127.726,-0.520494,-1.86008,14684.8,217.444,1,2,3,4,5,0
177,76,354.613,169.452,2.58541,2.56688,546.677,102.773,3.20642,3.45979,22239.8,235.645,1,2,3,4,5,0
177,77,355.772,169.318,2.06447,2.2032,520.651,120.037,4.83933,-2.18711,13865.7,205.036,1,2,3,4,5,0
177,78,355.064,166.359,1.727,2.38794,301.54,119.412,1.50472,-2.84947,7714.05,165.036,1,2,3,4,5,0
177,79,353.28,165.265,2.22281,2.22024,509.826,83.9921,3.3943,-2.34288,15592.7,179.266,1,2,3,4,5,0
177,80,352.611,164.025,1.66528,2.17201,440.195,107.285,4.54197,0.71188,9947.19,163.302,1,2,3,4,5,0
177,81,353.148,161.476,2.5174,2.66887,469.09,52.5332,2.59886,-1.48284,19177.9,170.018,1,2,3,4,5,0
177,82,351.937,160.145,2.10448,2.70392,370.058,105.199,1.30582,-4.57692,12837.1,176.195,1,2,3,4,5,0
177,83,350.636,159.359,2.59492,2.66955,550.106,68.8049,-1.42297,-5.5874,22848,210.32,1,2,3,4,5,0
177,84,349.518,159.012,2.54452,2.72177,508.4,64.0341,-0.313125,-4.01612,21108.9,194.627,1,2,3,4,5,0
177,85,348.623,157.934,2.25705,1.96076,549.784,92.5969,2.99066,-5.62561,14714,182.71,1,2,3,4,5,0
177,86,349.731,157.563,2.15667,2.30575,489.048,76.1523,0.860821,-4.45837,15035.4,165.74,1,2,3,4,5,0
177,87,350.904,158.629,2.17127,2.44927,522.418,74.7605,-5.53735,-2.92018,17582.1,178.675,1,2,3,4,5,0
177,88,349.939,159.8,2.15924,2.37059,561.278,100.944,2.24158,-5.94508,17761.5,209.586,1,2,3,4,5,0
177,89,349.714,158.871,2.12083,2.18512,535.124,98.1483,4.68889,-4.07637,15420.9,189.071,1,2,3,4,5,0
177,90,350.289,158.062,2.36084,2.09342,589.973,84.5731,0.862613,-5.87198,18048.9,188.592,1,2,3,4,5,0
177,91,351.911,156.88,1.6747,1.99204,718.349,106.935,-4.05314,-4.46237,15017.3,193.503,1,2,3,4,5,0
177,92,352.014,155.803,1.9409,1.93609,597.872,88.9221,-0.852024,-4.96623,14065.4,173.42,1,2,3,3,4,0
177,93,352.293,155.999,1.82324,1.51775,689.741,115.594,0.592321,-6.38315,11980,181.112,1,2,3,4,5,0
177,94,352.485,156.772,2.09983,2.06135,566.039,103.119,4.42486,-3.19133,14971.4,190.923,1,2,3,4,5,0
177,95,352.644,158.718,2.199,2.30511,365.719,88.6078,-0.166857,-7.16739,11464.4,163.024,1,2,3,4,5,0
177,96,350.586,160.521,1.84451,2.12084,402.53,95.533,-3.74441,-7.94865,9829.59,152.207,1,2,3,4,5,0
177,97,348.611,159.7,1.84166,2.47758,452.644,106.042,-2.62837,-8.78598,12760.1,188.692,1,2,3,4,5,0
177,98,348.628,158.524,1.78569,1.58393,556.505,123.018,-4.71113,-6.06797,10499.9,185.225,1,2,2,3,4,0
177,99,348.557,158.023,2.33595,1.89438,492.924,95.9944,-2.29934,-6.52052,13536.4,176.095,1,2,1,1,1,0
177,100,348.467,158.032,2.48321,1.85997,513.788,99.9472,2.22841,-6.46198,14643.5,182.385,1,2,3,4,5,0
177,101,349.543,159.851,2.21105,2.40557,434.113,93.0131,1.62699,-7.46888,13862.9,176.077,,,,,,0
178,40,45.7157,110.698,2.04648,2.3121,369.842,135.388,-15.9274,-10.7821,10857.3,203.118,1,2,3,4,5,0
178,41,45.9252,112.041,1.82234,1.79406,395.426,94.2697,-9.90051,-5.17166,8110.18,141.669,1,2,3,4,5,0
178,42,46.1934,113.378,1.67891,2.28061,349.522,96.0376,-2.05287,-0.458985,8331.47,144.917,1,2,3,4,5,0
178,43,46.9128,115.899,1.8438,2.58832,327.715,101.21,-0.85012,-8.47799,9622.95,155.592,1,2,3,4,5,0
178,44,48.871,115.703,2.26602,2.27333,424.438,86.0363,-3.57094,-5.50894,13518.5,164.97,1,2,3,4,5,0
178,45,48.8987,115.8,1.89692,2.11349,440.844,103.507,0.462444,-2.30605,10763.8,166.592,1,2,3,4,5,0
178,46,48.5627,117.799,1.85368,1.60931,714.265,108.725,-4.41976,-1.79044,13566.8,190.012,1,2,3,4,5,0
178,47,49.3774,119.308,1.93645,2.07226,660.923,114.703,-7.245,-6.60757,16565.5,209.947,1,2,3,4,5,0
178,48,51.0762,119.813,1.91214,2.17737,845.266,105.433,-1.10171,-3.86155,21954.3,236.793,1,2,3,4,5,0
178,49,52.0627,120.597,2.04878,2.37326,787.159,83.803,-0.855464,-6.5532,24116.3,229.592,1,2,3,4,5,0
178,50,53.531,120.728,2.01393,2.25911,690.719,76.3059,-3.5861,-5.58832,20003.3,194.213,1,2,3,4,5,0
178,51,55.1818,120.849,2.06437,2.22748,526.696,79.9756,-3.72021,-5.92078,15062.8,170.746,1,2,3,4,5,0
178,52,55.4946,121.11,2.0025,2.31737,511.389,95.7043,1.62924,-3.89495,14561.2,181.562,1,2,3,4,5,0
178,53,55.8506,121.621,1.98165,2.14327,657.805,142.185,3.9257,5.28265,16880.4,238.355,1,2,3,4,5,0
178,54,56.3879,119.503,1.87473,1.64424,413.778,153.936,9.6563,7.52323,6594.42,193.473,,,,,,0
179,40,173.537,267.441,2.25852,2.26393,548.771,103.785,7.34157,6.16203,17347.9,206.787,1,1,1,1,1,0
179,41,173.958,267.729,1.63882,1.63357,803.919,159.426,3.80826,-1.61518,13516.8,229.355,1,1,1,1,1,0
179,42,173.942,267.973,1.50838,1.81474,783.466,160.475,0.492645,-3.30618,13463.6,228.763,1,1,1,1,1,0
179,43,173.536,267.748,1.80107,1.9586,737.242,145.939,5.3344,-4.77438,16288.4,235.604,1,1,1,1,1,0
179,44,173.492,267.76,1.91531,2.12735,625.768,117.101,7.58129,-1.41191,15911.5,213.201,1,1,1,1,1,0
179,45,173.396,267.8,1.60097,1.87841,709.644,131.942,7.24071,-2.12172,13388.5,207.734,1,1,1,1,1,0
179,46,173.892,267.947,1.97884,1.86232,634.188,138.493,7.05856,-1.74001,15293.1,220.331,1,1,1,1,1,0
179,47,173.863,268.203,2.38861,1.99687,612.986,97.3495,4.0857,-5.0446,19265.8,210.26,1,1,1,1,1,0
179,48,173.202,268.453,2.19817,2.18082,724.076,102.619,5.23733,-3.9057,21533.9,237.047,1,1,1,1,1,0
179,49,173.18,268.416,1.8286,2.04402,697.55,130.056,-0.675668,1.78607,15320.5,216.361,1,1,1,1,1,0
179,50,172.662,268.472,2.04603,2.15687,639.372,119.83,4.34361,-6.8346,17118.2,215.834,1,1,1,1,1,0
179,51,172.817,268.303,2.09596,1.91071,767.126,109.822,2.45681,-1.11197,19532.5,224.195,1,1,1,1,1,0
179,52,172.652,268.519,1.79296,1.92598,816.4,102.615,9.72221,-1.65392,17632.5,207.615,1,1,1,1,1,0
179,53,172.811,268.619,1.88715,1.96923,692.305,97.1506,10.3466,-3.07279,16901.9,195.609,1,1,1,1,1,0
179,54,173.147,268.75,1.99597,1.95308,691.239,99.2695,7.87599,-4.88197,17812.3,204.13,1,1,1,1,1,0
179,55,172.896,268.638,1.66943,1.57124,823.247,151.275,8.88131,-3.04388,13562.5,219.331,1,1,1,1,1,0
179,56,172.645,268.661,1.92166,2.00033,662.544,126.262,10.7149,-0.709438,15926.9,221.041,1,1,1,1,1,0
179,57,172.41,268.947,2.03669,2.0586,708.725,118.53,5.78836,-0.598861,18349.3,231.142,1,1,1,1,1,0
179,58,172.163,268.726,2.12811,2.02845,796.725,99.9856,4.42566,-3.98917,22307.1,232.355,1,1,2,3,4,0
179,59,171.649,268.273,1.72395,1.86839,980.948,122.965,6.39659,-2.52495,19816.1,238.189,1,1,2,3,4,0
179,60,171.106,267.286,2.02329,1.94631,885.237,109.382,5.19077,-2.73115,21797.9,246.266,1,1,2,3,4,0
179,61,171.449,266.452,2.14771,2.0399,753.509,120.824,3.1805,-2.15547,20588.5,239.391,1,1,2,3,4,0
179,62,171.957,266.52,2.20212,2.44466,488.554,102.081,4.41029,-0.777521,16087.6,194.361,1,1,2,3,4,0
179,63,172.426,267.146,1.80487,1.90679,411.902,110.73,5.84738,1.4197,8884.24,163.101,1,1,2,3,4,0
179,64,172.523,267.58,1.90783,1.70205,483.968,144.133,5.36938,2.51131,9552.82,196.444,1,1,2,3,4,0
179,65,172.085,267.266,1.91666,1.66546,545.507,120.836,5.16663,-0.324547,10920.7,190.095,1,1,2,3,4,0
179,66,172.171,266.804,2.02566,2.0544,467.391,112.983,8.29934,-3.70753,12145.5,183.166,1,2,2,3,4,0
179,67,173.245,265.99,1.833,2.34736,577.921,117.771,-0.364966,3.09826,13787.7,199.036,1,1,1,1,1,0
179,68,173.39,265.822,1.90597,2.26463,731.557,96.9722,-0.259055,-3.31464,19079.4,217.065,1,1,1,1,1,0
179,69,173.407,265.892,2.28337,2.19882,587.5,111.824,8.74915,1.62478,18481.8,225.237,1,1,1,1,1,0
179,70,173.895,265.734,2.13277,2.07082,518.469,130.097,9.50857,0.0841944,14268.6,211.432,1,1,1,1,2,0
179,71,173.608,265.319,1.54419,2.2735,500.829,117.078,11.1604,2.46109,11063.6,181.012,1,1,1,1,1,0
179,72,173.378,265.796,1.4308,1.87646,624.535,118.78,8.7588,-4.36213,10721.6,177.337,1,1,1,1,1,0
179,73,173.271,265.48,1.9782,2.0893,607.987,93.448,9.53096,5.73402,16584.2,190.988,1,1,1,1,1,0
179,74,173.174,265.79,2.2407,2.38452,525.317,87.9317,5.21805,0.464298,17237.5,190.231,1,1,1,1,1,0
179,75,172.957,265.844,2.17522,2.09261,589.837,67.2833,5.5537,-2.94343,17298.9,168.544,1,1,1,1,1,0
179,76,172.664,265.636,2.25093,2.04078,607.882,64.1448,5.5926,3.86834,17051.2,169.101,1,1,1,1,1,0
179,77,172.25,265.631,2.2197,2.04747,581.074,74.4951,6.93518,0.720047,16421.9,170.556,1,1,1,1,1,0
179,78,172.363,265.701,1.8879,1.7462,638.342,88.7579,4.05354,-4.31151,13193.5,162.396,1,1,1,1,1,0
179,79,172.818,265.736,1.6771,1.6954,763.251,87.3093,-0.473279,-4.06298,13626.3,164,1,1,1,1,1,0
179,80,172.775,265.632,1.81719,1.93564,724.822,102.429,0.360438,-0.148585,15971.4,194.604,1,1,1,2,2,0
179,81,172.052,265.853,2.06591,1.99884,632.59,97.1067,4.93062,-0.182958,15536.2,185.84,1,1,1,2,2,0
179,82,172.222,265.765,1.97186,1.88363,553.003,95.3159,2.96539,-0.765998,12557.2,165.355,1,1,1,2,2,0
179,83,172.791,265.884,1.93047,1.90326,511.956,106.88,-3.6522,0.543067,10387.1,163.071,1,1,1,1,1,0
179,84,172.884,265.714,1.95779,2.01243,644.322,96.1182,1.71565,4.31652,15483.8,185.497,1,1,1,1,1,0
179,85,172.492,265.766,1.79118,2.03949,651.459,80.3915,1.8372,2.27853,14890.3,170.03,,,,,,0
180,40,201.694,273.608,1.5795,1.70215,1656.4,152.258,-11.0644,-14.5823,27963.9,324.254,1,1,1,1,1,0
180,41,201.799,273.388,1.54348,1.6415,2105.59,169.473,-14.9281,-18.1425,34821,376.112,1,1,1,1,1,0
180,42,201.736,273.415,1.71541,1.76727,2249.66,138.233,-8.13413,-4.95825,54374,464.609,1,1,1,1,1,0
180,43,202.181,273.453,2.19037,1.90011,2097.22,246.619,11.5285,-25.0105,53854.6,566.083,1,1,1,1,1,0
180,44,201.899,273.559,1.97522,1.71,1938.4,291.196,19.6469,-26.22,41025.1,527.361,1,1,1,1,1,0
180,45,201.533,273.519,1.62155,1.63767,1766.31,278.605,4.91562,-25.7366,29143,460.266,1,1,1,1,1,0
180,46,201.574,273.427,1.59371,1.5737,1957.83,280.447,-8.4306,-36.4359,31620.3,470.473,1,1,1,1,1,0
180,47,201.624,273.304,1.75064,1.73616,2106.42,292.097,-1.73516,-31.972,40176.9,528.308,1,1,1,1,1,0
180,48,201.643,273.338,1.55277,1.66669,2142.06,309.331,-3.39005,-27.9005,34815.6,508.704,1,1,1,1,1,0
180,49,201.529,273.273,1.53401,1.60329,2091.81,309.606,10.1776,-14.3669,32315.2,493.077,1,1,1,1,1,0
180,50,201.323,273.367,1.45196,1.51354,2063.59,257.569,17.9973,3.63926,28490.6,421.533,1,1,1,1,1,0
180,51,201.394,273.421,1.45771,1.62664,2022.66,157.448,5.80239,-2.59787,30875.9,339.663,1,1,1,1,1,0
180,52,201.439,273.515,1.37426,1.62988,2127.83,165.298,1.65988,-7.62026,29936,341.657,1,1,1,1,1,0
180,53,201.47,273.558,1.48267,1.50848,2222.47,156.715,0.839912,-5.79742,31226.7,338.45,1,1,1,1,1,0
180,54,201.512,273.61,1.59243,1.68678,1601.21,141.521,0.512468,-3.67292,27006.1,301.426,,,,,,0
181,40,259.26,107.282,1.07406,1.9044,347.86,81.1667,0.996778,-2.51849,4464.04,113.615,1,1,1,1,1,0
181,41,259.44,107.583,1.20999,1.84989,426.553,68.2386,3.50419,-0.479057,5757.58,106.817,1,1,1,1,1,0
181,42,259.271,107.803,1.7997,1.85707,384.638,61.5601,3.57464,-2.04593,8189.95,111.953,1,1,1,1,1,0
181,43,259.32,107.261,1.76208,1.65757,401.344,59.2624,1.72973,0.94898,7358.66,101.787,1,1,1,1,1,0
181,44,259.659,107.567,1.36438,1.22431,570.837,87.1789,-1.23093,-2.61584,5800.99,118.035,1,1,1,1,1,0
181,45,259.363,107.461,1.53228,1.00231,462.571,77.27,0.287646,-1.23907,4463.84,101.231,1,1,1,1,1,0
181,46,259.571,107.783,1.43225,1.52147,380.867,70.1401,2.1432,-1.44417,4624.57,96.6154,1,1,1,1,1,0
181,47,259.413,107.584,1.45412,1.75089,407.757,83.6784,-0.139218,-2.80204,6589.83,122.568,1,1,1,1,1,0
181,48,259.22,107.325,1.46919,1.35466,420.247,57.3612,0.932011,-3.04132,5255.06,93.3728,1,1,1,1,1,0
181,49,258.898,107.176,1.20699,1.15697,424.345,76.9101,0.590716,-1.77359,3725.44,99.9231,1,1,1,1,1,0
181,50,258.857,107.282,1.42908,1.21557,382.534,74.8382,0.481088,-1.63637,4176.03,96.4379,1,1,1,1,1,0
181,51,259.304,107.369,1.25718,1.19888,451.185,80.3698,-0.909976,-0.981108,4272.74,106.385,1,1,1,1,1,0
181,52,259.341,107.61,1.35052,2.195,332.88,77.634,1.45987,-1.90137,6159.05,117.178,1,1,1,1,1,0
181,53,259.043,107.638,1.54486,2.30126,329.381,83.6194,3.25133,-6.70055,7244.22,131.059,1,1,1,1,1,0
181,54,259.27,108.207,1.39984,2.11064,337.483,106.69,-1.85328,-7.71557,5765.07,139.751,1,1,1,1,1,0
181,55,259.373,107.919,1.59578,1.54405,409.341,91.7362,0.48739,-2.44643,7110.78,134.651,1,1,1,1,1,0
181,56,259.786,107.775,1.49768,1.97439,296.352,73.2152,1.1421,-4.58519,5493.44,106.172,1,1,1,1,1,0
181,57,259.916,107.913,1.56216,2.09806,296.247,68.5286,1.35234,-3.4935,6076.15,106.018,1,1,1,1,1,0
181,58,259.484,107.594,1.48972,1.33215,369.489,62.8567,-1.01484,-2.83838,4606.78,92.5444,1,1,1,1,1,0
181,59,259.513,107.537,1.31367,1.22658,376.317,66.3601,-2.22968,-2.64925,4003.99,92.716,1,1,1,1,1,0
181,60,259.261,107.6,1.23652,1.32801,392.981,69.2525,-1.45316,-2.91924,4136.17,95.3343,1,1,1,1,1,0
181,61,259.01,107.662,1.15938,1.42944,409.644,72.1449,-0.676638,-3.18922,4268.35,97.9527,1,1,1,1,1,0
181,62,259.185,107.505,1.06902,1.60655,454.997,70.7753,3.3807,-4.85335,5140.43,101.314,1,1,1,1,1,0
181,63,258.952,107.417,1.23175,1.43623,458.49,78.5497,1.2234,-3.6815,5096.29,105.225,1,1,1,1,2,0
181,64,259.387,107.923,1.47855,1.34499,403.206,71.5009,-0.223176,-4.78954,5037.9,99.1302,1,1,1,1,2,0
181,65,259.656,107.524,1.32378,1.55062,409.885,84.6603,-2.90322,-1.64582,5316.5,114.231,1,1,1,1,1,0
181,66,259.671,107.293,1.30176,1.49038,482.152,67.4116,-0.319079,-1.92668,5885.46,101.953,1,1,1,1,1,0
181,67,259.539,107.844,1.5259,1.70956,400.769,62.7793,0.910187,-4.28895,6347.46,102.331,1,1,1,1,1,0
181,68,259.491,107.918,1.47729,1.61553,388.476,78.7552,1.43998,-3.4512,5874.72,114.272,,,,,,0
182,40,287.732,211.533,2.14654,2.81534,451.632,185.485,-29.3115,37.4934,17929.1,296.728,1,1,2,2,3,0
182,41,288.061,211.901,1.64336,1.9436,591.148,232.636,-30.9891,28.0221,12471.1,294.254,1,1,2,2,3,0
182,42,287.887,211.472,1.44872,2.03349,500.754,224.443,-16.6708,21.991,9234.66,277.515,1,1,2,2,3,0
182,43,288.072,210.811,1.76192,1.75508,361.382,193.437,-24.8065,30.0893,7626.93,228.609,1,1,2,2,3,0
182,44,288.319,210.986,1.56705,1.40787,430.833,245.556,-22.1507,28.2165,5974.27,263.846,1,1,2,2,3,0
182,45,288.173,211.844,1.35084,1.87318,506.243,310.539,-32.2737,28.3774,5330.54,323.225,1,1,2,2,3,0
182,46,288.038,211.452,1.47838,2.04669,492.443,295.445,-15.8213,27.519,7124.26,335.065,1,1,2,2,4,0
182,47,287.935,210.819,1.85188,2.12991,564.925,290.195,-5.16636,30.6261,13921.3,353.414,1,2,2,4,5,0
182,48,287.332,211.708,2.07075,3.1929,572.452,242.556,-4.90882,16.5909,22446.4,371.101,1,2,3,4,5,0
182,49,286.501,205.925,2.31273,2.55719,223.432,151.463,2.8392,8.49381,7435.71,189.964,1,2,3,4,5,0
182,50,285.791,201.616,2.3141,1.94519,598.81,106.88,2.44236,4.78739,16742.2,210.237,1,2,3,4,5,0
182,51,286.541,198.606,2.07175,2.52524,268.647,130.479,-2.95079,-6.72683,8386.76,181.574,1,2,3,4,5,0
182,52,286.537,196.897,2.07218,2.57011,470.326,141.744,-1.46135,-4.70777,14257,231.13,1,2,3,4,5,0
182,53,284.599,197.916,2.48892,3.23645,351.224,102.327,-4.97809,-6.36864,16745.6,208.905,1,2,3,4,5,0
182,54,282.766,193.533,2.0836,1.97416,463.037,119.531,-1.08927,-5.36333,12264.8,188.385,1,2,3,4,5,0
182,55,282.18,192.897,2.20909,2.22109,539.18,97.1162,-0.348747,-4.16508,16409.8,196.231,1,2,3,4,5,0
182,56,280.596,192.367,2.27278,1.81362,364.172,111.871,-2.59375,-5.37598,9339.47,166.923,,,,,,0
183,40,322.611,221.836,2.23107,2.48082,278.214,198.602,23.4048,-20.8104,10260.5,264.805,1,2,3,4,5,0
183,41,322.009,220.26,1.90421,2.25229,482.029,186.28,15.7409,-23.0133,13072.2,269.633,1,2,3,4,5,0
183,42,319.94,219.881,2.27353,1.90575,356.232,157.048,13.8591,-9.26731,9608.83,210.982,1,2,3,4,5,0
183,43,319.395,218.428,2.82435,2.15802,338.514,123.001,5.81364,-3.74465,12049.3,202.036,1,2,3,4,5,0
183,44,320.725,217.992,2.84162,2.2734,383.321,122.796,2.33529,1.38584,15426.5,213.627,1,2,3,4,5,0
183,45,322.728,218.02,2.91208,2.51652,385.557,125.933,4.52408,-0.0684212,16790.1,224.982,1,2,3,4,5,0
183,46,321.841,217.473,1.78754,2.03098,500.265,158.636,4.56022,2.281,11362.1,217.775,1,2,3,4,5,0
183,47,320,216.828,2.29163,2.1436,463.594,121.429,2.08944,-3.93407,14120.8,204.053,1,2,3,4,5,0
183,48,319.913,215.785,2.0583,2.08451,556.661,105.339,0.20862,0.577024,14851.7,199.834,1,2,3,4,5,0
183,49,319.085,216.143,2.63212,2.07139,447.331,102.935,-2.60916,-0.0780965,14935.8,195.237,1,2,3,4,5,0
183,50,319.013,216.927,2.14416,1.84905,480.19,136.46,0.229871,2.41624,11892.8,206.29,1,2,3,4,5,0
183,51,320.278,217.711,3.91103,2.35495,319.771,122.314,16.6008,6.73182,16487.9,227.118,1,2,3,4,5,0
183,52,319.867,219.01,2.85211,2.06413,284.639,134.932,4.21985,-0.368715,10136.2,200.012,1,2,3,4,5,0
183,53,317.199,218.527,2.30177,2.03786,369.089,118.689,-0.117577,-2.08634,10616.5,182.639,1,2,3,4,5,0
183,54,317.99,220.083,2.11609,2.04489,407.445,111.45,1.42528,-0.244543,10825.8,174.32,1,2,3,4,5,0
183,55,318.782,221.638,1.93041,2.05193,445.8,104.211,2.96813,1.59725,11035,166,1,2,3,4,5,0
183,56,318.808,220.278,1.52185,1.83857,300.469,126.209,-0.990217,-2.40137,5276.28,150.361,1,2,3,4,5,0
183,57,317.491,217.795,2.16626,2.0161,416.813,92.8738,2.63993,2.65744,11434.2,160.604,1,2,3,4,5,0
183,58,318.273,217.775,2.23154,1.99247,378.068,84.8293,1.77853,1.74996,10546.8,149.083,1,2,3,4,5,0
183,59,319.895,219.72,2.06746,2.55862,377.8,89.9675,1.6125,-2.91368,12447.5,167.183,1,2,3,4,5,0
183,60,320.229,219.639,2.28099,2.2331,486.359,68.7094,-3.94775,1.71045,15720.7,165.817,1,2,3,4,5,0
183,61,316.727,220.379,1.89228,1.76364,435.209,98.5144,-2.24032,1.84304,10210.6,156.479,1,2,3,4,5,0
183,62,313.224,221.118,1.50357,1.29418,384.059,128.319,-0.532893,1.97563,4700.49,147.142,1,2,3,4,5,0
183,63,311.439,222.434,2.36285,2.1563,387.349,84.852,1.38725,-2.17565,13007.1,162.698,,,,,,0
184,41,9.86936,157.55,2.18633,1.90625,612.687,83.5447,-0.0274652,-5.08781,15921.6,172.467,1,1,1,2,2,0
184,42,10.2611,157.55,2.26432,2.42003,712.779,68.4363,0.999277,-2.12133,23917.3,208.45,1,1,1,2,2,0
184,43,10.4554,157.29,2.0506,2.28247,708.436,108.477,0.730864,-4.24696,20574.6,224.396,1,1,1,2,2,0
184,44,9.84816,157.441,1.88955,2.38877,659.253,80.8442,0.447066,-6.09963,18431.6,188.899,1,1,1,2,2,0
184,45,9.59669,157.041,1.93979,2.4012,684.624,71.8839,-0.0964139,-4.13109,19773.1,188.13,1,1,1,2,2,0
184,46,9.78535,157.492,1.99981,2.07213,634.183,77.6969,-1.37183,-7.88945,16242.7,176.355,1,1,1,2,2,0
184,47,10.082,157.73,2.16844,1.89401,695.011,97.3912,-2.00979,-4.89205,17727.4,202.686,1,1,2,2,2,0
184,48,9.59767,157.87,1.99814,2.18591,672.245,85.5908,-0.251106,-3.33911,18460.9,196.355,1,2,3,4,5,0
184,49,10.2427,158.829,1.84279,2.22986,480.465,98.1008,-0.846244,-5.69775,12307,170.876,1,2,3,4,5,0
184,50,12.1717,160.557,2.44839,2.43838,294.009,71.9057,0.0997903,-2.37613,10715.6,138.03,1,2,3,4,5,0
184,51,12.5575,160.843,2.55126,2.47679,242.346,50.9651,3.67886,1.93146,9200.89,108.379,1,2,2,3,3,0
184,52,12.3408,160.475,2.32051,2.43525,267.972,63.0106,2.34044,4.93059,9557.89,118.651,1,2,3,4,5,0
184,53,11.773,159.705,1.87325,2.0868,377.057,73.3582,-0.0756185,2.21518,9211.67,128.527,1,2,3,4,5,0
184,54,10.2301,158.257,1.77749,1.98037,487.557,105.089,5.73508,-2.78003,10750.2,165.154,1,2,3,4,5,0
184,55,11.1159,160.398,2.41294,1.9166,228.222,70.8998,1.3444,-2.44217,6536.95,113.207,1,2,3,4,5,0
184,56,11.8768,160.333,1.79381,1.74304,260.046,77.0113,3.96076,-0.212235,5101.94,105.769,1,2,3,4,5,0
184,57,11.3856,159.436,1.51321,1.856,304.48,94.2218,4.51241,-1.33334,6304.93,129.047,1,2,3,4,5,0
184,58,12.2993,159.776,2.1074,2.20758,220.476,84.6978,2.75268,-4.89983,6375.15,128.609,1,2,3,4,5,0
184,59,13.0046,158.04,2.49516,2.85011,249.823,62.2666,-1.85157,-1.27268,11494.5,135.515,1,2,3,4,5,0
184,60,13.7099,156.305,2.88292,3.49265,279.17,39.8354,-6.45582,2.35448,16613.8,142.42,1,2,3,4,5,0
184,61,12.0056,157.703,3.75215,4.11384,332.965,-14.6489,3.03654,-3.95218,25831.7,149.343,1,2,3,4,5,0
184,62,11.5411,156.925,2.48552,3.10741,573.379,79.8937,-2.42687,-3.28434,25919.1,240.473,1,2,3,3,4,0
184,63,12.9912,156.895,1.87725,3.59727,495.593,100.672,-2.89123,-12.5448,18692.4,213.556,1,2,2,3,4,0
184,64,13.0275,157.966,1.85741,2.78892,521.492,84.1809,-0.658431,-9.8886,16437.1,186.402,1,2,2,3,4,0
184,65,13.4569,158.922,2.37208,1.57675,347.383,78.7093,-1.3278,-2.4486,7883.01,127.237,1,1,2,3,4,0
184,66,13.3132,159.485,2.19476,1.82074,295.322,68.2609,-0.311363,-0.391792,7105.45,110.888,1,1,2,3,4,0
184,67,13.1694,160.049,2.01744,2.06473,243.26,57.8125,0.705073,1.66501,6327.9,94.5385,1,1,2,3,4,0
184,68,12.5474,160.747,2.03982,2.15403,405.781,68.5997,1.0112,-1.75058,11102.4,137.189,1,1,2,3,4,0
184,69,12.3625,161.048,1.98259,1.82731,357.052,74.7408,-1.69632,-3.13821,8098.99,120.882,1,1,2,3,3,0
184,70,11.8768,160.977,1.9162,1.83877,327.581,81.0706,0.013434,-5.26833,7233.79,123.42,1,1,2,3,4,0
184,71,12.0561,160.546,1.68248,1.98378,315.56,81.6025,3.13344,-3.72632,6589.08,118.769,1,1,2,3,4,0
184,72,12.9608,160.199,1.49312,1.99405,330.854,95.683,4.10425,-5.69151,6173.73,129.763,1,1,2,3,4,0
184,73,13.0058,159.631,1.60201,2.79814,399.449,83.4065,2.53811,-4.40762,10882.5,149.757,1,1,2,3,4,0
184,74,12.5907,158.897,2.70378,2.53882,333.555,59.034,-1.15192,-1.8784,13760.9,144.704,,,,,,0
185,41,74.2595,117.693,2.41648,2.17777,305.977,169.726,5.90975,8.17257,9928.08,227.769,1,2,3,4,5,0
185,42,72.5025,118.888,2.71652,2.01427,576.951,181.596,10.6221,4.70319,19211.5,294.598,1,2,3,4,5,0
185,43,71.9095,120.213,3.69954,1.72001,699.17,221.062,17.7041,-8.46212,24773.2,357.45,1,2,3,3,4,0
185,44,71.9104,121.238,3.24493,2.54007,899.08,104.302,0.550381,-12.4061,42823.2,362.426,1,2,2,3,4,0
185,45,72.1076,122.327,2.18546,2.51231,1102.38,134.412,-0.166754,-13.9714,37166.6,351.272,1,1,2,3,4,0
185,46,72.5425,122.836,2.1228,2.23768,1385.52,153.797,-1.50677,-10.3118,40544.5,396.172,1,1,2,1,1,0
185,47,72.6979,122.693,2.33893,2.10508,1200.19,156.606,-1.2798,-8.97516,36312.4,372.639,1,1,1,1,1,0
185,48,72.6468,122.71,2.14974,2.48023,894.426,167.646,-4.17342,-2.93106,28709.6,334.426,1,2,3,4,5,0
185,49,72.7981,123.788,2.27577,3.36492,856.698,104.808,-7.86294,-0.520137,38620.2,336.065,1,2,3,4,5,0
185,50,74.3226,125.197,1.8845,3.17997,563.069,152.766,-12.4639,1.35833,19985.1,263.663,1,2,3,4,5,0
185,51,77.3719,125.102,1.7656,1.8954,529.661,161.655,-14.4131,-1.95845,11594.2,226.053,1,2,3,4,5,0
185,52,78.2152,125.009,2.31683,2.02152,410.231,114.524,0.474853,-8.36533,10810.1,176.604,1,2,2,3,4,0
185,53,77.6507,125.893,2.25967,2.16097,285.972,108.706,4.70347,-9.38039,8659.62,162.249,1,2,2,3,4,0
185,54,78.1741,127.055,2.21645,2.09325,367.12,121.067,4.64446,-0.980494,10591.9,179.006,1,2,2,3,4,0
185,55,79.4509,127.521,2.05821,2.17454,387.488,132.139,4.77601,-7.13346,10878.9,197.373,1,2,2,3,4,0
185,56,79.2982,128.377,2.28709,2.01941,360.936,117.272,4.10543,-7.45265,10349.8,177.343,1,1,2,3,4,0
185,57,79.6188,128.694,2.03919,2.12425,393.652,92.5452,1.69308,-8.6735,10251.6,158.663,1,1,2,3,4,0
185,58,80.1908,128.016,2.08068,2.19941,418.695,92.5758,0.491047,-5.60594,11922.8,160.379,1,1,2,2,3,0
185,59,80.3149,127.901,2.20717,1.83401,459.053,88.4016,-6.26527,-1.84449,12544.5,168.077,1,1,2,2,3,0
185,60,79.9189,127.936,1.59604,1.58213,446.633,155.6,-12.5195,3.12215,7096.18,203.598,1,1,2,2,3,0
185,61,80.2797,127.49,1.55633,2.02799,471.682,151.303,-15.7667,2.02247,9654.02,209.136,1,1,2,2,3,0
185,62,80.0965,128.188,1.95009,2.27045,401.463,111.91,-6.15731,-2.87485,11065.3,176.219,1,1,2,2,3,0
185,63,80.0057,128.572,2.16955,1.7924,448.028,79.992,1.3333,-6.89498,11268.5,149.509,1,1,2,3,4,0
185,64,80.6984,127.736,2.35808,2.30454,461.1,77.0625,1.66495,-10.2088,15674,173.278,1,1,2,2,3,0
185,65,80.6363,127.72,2.18334,2.54383,423.215,89.34,0.420354,-2.00402,14192.8,183.503,1,2,3,4,5,0
185,66,81.4573,130.334,1.41275,1.80402,459.44,160.087,-9.72428,2.71979,6685.08,201.846,1,2,3,4,5,0
185,67,83.3521,130.878,2.13706,1.85943,313.028,182.005,-23.1159,17.5743,7790.09,222.964,1,2,3,4,5,0
185,68,84.5469,130.384,1.37525,1.14224,366.122,139.894,-7.70655,9.24482,2979.71,157.704,1,2,3,4,5,0
185,69,85.0888,130.495,1.93897,1.53355,291.303,136.785,1.9172,2.02831,5432.04,164.367,1,2,3,4,5,0
185,70,84.8873,129.779,1.64546,1.57433,378.3,135.828,2.91664,-5.48716,6155.85,175.047,1,2,3,4,5,0
185,71,85.0222,127.766,1.37781,2.19221,311.542,143.977,12.7053,-19.0773,6732.28,186.834,,,,,,0
186,42,503.813,437.329,1.72496,1.98873,369.859,106.806,-6.83762,-5.31858,7952.4,154.396,1,2,3,4,5,0
186,43,504.178,435.571,2.03346,2.8744,271.143,102.674,-3.16247,-0.378876,9353.28,154.822,1,2,3,4,5,0
186,44,503.221,432.584,2.10608,2.28663,278.125,77.0128,1.81979,-2.49495,8792.79,127.012,1,2,3,4,5,0
186,45,502.918,430.932,2.231,2.3597,330.004,73.1854,0.199858,-1.36375,11113.9,138.701,1,2,3,4,5,0
186,46,502.614,429.28,2.35591,2.43277,381.883,69.3579,-1.42007,-0.232563,13434.9,150.391,1,2,3,4,5,0
186,47,502.311,431.358,2.07964,1.95587,363.552,88.0428,-0.619606,-2.53536,9233.31,139.373,1,2,3,4,5,0
186,48,501.708,431.28,2.13355,2.41723,290.905,89.1716,-3.66427,-0.421196,9258.16,139.864,1,2,3,4,5,0
186,49,501.177,428.005,2.4101,1.30942,329.579,108.462,5.69818,-1.27583,6456.19,140.876,1,2,3,4,5,0
186,50,500.186,427.472,1.82208,1.72559,324.869,100.823,4.39241,-8.55409,6537.18,140.278,1,2,3,4,5,0
186,51,499.832,429.143,2.01329,1.81716,356.158,88.6431,2.06128,-4.91725,8345.43,138.553,1,2,3,4,5,0
186,52,499.479,430.815,2.2045,1.90873,387.447,76.4637,-0.269847,-1.2804,10153.7,136.828,1,2,3,4,5,0
186,53,498.325,431.602,3.07052,2.65433,280.419,48.2121,-3.22292,-1.3414,13642.5,134.077,1,2,3,4,5,0
186,54,496.719,431.34,2.12401,2.09605,463.234,80.792,-1.60912,-5.16181,12572.5,157.888,1,2,3,4,5,0
186,55,497.417,432.426,2.04886,1.99622,395.407,90.0643,-3.25403,-3.24695,10093.2,155.509,1,2,3,4,5,0
186,56,495.559,434.788,1.84656,2.34086,283.645,106.572,-1.76275,-5.58688,7615.43,152.207,1,2,3,4,5,0
186,57,492.789,434.936,2.26777,2.57,384.425,144.617,-5.55639,-7.98659,13706.3,231.698,1,2,3,4,5,0
186,58,490.694,432.712,2.31603,3.0972,624.144,88.3055,-9.1933,-2.98184,28264,260.817,1,2,3,4,5,0
186,59,491.419,432.875,1.87407,2.43163,498.713,124.857,-12.7764,-12.5752,14524.1,216.308,1,2,3,4,5,0
186,60,492.881,431.401,1.84134,1.52307,599.516,147.107,-10.0906,-6.18298,10561.6,205.189,1,2,3,4,5,0
186,61,493.877,430.45,1.5749,1.98583,441.609,153.241,-3.57366,-6.47256,7705.58,193.45,1,2,3,4,5,0
186,62,494.469,429.652,1.92354,2.34281,413.779,121.511,0.0997968,-3.19437,11565.9,185.68,1,2,3,4,5,0
186,63,493.821,427.495,2.17988,2.78893,476.217,92.263,0.239796,0.892523,17487.5,194.142,1,2,3,4,5,0
186,64,492.511,427.734,1.80587,1.79026,1032.63,123.528,1.30411,-1.64152,20936,245.284,1,2,3,4,5,0
186,65,491.413,430.649,2.43444,2.01196,380.727,135.695,-1.9378,-7.88784,10535.5,195.675,1,2,3,4,5,0
186,66,488.916,432.081,2.86451,2.36421,430.235,75.2081,-1.45304,-1.31402,18058.3,185.154,1,2,3,4,5,0
186,67,487.578,433.524,2.54236,2.04365,402.91,130.691,5.27082,-7.19525,12566.9,201.746,1,2,3,4,5,0
186,68,485.531,434.854,1.94849,1.94545,399.477,148.428,4.23295,-3.07662,9537.28,200.136,1,2,3,4,5,0
186,69,483.84,435.932,1.53369,2.94535,257.384,143.522,-8.28496,5.17268,7007.31,179.722,1,2,3,4,5,0
186,70,480.525,435.334,2.2021,2.81237,330.527,143.366,2.21549,9.26543,11970.2,214.793,1,2,3,4,5,0
186,71,479.973,435.234,2.14006,2.54145,301.592,121.466,0.821276,1.58034,10073.9,179.71,1,2,3,4,5,0
186,72,479.738,435.034,2.48645,2.70565,278.793,103.951,-2.20962,-1.06457,11301.3,167.74,1,2,3,4,5,0
186,73,478.543,434.83,2.18991,2.22373,221.535,100.593,-2.36221,-5.67338,6701.56,137.805,1,2,3,4,5,0
186,74,476.385,433.521,2.50436,2.51127,332.495,78.0144,-0.577754,0.608298,12486.9,152.018,1,2,3,4,5,0
186,75,475.584,434.554,2.24384,2.66839,326.777,99.9868,-4.25487,-4.13899,12796.5,179.769,1,2,3,4,5,0
186,76,474.637,432.268,2.66003,3.89763,280.459,63.9933,-0.126924,2.41622,15618.9,163.089,1,2,3,4,5,0
186,77,475.441,432.899,2.76186,3.22466,250.262,71.1548,4.4499,2.45314,12822.7,147.935,,,,,,0
187,43,191.037,391.835,1.9276,2.15664,261.547,98.2677,-5.15566,-0.597772,6785.4,136.923,1,2,3,4,5,0
187,44,190.685,391.834,3.60784,3.09629,328.891,20.5515,-3.79179,-4.2892,20652.3,149.751,1,2,3,4,5,0
187,45,193.826,391.436,1.70651,1.87359,233.204,94.3502,-4.30968,-2.17637,4675.65,118.249,1,2,3,4,5,0
187,46,193.686,390.773,1.60951,2.33477,296.226,93.2776,2.1782,-2.46184,7185.11,132.71,1,2,3,4,5,0
187,47,191.07,391.511,1.8111,1.96451,261.036,94.7632,-2.69344,-1.39382,5815.11,128.343,1,2,3,4,5,0
187,48,189.328,391.392,2.46928,2.02432,375.815,87.6636,-6.6792,-3.54247,10986,155.746,1,2,3,4,5,0
187,49,190.488,390.585,2.20774,2.11117,290.546,101.97,-0.952757,-3.95778,8405.65,149.858,1,2,3,4,5,0
187,50,192.222,387.791,1.74952,2.10515,450.886,120.091,-4.96209,-3.05051,10384.4,182.124,1,2,3,4,5,0
187,51,191.978,384.958,2.12834,1.48963,306.867,124,-4.26499,1.34625,5997.33,160.604,1,2,3,4,5,0
187,52,193.043,381.189,1.97972,2.17847,641.5,122.024,-2.56291,0.582536,17837.3,226.645,1,2,3,4,5,0
187,53,192.187,378.202,2.44017,2.68593,406.292,87.2718,0.640873,1.8389,17335.7,193.876,1,2,3,4,5,0
187,54,191.316,375.774,1.89265,1.97061,379.957,113.886,1.54629,1.267,8870.42,164.402,1,2,3,4,5,0
187,55,191.18,373.987,1.91227,2.04704,373.165,104.892,0.708629,2.10245,8876.98,157.609,1,2,3,4,5,0
187,56,191.382,371.71,2.70216,2.99587,307.109,72.4153,0.539674,2.54771,14511.5,159.905,1,2,3,4,5,0
187,57,193.595,370.288,1.86693,1.90277,311.871,103.69,1.64361,1.06289,7567.94,146.124,1,2,3,4,5,0
187,58,194.273,369.689,3.04395,2.07159,248.396,106.331,6.36306,-0.340908,9522.07,163.817,1,2,3,4,5,0
187,59,196.787,371.258,2.53767,1.70923,281.899,115.059,0.900093,-3.95078,7466.44,160.358,1,2,3,4,5,0
187,60,199.301,372.827,2.03138,1.34688,315.402,123.788,-4.56287,-7.56066,5410.81,156.899,1,2,3,4,5,0
187,61,198.296,375.49,2.15761,2.13066,455.478,141.911,-13.8605,-8.84145,12908,220.083,1,2,3,4,5,0
187,62,197.231,376.708,1.96612,2.21969,909.333,142.644,-13.9057,-5.78925,23900.4,280.485,1,2,3,4,5,0
187,63,197.589,376.049,2.08159,2.21942,712.163,105.476,-6.25479,-2.32003,20451.8,223.189,1,2,3,4,5,0
187,64,200.135,375.12,1.74581,2.17,463.1,115.998,-5.73103,-5.41251,10958.8,176.976,1,2,3,4,5,0
187,65,201.414,373.784,2.08513,2.38926,591.81,77.114,-2.31081,-1.10648,18227.3,186.55,1,2,3,4,5,0
187,66,201.489,374.222,2.17282,2.13495,536.623,93.1303,-2.23792,-0.742551,15464.1,182.059,1,2,2,3,4,0
187,67,201.148,373.278,1.99898,1.9071,393.737,109.484,1.2386,-2.35621,9392.33,159.852,,,,,,0
188,44,128.764,129.888,2.01375,1.30659,259.974,67.5049,2.17287,0.577841,4286.22,94.0592,1,2,3,4,5,0
188,45,127.7,127.569,2.20112,1.78489,253.26,65.7057,-0.305977,-1.75872,6247.52,102.518,1,2,3,4,5,0
188,46,126.635,125.249,2.3885,2.2632,246.547,63.9065,-2.78482,-4.09528,8208.81,110.976,1,2,3,4,5,0
188,47,125.873,124.829,2.48344,2.28275,224.972,72.6253,0.990139,-5.4078,7827.24,121.84,1,2,3,4,5,0
188,48,123.301,123.736,2.42799,1.93262,227.25,78.9133,-3.1563,-3.82571,6589.73,121.63,1,2,3,4,5,0
188,49,120.729,122.644,2.37253,1.58249,229.528,85.2014,-7.30275,-2.24362,5352.22,121.42,1,2,3,4,5,0
188,50,117.61,121.161,2.10554,2.39518,262.066,101.174,-4.19911,-5.11009,7815.97,151.299,1,2,3,4,5,0
188,51,114.49,119.678,1.83855,3.20786,294.605,117.147,-1.09547,-7.97656,10279.7,181.178,1,1,2,2,3,0
188,52,114.828,119.921,2.36547,2.01374,505.802,116.014,-5.18839,-11.0632,14935.4,207.959,1,1,2,2,3,0
188,53,115.39,120.515,2.5731,2.30563,543.762,101.078,-2.00965,-8.45919,19846.1,220.444,1,1,2,2,3,0
188,54,115.579,119.858,2.38847,2.55761,574.656,89.2346,-3.23677,-4.51162,21375.8,225.178,1,1,2,2,3,0
188,55,115.463,119.925,2.1181,1.66865,619.558,124.32,2.34523,-4.45526,14154.5,213.722,1,2,3,4,5,0
188,56,118.32,120.519,3.80277,2.19299,430.677,109.65,9.32192,-8.23565,19403.9,227.391,1,2,3,4,5,0
188,57,117.765,120.792,2.38005,2.18185,478.19,140.317,10.5462,-15.2251,15334.3,230.621,1,2,3,4,5,0
188,58,116.356,121.506,2.50309,2.74067,454.637,105.638,-4.31991,-12.9971,19690.1,226.822,1,2,3,4,5,0
188,59,116.951,123.028,1.88659,1.96904,300.905,136.527,-6.97242,-14.9485,7056.9,173.03,1,2,3,4,5,0
188,60,118.414,124.962,1.81403,1.50771,310.794,116.163,-8.75333,-13.3573,5350.66,148.201,,,,,,0
189,44,186.417,417.934,2.56436,2.16849,455.164,129.544,1.21914,-0.503653,16322.6,229.13,1,2,3,4,5,0
189,45,185.044,418.603,2.20896,2.36427,498.376,155.704,0.802942,-1.66075,16013.8,254.426,1,2,3,4,5,0
189,46,187.162,419.804,2.07595,2.0297,380.341,136.54,0.0296013,-3.76027,10715.4,201.965,1,2,3,4,5,0
189,47,189.28,421.004,1.94295,1.69513,262.305,117.377,-0.74374,-5.8598,5417.05,149.503,1,2,3,4,5,0
189,48,188.115,421.818,1.89665,2.44943,406.102,99.9619,0.815047,-0.302241,11672.9,168.047,1,2,3,4,5,0
189,49,186.998,421.609,1.38613,2.01156,326.219,96.5763,-5.7829,-3.86552,5697.47,132.698,1,2,3,4,5,0
189,50,183.389,418.544,2.58141,2.5233,302.657,116.949,0.162351,-6.78138,11910,189.355,1,2,3,4,5,0
189,51,181.601,415.755,2.52501,2.53607,361.375,111.948,0.260381,1.99013,13675.2,193.598,1,2,3,4,5,0
189,52,176.446,416.303,2.0482,2.31853,446.439,156.988,4.82814,6.41866,12216.9,226.107,1,2,3,4,5,0
189,53,174.952,418.928,2.1523,1.54696,585.228,212.582,5.27914,-0.772349,12181.8,273.166,1,2,3,4,5,0
189,54,177.202,422.505,3.90248,2.33496,631.462,201.422,16.7925,-2.31613,31139.1,389.118,1,2,3,4,5,0
189,55,175.834,427.97,1.84395,1.88827,433.819,171.089,3.21852,-15.1713,9522.85,230.828,1,2,3,4,5,0
189,56,173.948,429.079,2.00115,2.00263,1121.75,184.017,2.29395,-11.5118,28241.8,334.355,1,2,3,4,5,0
189,57,173.887,427.353,2.20935,4.11886,1024.8,190.879,5.33131,-4.1074,45071.2,448.479,1,2,3,4,5,0
189,58,173.948,426.825,2.39494,2.38526,1727.33,146.948,3.11013,-14.3343,60803.7,511.13,1,2,3,4,5,0
189,59,176.516,427.752,2.44134,2.32075,1085.77,151.763,-6.51393,-8.24613,36901.6,371.201,1,2,3,4,5,0
189,60,179.029,432.668,1.82665,2.97512,929.88,202.232,-7.95814,-30.2174,30411.2,385.136,1,2,3,4,5,0
189,61,179.631,435.188,2.00676,1.81206,776.209,172.38,-5.77548,-23.7824,17744.1,271.787,1,2,3,4,5,0
189,62,180.242,434.886,2.41573,2.62472,542.433,145.987,-2.65322,-22.7003,20995.1,274.769,1,2,3,4,5,0
189,63,180.547,432.883,3.10797,3.81098,898.461,34.0996,-6.12256,-12.2378,58158.3,399.249,1,2,3,4,5,0
189,64,181.558,434.563,3.23759,2.67632,764.539,95.9478,-6.05756,2.38012,37893.2,328.391,1,2,3,4,5,0
189,65,178.835,437.515,2.13549,2.26287,1096.23,136.096,0.705392,-4.07114,32951.5,333.947,,,,,,0
190,45,413.947,457.76,1.92958,1.6893,231.878,75.4838,1.27717,-2.45384,4739.45,102.757,1,2,3,4,5,0
190,46,414.493,455.785,1.84179,1.80132,255.563,86.9921,0.867742,-4.27654,5320.84,117.432,1,2,3,4,5,0
190,47,415.508,455.56,2.02466,1.84708,272.232,91.0419,1.56539,-2.05593,6419.06,127.675,1,2,3,4,5,0
190,48,416.523,455.335,2.20753,1.89285,288.901,95.0918,2.26305,0.164686,7517.27,137.917,1,2,3,4,5,0
190,49,420.463,458.299,3.00772,1.85925,261.714,101.236,0.835329,0.0219941,8746.64,144.544,1,2,3,4,5,0
190,50,418.271,460.151,1.8207,2.42488,238.19,94.7694,2.47297,-3.29442,6516.91,133.355,1,2,3,4,5,0
190,51,416.943,461.902,2.24244,2.53776,293.101,74.311,0.00635398,-2.84551,10226.1,135.432,1,2,3,4,5,0
190,52,416.225,461.831,2.10666,2.27904,297.811,81.009,2.9285,-4.69024,8872.94,134.763,1,2,3,4,5,0
190,53,416.081,459.354,1.61703,1.84049,237.142,99.9457,0.178634,-1.61512,4619.46,124.402,1,2,3,4,5,0
190,54,415.139,461.599,1.68412,2.03216,258.314,90.6516,2.06699,-2.67899,5704.49,123.642,1,2,3,4,5,0
190,55,414.197,463.844,1.7512,2.22383,279.485,81.3575,3.95535,-3.74285,6789.52,122.882,1,2,3,4,5,0
190,56,413.736,463.672,1.37753,1.73715,331.626,106.75,1.32375,-5.19901,4983.29,135.751,1,2,3,4,5,0
190,57,414.642,461.579,1.81684,1.93646,320.615,94.7271,4.42923,-4.98357,7007.41,136.453,1,2,3,4,5,0
190,58,415.547,459.486,2.25616,2.13578,309.604,82.7036,7.53471,-4.76813,9031.53,137.154,1,2,3,4,5,0
190,59,417.395,461.086,2.33324,1.85747,318.617,91.2224,4.085,-3.84153,8574.73,140.775,1,2,3,4,5,0
190,60,416.67,462.27,1.85225,1.45561,448.081,101.007,0.519914,-5.09206,7581.01,141.479,1,2,3,4,5,0
190,61,413.54,461.918,1.77604,1.50591,266.023,97.0576,1.31847,-4.47766,4068,118.817,1,2,3,4,5,0
190,62,415.388,463.324,1.91129,1.85395,397.095,92.8689,-1.12245,-4.5444,9439.65,148.76,1,2,3,4,5,0
190,63,417.237,464.729,2.04654,2.202,528.167,88.6802,-3.56337,-4.61113,14811.3,178.704,1,2,3,4,5,0
190,64,419.563,464.948,1.61835,2.28397,446.426,113.065,-2.1571,-4.2852,10281.3,173.018,1,2,3,4,5,0
190,65,424.628,466.498,1.84367,1.70351,447.917,110.329,-7.74697,-3.5997,8441.01,159.917,1,2,3,4,5,0
190,66,425.358,465.61,2.00549,2.315,684.096,83.4319,1.17977,-3.86318,19708.5,203.686,1,2,2,3,4,0
190,67,424.696,465.603,2.10266,2.02442,634.878,85.1418,1.37405,-0.889587,16850.3,184.852,1,2,2,3,4,0
190,68,424.886,466.111,1.86409,1.83372,594.537,115.721,-4.23041,-2.13479,12742.3,189.651,1,2,2,3,4,0
190,69,424.397,466.833,2.01722,2.06436,593.889,108.18,0.789263,2.65022,14794.7,194.893,1,2,2,3,4,0
190,70,424.803,466.275,1.94418,1.75245,550.562,91.9912,-0.677362,-0.457995,11893.3,165.941,1,2,2,3,4,0
190,71,425.542,465.621,1.94662,1.80993,647.428,100.9,-1.93057,-2.21898,14151.9,185.515,1,2,2,3,4,0
190,72,425.164,464.744,1.85145,1.6902,627.196,138.24,-3.65541,4.44531,12314.2,206.491,1,2,2,3,4,0
190,73,425.38,463.969,2.54613,2.04343,273.373,107.202,-4.69709,-7.93155,8755.83,163.953,1,2,3,4,5,0
190,74,425.792,460.615,2.03407,2.26723,532.96,123.919,-10.7001,-5.52629,15271,210.118,1,2,3,4,5,0
190,75,425.266,461.326,2.76118,1.74719,541.546,131.235,-6.1168,-8.04255,15920.2,222.373,1,2,3,4,5,0
190,76,425.425,463.616,2.296,1.54417,470.578,103.515,1.7128,-5.0848,10382,165.13,1,2,3,4,5,0
190,77,426.047,464.719,2.0368,1.93098,474.872,107.983,5.33786,-2.45138,11678.7,177.018,1,2,3,4,5,0
190,78,429.25,464.735,2.21271,2.32776,560.477,102.39,-4.89333,0.497977,17841.5,210.373,1,2,3,4,5,0
190,79,431.557,464.356,1.64972,2.21866,518.548,139.678,0.994033,6.43055,11836.9,207.645,1,2,3,4,5,0
190,80,433.068,464.265,2.18732,1.70097,576.72,116.545,0.129219,-1.86653,12705.4,189.012,1,2,3,4,5,0
190,81,434.083,462.335,2.53815,2.53722,546.659,86.1996,0.094305,-4.32204,21336.7,216.13,1,2,3,4,5,0
190,82,434.447,462.399,2.53671,2.38811,550.946,84.6762,0.236267,-0.720847,20524.4,208.325,1,2,3,4,5,0
190,83,433.353,462.243,2.22023,1.98911,491.064,98.0536,-3.17149,0.622781,13495.8,175.195,1,2,3,4,5,0
190,84,431.674,458.956,2.40752,2.04403,209.839,118.123,-3.80031,-0.346897,6385.89,156.793,1,2,3,4,5,0
190,85,431.304,455.882,2.2893,2.18955,619.401,97.5627,-2.95754,0.865738,18519.6,207.982,1,2,2,2,3,0
190,86,431.131,455.485,2.42007,2.25421,638.675,83.8387,-0.675851,-2.54777,21720.4,210.041,1,1,2,2,3,0
190,87,430.842,455.142,2.46715,2.16082,537.707,96.3241,2.00868,-1.64276,17657.2,200.03,1,2,3,4,5,0
190,88,430.346,455.756,2.08997,1.77496,538.579,102.794,4.92702,0.157253,12491.5,177.207,1,2,3,4,5,0
190,89,430.127,458.616,2.04853,2.04604,517.14,98.0824,1.65244,-2.50494,12933,177.385,1,2,3,4,5,0
190,90,429.12,459,2.21037,2.13804,450.349,93.8459,-0.521452,0.058697,13227.2,168.053,1,2,3,4,5,0
190,91,427.468,456.989,1.92341,1.75368,416.934,106.132,-0.880782,-4.47333,8812.69,154.337,1,2,3,4,5,0
190,92,426.262,455.734,1.80489,2.05859,561.255,99.0752,0.193082,-0.0599348,12702.8,172.858,1,2,3,4,5,0
190,93,424.705,454.992,2.52723,1.98446,349.045,94.0519,2.33286,-2.20847,10780.8,155.68,1,2,3,4,5,0
190,94,422.435,453.979,1.76213,1.80572,489.176,97.6122,-0.796863,-2.88897,9764.67,153.74,1,2,3,4,5,0
190,95,419.84,453.066,1.78452,1.93618,525.844,98.4266,-0.496845,-1.58916,11388,162.604,1,2,3,4,5,0
190,96,419.946,452.254,2.37847,2.14839,416.018,79.196,-2.0203,-0.964014,13141.2,155.574,1,2,3,4,5,0
190,97,421.427,452.148,2.26073,1.79021,516.656,88.6923,-1.81793,2.43205,13016.5,167.29,1,2,3,4,5,0
190,98,421.512,454.039,2.03394,1.7775,497.773,114.042,2.12714,-4.55724,11898.9,179.888,1,2,3,4,5,0
190,99,419.06,453.728,1.75306,1.53442,372.568,119.495,2.91458,-1.0252,6293.25,154.112,1,2,3,4,5,0
190,100,422.588,453.923,1.90884,1.51626,370.284,120.247,4.34403,-1.96297,6710.32,156.896,1,2,3,4,5,0
190,101,426.116,454.118,2.06462,1.4981,368.001,120.999,5.77347,-2.90075,7127.4,159.68,,,,,,0
191,46,491.172,390.609,2.22499,1.77917,351.654,88.7051,0.90284,-3.16569,8680.91,138.089,1,2,2,3,4,0
191,47,491.912,389.662,2.3527,1.86741,374.385,78.7111,3.42138,-3.48378,10283.3,140.308,1,2,2,3,4,0
191,48,492.651,388.714,2.48041,1.95565,397.116,68.7172,5.93991,-3.80187,11885.7,142.527,1,2,2,3,4,0
191,49,493.31,389.116,1.99745,1.25462,421.129,100.329,3.59111,-3.45044,6616.59,136.846,1,2,2,3,4,0
191,50,492.752,388.903,2.04985,2.13102,384.588,77.4904,2.57913,-2.12401,10472.7,138.964,1,2,2,3,4,0
191,51,492.255,388.875,2.25151,2.37146,388.837,66.714,0.315744,-3.02816,12804.5,142.006,1,2,2,3,4,0
191,52,491.405,387.423,1.76703,1.74394,448.507,93.4491,-2.37429,0.171469,8135.19,142.781,1,2,2,3,4,0
191,53,490.602,387.26,1.79873,1.6832,497.262,92.4821,-0.97321,0.421704,9447.16,146.379,1,1,2,3,4,0
191,54,490.549,386.817,2.1156,1.95161,298.604,98.3341,-0.0325025,-0.823036,7691.7,143.479,1,1,2,2,3,0
191,55,490.558,386.226,2.37567,1.93589,326.959,97.5134,-0.767383,-0.539937,9956.34,153.586,1,1,2,2,3,0
191,56,490.139,386.598,1.93567,2.12399,386.409,113.845,1.60887,-1.49866,9732.32,172.621,1,1,2,2,3,0
191,57,489.888,385.951,1.70595,1.97797,404.24,103.411,-3.5479,-3.02731,7888.16,148.136,1,1,2,2,3,0
191,58,489.712,386.014,1.7453,1.74008,439.441,81.0814,0.439701,-4.29755,8102.67,130.917,1,1,2,2,3,0
191,59,490.074,386.628,1.80643,2.20408,452.908,68.8893,1.90323,-3.98641,11244.7,136.899,1,1,2,2,3,0
191,60,490.119,386.37,2.05365,1.79676,438.222,111.153,0.97849,-2.64674,10117.9,166.828,1,2,3,4,5,0
191,61,489.735,385.119,2.31442,2.16945,424.836,76.2545,0.451446,-0.514116,13026.3,155.112,1,2,3,4,5,0
191,62,489.886,386.321,2.44056,1.82197,224.544,91.204,0.0474956,-3.22246,6184.74,128.692,1,2,3,4,5,0
191,63,488.315,388.023,2.33733,1.93663,252.908,105.218,-1.23952,-2.23756,7106.95,142.876,1,2,3,4,5,0
191,64,486.209,389.085,1.9372,1.80779,321.945,109.546,-3.50908,-6.85422,7067.38,144.343,1,2,3,4,5,0
191,65,486.868,386.782,1.95123,1.74375,390.948,99.9132,-3.08961,-5.07987,8210.8,144.734,1,2,3,4,5,0
191,66,487.528,384.479,1.96525,1.67971,459.95,90.2803,-2.67014,-3.30552,9354.21,145.124,1,2,3,3,5,0
191,67,488.009,383.792,2.37183,1.89428,499.754,88.6854,0.484038,-4.25685,14308.2,172.142,1,2,2,3,4,0
191,68,487.772,383.355,2.58593,1.84406,408.488,105.786,-0.0247625,-7.78803,11785.9,173.024,1,2,2,3,4,0
191,69,487.361,382.229,2.2964,1.72435,544.49,98.086,1.93735,-0.707069,13415,174.467,1,2,2,3,4,0
191,70,487.544,381.857,1.95578,1.84049,457.659,122.358,2.68954,-1.34469,10053.6,181.479,1,2,3,4,5,0
191,71,488.311,382.942,2.42984,2.26822,350.474,69.6418,3.90835,-2.7407,12569.3,147.462,1,2,3,4,5,0
191,72,487.609,385.281,2.75505,3.43453,311.239,24.0681,6.87344,-6.94487,16955.8,135.84,1,2,3,4,5,0
191,73,487.876,385.976,2.89283,2.86038,279.517,43.5735,-1.18715,-5.82442,14137.5,137.414,1,2,3,4,5,0
191,74,487.777,384.994,1.90258,2.42326,408.144,91.2287,0.447334,-0.147296,11655.8,162.16,1,2,3,4,5,0
191,75,487.08,383.878,1.74057,1.94932,373.312,119.477,2.17396,-5.53539,7939.5,169.503,1,2,3,4,5,0
191,76,486.195,384.895,2.28451,2.11362,321.635,87.481,-1.30819,0.34411,9008.86,140.467,1,2,3,4,5,0
191,77,486.084,385.799,2.66819,2.00928,360.657,76.0863,0.805742,-2.97734,11828.4,143.935,1,2,3,4,5,0
191,78,487.231,387.276,2.46573,2.77104,290.168,79.5901,1.1204,-4.1111,11926.7,148.349,1,2,3,4,5,0
191,79,486.644,389.863,2.23664,2.49842,250.711,79.3046,-3.536,-2.43001,8599.47,131.852,1,2,3,4,5,0
191,80,486.585,391.458,1.81113,2.54021,369.02,82.2343,-0.457059,-1.25261,9824.97,143.497,1,2,3,4,5,0
191,81,487.927,391.814,2.51907,2.94013,423.632,38.7413,0.252892,2.79687,18598.5,155.923,1,2,2,3,4,0
191,82,488.584,391.381,2.11144,2.10235,419.93,83.6309,-0.548433,2.38311,11601.8,149.621,1,1,2,3,4,0
191,83,488.141,391.282,1.9755,2.42952,461.298,81.2598,0.54419,0.875236,13313.1,161.473,1,1,2,3,4,0
191,84,488.298,391.68,2.35026,2.64204,430.903,66.6856,1.73484,-1.62508,16706.4,166.74,1,1,2,3,4,0
191,85,488.729,392.124,2.29046,2.34361,475.341,89.8606,3.76724,-3.06663,15733.2,183.213,1,2,3,3,4,0
191,86,490.537,391.863,1.91112,1.83347,359.187,114.862,1.21994,-4.43402,7884.81,159.609,1,2,3,3,4,0
191,87,491.666,390.871,2.08852,1.8256,350.091,111.433,1.07804,-2.0827,8464.47,162.544,1,2,2,3,4,0
191,88,492.113,389.972,2.1296,2.05445,371.679,95.3719,0.375721,2.61665,10138.9,156,1,2,2,3,4,0
191,89,492.538,390.082,2.15417,1.69421,394.046,98.3287,-1.48535,1.434,8772.45,148.627,1,2,2,3,4,0
191,90,492.175,390.125,2.3001,1.71734,406.562,102.536,2.2482,-3.85304,9998.08,157.373,1,2,3,4,5,0
191,91,490.867,389.909,3.189,2.68113,312.518,56.8472,2.83561,-6.48809,15410.7,155.805,1,2,3,4,5,0
191,92,489.875,388.454,2.15224,2.68613,328.889,88.5387,-1.09543,-4.61759,11215.5,157.071,1,2,3,4,5,0
191,93,488.763,388.625,2.68124,3.76396,278.746,48.6086,-5.76527,-8.2743,16027.9,148.793,1,2,3,4,5,0
191,94,486.339,388.987,2.25768,2.00774,376.269,103.08,-1.99762,-6.42082,10603.1,168.947,1,2,3,4,5,0
191,95,485.557,386.572,2.26891,1.76519,300.164,115.773,0.026518,-1.91898,6937.23,157.568,1,2,3,4,5,0
191,96,486.611,387.937,2.06004,1.67805,295.784,109.424,-1.90341,-2.28459,6163.86,144.568,1,2,3,4,5,0
191,97,487.666,389.302,1.85117,1.5909,291.405,103.074,-3.83335,-2.65021,5390.5,131.568,1,2,3,4,5,0
191,98,490.978,389.895,2.28207,2.45379,346.441,81.5388,-0.179171,-6.84438,11923.3,151.456,1,2,3,4,5,0
191,99,491.611,388.474,1.42047,1.6936,420.039,171.474,-10.7535,-9.01873,2136.77,171.604,1,2,3,4,5,0
191,100,490.851,386.918,2.11364,1.71744,409.879,113.803,0.139869,-5.05299,9305.06,169.379,1,2,3,4,5,0
191,101,490.311,386.722,2.17105,1.46306,470.664,138.859,-5.70299,-4.90187,8801.54,191.343,,,,,,0
192,47,462.769,193.659,2.60411,2.37742,226.084,70.5148,-4.92251,-0.640978,8508.39,122.941,1,2,3,4,5,0
192,48,464.967,191.265,2.34159,2.26066,287.77,90.0554,-4.61742,-3.80269,9106.73,146.408,1,2,3,4,5,0
192,49,467.165,188.871,2.07907,2.14391,349.456,109.596,-4.31233,-6.9644,9705.07,169.876,1,2,3,4,5,0
192,50,466.477,187.238,2.3479,3.16788,509.198,85.7042,-3.19884,-6.38529,22159.2,219.917,1,2,3,4,5,0
192,51,466.947,189.905,2.30833,1.91702,431.766,93.8532,-3.49688,-1.50406,11880.4,159.391,1,2,3,4,5,0
192,52,466.264,190.369,2.51763,2.25228,428.192,78.682,-1.23075,-1.20061,14875.2,166.923,1,2,3,4,5,0
192,53,465.013,189.633,2.419,2.93619,536.459,60.4049,-1.6454,4.01548,23048.3,201.432,1,2,3,4,5,0
192,54,463.533,191.285,2.18389,2.68648,446.196,69.4383,1.28835,-1.9937,15921.3,168.586,1,2,3,4,5,0
192,55,461.675,190.471,1.98702,2.07119,355.822,101.037,-0.537512,3.239,9137.51,152.467,1,2,3,4,5,0
192,56,460.865,191.985,2.25484,2.16508,302.843,92.0514,0.136769,0.916492,9173.01,145.278,1,2,3,4,5,0
192,57,462.807,190.081,2.33703,2.34351,404.854,81.0186,-0.740993,0.399466,14013.7,161.861,1,2,3,4,5,0
192,58,464.75,188.176,2.41923,2.52195,506.866,69.9858,-1.61875,-0.11756,18854.4,178.444,1,2,3,4,5,0
192,59,464.564,187.266,2.1468,2.45814,563.389,84.189,1.36606,-2.43208,18390.6,189.521,1,2,3,4,5,0
192,60,462.879,189.7,2.28781,2.50853,351.672,68.2925,0.455483,-4.19923,12364.4,145.089,1,2,3,4,5,0
192,61,461.634,188.729,2.18975,1.6745,348.345,84.0164,-2.22403,2.75442,7971.44,130.456,1,2,3,4,5,0
192,62,462.055,188.068,1.59802,1.93282,459.007,96.07,-1.83276,-2.88027,8891.43,148.953,1,2,3,4,5,0
192,63,464.715,188.966,1.60982,2.30184,548.02,108.111,-6.16922,-7.73616,13069.8,184.899,1,2,3,4,5,0
192,64,465.579,187.751,1.8557,2.3808,725.566,103.519,1.85974,-3.18195,19446.3,221.947,1,2,3,4,5,0
192,65,466.992,188.114,2.32487,2.56573,628.102,76.7964,-9.23888,-7.12239,22887.9,212.059,1,2,3,4,5,0
192,66,464.775,186.526,2.52016,2.41315,334.317,76.9357,1.82407,-4.92019,12382,150.893,1,2,3,4,5,0
192,67,464.196,184.126,2.81326,2.85593,257.319,33.4795,-0.105171,0.213378,12619.9,109.947,,,,,,0
193,48,136.816,108.945,3.40174,1.68709,200.966,129.556,-11.4708,-0.610671,6657.43,178.544,1,2,3,4,5,0
193,49,134.706,109.574,2.42626,2.18909,609.646,98.7532,0.494669,-2.0252,19960.7,217.598,1,1,1,1,1,0
193,50,134.576,109.369,2.08864,2.1435,709.664,117.417,2.3832,-7.18989,19164.3,230.414,1,1,1,1,1,0
193,51,134.408,109.04,2.07662,2.50363,657.967,100.848,-0.128938,-6.59811,21515.3,226.402,1,1,1,1,1,0
193,52,134.293,109.185,2.15653,2.33847,583.339,89.4109,-3.00506,-5.00065,18818,199.296,1,1,1,1,1,0
193,53,134.313,109.26,2.00681,2.27251,584.454,107.938,-4.56967,-4.54627,16501,202.231,1,1,1,1,1,0
193,54,134.343,109.024,1.91561,2.26563,638.631,132.296,-0.376961,-12.032,17251.5,232.728,1,1,2,2,3,0
193,55,135.053,108.672,2.74465,2.14644,666.201,151.138,1.72808,-11.0462,23843.4,297.107,1,1,2,2,3,0
193,56,134.789,108.57,2.83132,2.40698,781.73,120.745,-5.84047,-6.25363,31778.6,319.101,1,1,2,3,4,0
193,57,134.061,108.676,2.12982,2.47145,971.096,152.086,-10.6795,-8.57691,31481.6,340.237,1,1,2,3,4,0
193,58,134.21,109.326,2.03287,2.14771,913.877,234.926,-25.0893,-1.71789,25325.2,376.142,1,1,2,3,4,0
193,59,134.649,109.477,3.07402,2.44608,634.768,199.491,-13.3369,-3.74611,28010.9,368.87,1,2,2,3,4,0
193,60,136.346,109.282,3.31561,2.14843,799.693,161.162,-21.7225,-7.28509,33084.3,356.385,1,2,2,3,4,0
193,61,135.091,109.081,3.11403,2.29193,805.541,163.92,-7.12141,-0.517106,33920.5,358.882,1,1,2,3,4,0
193,62,135.085,108.971,3.47497,2.36545,702.49,144.917,-5.80239,-5.95925,32908,348.728,1,1,2,3,4,0
193,63,134.312,108.77,2.97497,2.35555,494.566,193.572,9.43903,-15.9842,20601.4,318.751,1,1,2,3,4,0
193,64,133.861,109.071,2.24735,2.15701,602.016,173.729,8.20344,-16.4132,18112.4,273.763,1,1,2,3,4,0
193,65,133.986,109.24,2.23024,2.07989,638.146,167.671,16.0533,-23.987,18561,271.888,1,2,2,3,4,0
193,66,135.163,108.681,3.04078,1.8725,613.379,229.367,22.0434,-21.6027,20020.1,338.154,1,2,2,3,4,0
193,67,136.11,108.612,3.21663,2.16368,878.847,165.958,5.71913,-15.1052,34201.4,368.349,1,2,2,3,4,0
193,68,135.372,108.947,2.49111,2.17071,1037.99,136.122,-4.12112,-12.3031,34513.5,350.527,1,2,3,3,4,0
193,69,133.937,109.358,2.61607,2.60071,665.385,143.997,1.82971,-10.3901,27422.3,302.414,1,2,3,4,5,0
193,70,134.66,108.894,2.03564,1.8757,522.714,264.971,-15.317,4.10033,12719.5,343.047,1,2,3,4,5,0
193,71,135.611,106.851,2.75003,4.08571,692.735,98.8452,-19.1312,17.5732,46050.3,401.598,1,2,3,4,5,0
193,72,135.994,108.94,2.73487,2.53128,645.639,191.286,-28.4344,-1.88628,29889.4,397.053,1,2,2,3,4,0
193,73,135.237,109.186,2.70637,2.10905,586.104,238.77,-14.3589,-11.7877,20382.8,344.947,1,2,2,3,4,0
193,74,135.14,108.748,3.26578,2.43956,657.981,180.519,-18.5923,-8.17126,30364.9,364.355,1,2,2,3,4,0
193,75,135.874,107.305,2.43832,2.85416,361.191,235.368,-19.7927,4.60426,15032.4,326.367,1,2,2,3,4,0
193,76,136.093,107.768,2.59121,2.40394,328.356,222.113,-23.076,12.0831,10327.1,276.568,1,2,2,3,4,0
193,77,135.322,108.966,3.21238,2.46281,571.73,162.569,-13.774,-5.6525,25706.3,320.746,1,1,2,3,4,0
193,78,135.207,108.688,3.30893,2.7309,554.853,129.606,-17.3928,-5.02866,28016.1,302.207,1,1,2,2,2,0
193,79,134.925,108.42,2.76506,2.42244,484.221,161.796,-5.54085,-6.74344,19507.7,287.953,1,1,2,2,3,0
193,80,134.536,108.327,3.09551,2.31323,520.645,147.98,-3.86838,-3.41188,21941.5,285.586,1,1,2,3,3,0
193,81,133.769,108.673,2.66617,1.91389,702.215,192.955,-0.573787,-21.2599,19767.6,299.278,1,1,2,2,3,0
193,82,134.23,108.383,3.42487,2.48749,536.753,96.0996,-13.6303,-21.256,26037.4,260.438,1,2,3,4,5,0
193,83,130.163,105.704,2.3869,2.22501,467.327,101.061,3.09328,-7.92183,15306.3,193.722,1,2,3,4,5,0
193,84,131.172,104.805,2.42982,2.23009,401.595,97.1937,-0.482899,-4.16122,13400.9,178.018,1,2,3,4,5,0
193,85,133.188,105.375,2.09979,1.85975,290.647,123.945,-8.35954,-4.04007,7098.03,158.118,1,2,3,4,5,0
193,86,133.771,106.953,2.07114,1.9757,532.776,130.363,-5.91006,-8.73829,13112.6,210.781,1,2,3,4,5,0
193,87,134.455,108.109,2.16517,1.91949,872.262,181.296,-9.61815,-14.3753,22177.6,306.55,1,1,1,1,1,0
193,88,134.604,108.154,2.0598,2.10743,678.15,155.372,-3.43519,-17.1895,18348.4,264.757,1,1,1,2,2,0
193,89,134.951,108.468,2.48853,2.39148,668.44,76.5819,0.396569,-9.64538,24291.4,231.249,1,1,1,2,2,0
193,90,134.555,108.282,2.07625,2.09277,613.559,105.094,-0.782142,-4.11261,16609.8,204.538,1,1,1,2,2,0
193,91,134.924,108.189,1.90775,2.14421,506.663,128.233,-3.45469,-5.58631,12939.1,200.302,1,1,1,2,2,0
193,92,135.308,108.067,2.04663,2.0212,619.204,118.521,-0.645399,-0.144668,15336,204.663,1,1,1,2,2,0
193,93,135.024,108.593,2.07306,2.24223,803.137,103.656,-0.370834,-8.37481,23189.6,239.391,1,1,1,2,2,0
193,94,134.719,108.385,1.96233,2.17033,932.677,166.845,-6.99891,-12.8996,24752.7,305.414,1,1,1,2,2,0
193,95,134.804,108.105,2.17876,2.45357,821.38,151.609,-10.7563,-12.1816,27051.6,306.136,1,1,1,2,2,0
193,96,135.252,108.594,2.43251,2.49296,660.511,151.847,-10.879,-3.86033,24079.1,292.935,1,1,1,1,1,0
193,97,135.075,108.49,2.22801,2.08854,653.38,174.22,-11.7096,5.75846,18886.7,275.71,1,1,1,1,1,0
193,98,135.422,108.76,2.68164,2.17745,681.927,147.559,-17.1479,1.48366,24223.5,293.71,1,1,1,1,1,0
193,99,135.07,108.837,2.12479,2.18357,631.983,264.732,-2.46129,18.7785,19109.2,363.84,1,1,1,1,1,0
193,100,134.81,108.899,2.54451,1.99953,898.371,215.794,-14.1162,9.79244,28134,384.107,1,1,1,1,1,0
193,101,134.872,108.532,2.66834,1.81153,656.243,243.944,-10.9416,7.42305,17899.2,353.148,,,,,,0
194,48,309.274,221.298,2.85689,1.99235,270.183,80.3446,5.23392,-5.40174,8751.6,134.036,1,2,3,4,5,0
194,49,309.048,220.268,2.43892,1.94725,330.04,94.6385,4.66005,-4.2563,9698.2,155.521,1,2,3,4,5,0
194,50,310.133,219.809,2.8221,1.75158,333.712,103.42,9.48008,-6.75475,9566.24,166.959,1,2,3,4,5,0
194,51,309.171,218.896,2.49843,2.17878,325.853,97.0083,5.22611,-5.7851,10907.7,163.402,1,2,3,4,5,0
194,52,307.673,217.78,2.07962,2.01653,310.712,108.782,0.709923,-3.3577,8131.44,152.379,1,2,3,4,5,0
194,53,305.651,218.347,2.65752,1.57315,414.652,104.818,0.645585,-7.39831,10625.5,162.74,1,2,3,4,5,0
194,54,303.7,218.249,2.61059,1.97565,354.461,117.949,-5.48341,-1.80496,11212.5,181.604,1,2,3,4,5,0
194,55,301.994,220.058,1.91544,2.47659,453.848,133.372,-7.97218,-12.4183,12440.8,208.834,1,2,3,4,5,0
194,56,301.496,219.62,3.55024,4.20934,595.153,-55.8517,-21.7874,-8.27318,43727.2,239.822,1,2,3,4,5,0
194,57,301.64,219.064,3.05801,3.01265,589.084,36.8872,-6.59341,-13.4289,32742.3,237.408,1,2,3,4,5,0
194,58,299.764,218.228,1.91958,2.91151,300.465,143.882,-2.24893,-1.63815,10122.8,203.994,1,2,3,4,5,0
194,59,297.666,223.354,2.0581,1.77229,422.241,119.153,-1.75634,-9.06093,9634.26,173.828,1,2,3,4,5,0
194,60,297.747,224.176,2.02098,2.1329,513.093,97.2054,-2.52596,-2.00805,13791.3,177.811,1,2,3,4,5,0
194,61,298.28,222.35,2.00412,1.81076,313.895,109.012,-3.38868,-5.89131,7130.72,152.911,1,2,3,4,5,0
194,62,298.132,219.872,2.05259,2.58698,473.184,143.046,0.623246,-13.7632,15425.9,237.444,1,2,3,4,5,0
194,63,298.814,220.685,2.47159,2.03193,376.716,128.964,0.417808,-11.8585,11674,204.858,1,2,3,4,5,0
194,64,299.238,221.74,1.88779,2.31819,554.914,108.138,0.602119,-8.066,15091.4,197.166,1,2,3,4,4,0
194,65,298.559,222.212,2.3692,2.33958,492.777,98.39,0.207475,-8.36817,16783.4,199.373,1,2,3,4,5,0
194,66,297.309,222.468,2.70058,2.86879,453.631,67.2498,-2.56035,-5.77889,21124.5,198.408,1,2,3,4,5,0
194,67,296.134,222.815,2.31442,2.66874,434.412,71.7275,0.0499125,-12.3172,16303.7,175.03,1,2,3,4,5,0
194,68,296.323,223.688,1.97324,2.23666,320.056,103.241,7.45718,-14.0391,9540.52,162.941,1,2,3,4,5,0
194,69,299.74,222.702,2.01213,2.77098,379.433,130.988,1.53654,-3.63717,12852,209.728,1,2,3,4,5,0
194,70,299.08,222.288,2.05135,2.08736,321.765,132.158,-2.92062,-12.283,8602.47,184.876,1,2,3,4,5,0
194,71,295.651,221.629,1.65092,2.27089,495.043,127.795,-0.851533,-7.26935,11557.8,199.308,1,2,3,4,5,0
194,72,293.756,221.7,2.5426,3.07036,375.279,99.9976,-10.0267,-11.052,17694.4,216.491,1,2,3,4,5,0
194,73,293.718,223.767,2.12039,2.56524,455.528,122.111,-5.97204,-9.15738,14452.9,217.754,1,2,3,4,5,0
194,74,293.68,225.833,1.69817,2.06011,535.777,144.224,-1.91737,-7.26279,11211.4,219.018,1,2,3,4,5,0
194,75,294.282,226.457,1.97366,2.16005,593.309,113.226,-1.22268,-6.51312,16366,208.083,1,2,3,4,5,0
194,76,293.978,226.906,2.46491,1.93693,499.413,102.851,-3.96071,-5.12549,14742.2,197.722,1,2,3,4,5,0
194,77,291.616,227.397,2.48121,2.22286,540.422,140.588,-8.64821,-5.36447,18290.3,246.095,1,2,3,4,5,0
194,78,292.746,228.676,2.72771,2.24464,394.618,103.591,-7.85555,-3.58242,14648.9,191.266,1,2,3,4,5,0
194,79,294.767,227.511,2.51281,2.11433,497.285,114.271,-6.91479,3.3334,16237.8,211.32,,,,,,0
195,48,496.101,324.113,1.94127,1.81634,307.466,78.8449,-1.04707,-3.14872,6793.82,113.994,1,2,3,4,4,0
195,49,495.723,322.836,1.61075,1.93496,426.836,86.6866,-0.075056,-1.44546,8342.25,134.041,1,2,3,4,5,0
195,50,495.543,323.434,2.05827,2.45104,378.313,67.6431,-2.01721,-2.72283,11941,138.817,1,2,3,4,5,0
195,51,493.571,323.437,1.78733,2.33175,362.833,91.4511,-2.67099,-2.01278,8752.57,140.13,1,2,3,4,5,0
195,52,493.717,322.214,1.90834,1.77258,391.574,99.3006,-2.4762,-0.464429,8303.28,148.45,1,2,3,4,5,0
195,53,495.661,322.235,1.53207,1.71885,567.76,116.356,-1.45895,-9.97613,9392.11,168.231,1,2,3,3,4,0
195,54,496.309,323.216,2.11652,3.20389,310.667,78.9963,-0.425796,-7.78049,12376.1,154.503,1,2,2,3,4,0
195,55,495.896,323.431,2.22671,2.90606,327.413,59.1982,2.15229,-0.519049,13947.9,144.953,1,2,2,3,4,0
195,56,496.108,322.367,2.30434,3.38268,327.34,48.2534,0.827686,-2.57893,14843.1,139.254,1,2,2,3,4,0
195,57,497.084,322.593,2.34256,2.31735,428.559,66.818,-1.59712,-4.02214,14325.8,154.278,1,2,2,3,4,0
195,58,496.617,323.348,2.15127,2.30193,412.299,82.3892,0.97818,-6.7833,12637.8,156.994,1,1,2,3,4,0
195,59,496.053,323.345,2.09815,2.60387,333.216,99.9644,-2.13038,-11.5406,11148.3,165.846,1,1,2,3,4,0
195,60,496.339,323.546,2.19951,1.87672,359.308,99.8074,-2.58117,-11.4764,8929.4,155.172,1,1,2,3,4,0
195,61,496.263,324.011,2.03652,1.73281,393.291,78.1218,-1.20826,-8.27727,8689,127.456,1,1,2,3,4,0
195,62,496.58,324.691,1.76306,1.9788,379.955,96.5459,2.10555,-6.85899,8301.74,148.781,1,2,2,3,4,0
195,63,497.541,325.576,1.75136,2.26576,355.721,100.695,-0.87031,-14.9448,9082.72,156.325,1,2,2,3,4,0
195,64,497.295,325.693,2.07028,2.71023,291.238,91.1392,-5.11464,-16.1656,9700.96,156.207,1,2,3,4,5,0
195,65,496.416,323.676,2.19875,2.30805,447.458,90.8949,-2.68292,-11.4006,13469.8,175.299,1,2,3,4,5,0
195,66,495.537,321.658,2.32722,1.90587,603.679,90.6506,-0.251211,-6.63551,17238.6,194.391,1,2,3,4,5,0
195,67,494.309,322.423,2.71379,2.08901,386.62,83.2462,-2.46913,-3.54619,13337.6,166.645,1,2,3,4,5,0
195,68,495.137,323.483,2.44609,2.33603,270.282,97.4684,-2.87455,0.0538381,9464.74,151.621,,,,,,0
196,49,118.847,97.585,2.0466,2.08589,304.975,104.932,1.44827,-2.57642,8118.8,154.03,1,2,3,4,5,0
196,50,115.846,98.3481,2.51204,2.52595,283.72,91.8688,-1.39781,0.117935,10732.5,158.808,1,2,3,4,5,0
196,51,112.844,99.1112,2.97748,2.96601,262.465,78.8053,-4.24388,2.81229,13346.1,163.586,1,2,3,4,5,0
196,52,111.005,98.9133,2.38139,2.41956,219.556,101.651,-2.21266,4.84344,7761.35,143.757,1,2,3,4,5,0
196,53,109.417,99.2749,1.55522,1.79217,339.617,112.662,-2.02914,3.13974,5942.05,147.633,1,2,3,4,5,0
196,54,108.84,100.124,1.85108,2.16916,302.649,96.6229,1.53362,2.8503,7586.55,146.426,1,2,3,3,4,0
196,55,110.02,100.306,1.89761,2.10873,278.159,105.385,-0.391568,4.05847,6596.56,147.26,1,2,2,3,4,0
196,56,111.2,100.489,1.94413,2.0483,253.669,114.148,-2.31675,5.26663,5606.57,148.095,1,1,2,3,4,0
196,57,111.092,100.37,2.02359,2.4651,255.133,99.2908,-3.29283,4.50937,7489.06,145.488,1,1,2,3,4,0
196,58,110.984,100.252,2.10305,2.88191,256.596,84.4341,-4.26891,3.7521,9371.55,142.882,1,2,2,3,4,0
196,59,111.502,98.9891,2.03171,1.83922,281.835,89.2818,-4.03531,3.98919,6586.31,121.385,1,2,2,3,4,0
196,60,111.126,98.7779,2.48502,2.48838,251.897,73.3175,-0.624233,2.62165,9489.09,131.095,1,2,2,3,4,0
196,61,110.623,98.236,2.14759,2.16822,290.285,100.877,4.09819,6.10208,8028.49,146.201,1,2,3,4,4,0
196,62,111.392,97.0991,1.97832,2.5159,218.224,80.4555,3.07926,4.72807,6694.63,123.337,1,2,3,4,5,0
196,63,113.108,95.5129,2.34427,2.6433,254.228,69.6303,2.5041,3.92169,9558.08,129.592,1,2,3,3,4,0
196,64,112.896,95.841,1.48761,1.76499,302.201,110.951,4.54152,-1.09612,4982.36,141.32,1,2,2,3,4,0
196,65,112.194,95.6846,1.74386,1.78238,264.342,94.759,2.78887,-0.463873,5155.73,127.556,1,2,3,3,4,0
196,66,113.319,94.4705,1.99079,1.47067,254.26,104.711,4.29103,2.04136,4664.81,130.834,1,2,3,3,4,0
196,67,114.1,95.5356,1.95608,1.69568,263.028,89.7022,1.28254,-0.856601,5472.18,121.722,1,2,2,3,4,0
196,68,114.881,96.6007,1.92137,1.92068,271.796,74.693,-1.72596,-3.75456,6279.56,112.609,1,2,2,3,4,0
196,69,114.096,96.8875,2.5138,2.37505,255.674,52.8538,-2.95756,-0.0646717,9330.33,112.201,1,2,2,3,4,0
196,70,114.036,97.0026,3.39371,2.12387,214.767,68.9326,-3.54843,0.0491312,8609.5,121.521,1,2,2,3,4,0
196,71,112.588,97.0994,1.94868,2.12836,223.279,82.6564,-2.15373,0.894717,5779.06,118.716,1,1,2,3,4,0
196,72,112.53,96.8974,2.31524,2.61174,223.365,74.2303,-0.673204,3.10066,8392.54,124.195,,,,,,0
197,49,304.27,80.1578,2.84526,1.91439,287.859,154.832,1.06097,2.68245,9493.39,214.201,1,2,3,4,5,0
197,50,304.564,81.0275,2.67625,1.46093,398.992,165.923,6.90848,4.86773,9545.25,228.041,1,2,3,4,5,0
197,51,308.378,81.9068,3.19937,2.78035,288.877,140.165,9.29408,9.29533,16708.7,236.107,1,2,3,4,5,0
197,52,308.027,81.6174,2.11853,0.6872,374.341,206.334,4.07173,9.03132,3410.19,222.675,1,2,3,4,5,0
197,53,307.621,85.489,1.63778,1.9461,379.557,253.993,9.00391,1.40168,6320.6,293.994,1,2,3,4,5,0
197,54,309.383,83.8065,1.79335,2.39172,354.356,254.493,4.62458,10.5852,8680.03,305.92,1,2,3,4,5,0
197,55,311.145,82.1241,1.94892,2.83733,329.156,254.992,0.245252,19.7687,11039.4,317.846,1,2,3,4,5,0
197,56,311.438,81.4044,2.30413,2.61376,290.844,243.978,-2.21631,16.5944,10756.5,307.213,1,2,3,4,5,0
197,57,311.732,80.6847,2.65934,2.39019,252.531,232.964,-4.67786,13.4201,10473.6,296.58,1,2,3,4,5,0
197,58,312.463,82.4424,3.43648,2.26736,248.915,246.598,-8.96614,12.9766,10276.2,302.689,1,2,3,4,5,0
197,59,313.195,84.2002,4.21362,2.14453,245.298,260.231,-13.2544,12.5331,10078.8,308.799,1,2,3,4,5,0
197,60,315.758,83.9608,2.23137,1.75718,316.658,227.712,-23.1561,15.1548,9330.28,277.834,1,2,3,4,5,0
197,61,316.142,83.8582,2.04312,1.93612,356.288,201.624,-20.5127,7.762,8821.04,245.609,1,2,3,4,5,0
197,62,315.435,85.2637,1.80594,2.10471,370.076,182.374,-9.18408,-6.87447,8760.51,228.476,1,2,3,4,5,0
197,63,314.729,86.6692,1.56876,2.27331,383.865,163.124,2.14455,-21.5109,8699.98,211.343,1,2,2,3,4,0
197,64,315.374,86.144,1.92451,2.42576,333.352,176.785,10.3397,-20.3471,9633.13,227.272,1,2,2,3,4,0
197,65,315.683,85.819,1.74183,2.95685,423.328,117.413,1.10095,-21.4724,12843.9,203.935,1,2,2,3,4,0
197,66,316.207,85.3507,1.80493,1.99328,412.931,78.1809,-3.83273,-1.24767,10648.8,136.704,1,2,2,3,4,0
197,67,316.913,85.4555,2.26935,2.14105,391.062,61.5144,-4.76385,0.0448797,12081.7,135.485,1,2,2,3,4,0
197,68,317.834,85.3613,1.90787,2.05667,413.441,77.2092,-6.2517,-4.12868,10139.9,133.639,1,2,3,4,5,0
197,69,318.22,86.3825,2.29696,1.88423,344.608,86.9708,-1.25019,-6.30625,9274.22,142.183,1,2,3,4,5,0
197,70,315.887,86.838,2.4628,2.09313,252.171,78.4178,4.71257,-1.96516,8020.07,123.917,1,2,3,4,5,0
197,71,315.501,86.1455,2.76343,1.87745,266.604,73.0393,0.990531,-0.247784,8404.92,122.391,1,2,3,4,5,0
197,72,318.714,86.2051,1.63524,2.09367,301.509,74.1719,-2.13977,-2.09067,6460.66,108.864,,,,,,0
198,50,329.137,173.802,2.5182,2.44037,359.31,99.6935,-5.3239,5.41417,13457.7,181.438,1,1,2,3,4,0
198,51,328.828,173.347,1.9109,2.1604,404.608,121.099,-6.10208,2.11104,10419.4,190.432,1,2,2,3,4,0
198,52,328.691,172.696,2.56995,2.25438,367.795,85.0369,-5.08604,-2.85286,13363.1,171.982,1,2,3,4,5,0
198,53,329.602,173.714,2.80823,1.79093,295.145,87.0259,-3.00825,-4.21589,9019.26,142.751,1,2,3,4,5,0
198,54,332.167,176.052,2.392,2.12664,327.612,93.7664,-0.597319,-3.86764,9915.63,152.467,1,2,3,4,5,0
198,55,334.732,178.391,1.97577,2.46234,360.08,100.507,1.81362,-3.5194,10812,162.183,1,2,3,4,5,0
198,56,334.175,177.688,1.8596,1.60172,479.387,112.249,0.385362,1.78444,8959.71,164.438,1,2,3,4,5,0
198,57,330.746,177.62,3.47391,2.37528,305.149,107.321,-10.3447,-1.65597,14333.9,195.71,1,2,3,4,5,0
198,58,330.662,177.62,2.88533,2.29435,467.786,77.1635,-12.0238,-7.30144,19460.4,198.538,1,2,3,4,5,0
198,59,331.378,176.993,2.23617,2.42954,397.242,96.6001,-3.55213,-0.397457,14176.7,179.976,1,2,3,4,5,0
198,60,331.2,178.497,1.40694,2.76173,225.702,159.549,-3.96731,1.67598,4808.56,185.994,1,2,3,4,5,0
198,61,331.821,183.421,1.53511,1.87435,474.841,169.187,-8.80359,-8.36264,8570.54,215.408,1,2,3,4,5,0
198,62,329.192,186.446,1.91929,2.10432,534.054,186.008,-5.19103,-8.39102,13464.3,265.852,1,2,3,4,5,0
198,63,327.05,187.331,2.56027,2.26796,625.564,173.969,-2.27491,9.23972,22796.8,316.243,1,2,3,4,5,0
198,64,325.952,188.652,2.19614,2.47009,731.664,152.561,-2.86539,3.75239,24408.9,302.213,1,2,3,4,5,0
198,65,323.561,188.116,1.83453,2.16665,761.739,182.03,-0.420208,0.222651,18899.9,290.254,1,2,3,4,5,0
198,66,324.276,188.382,1.64266,2.01565,460.58,201.249,-2.22773,7.83706,8360.74,250.692,1,2,3,4,5,0
198,67,323.532,191.935,1.89722,3.25644,364.8,180.016,2.62853,-2.46352,13035.7,254.586,1,2,3,4,5,0
198,68,322.712,191.405,1.97312,2.25826,837.69,140.286,-0.44967,2.91786,23201.6,280.692,1,2,3,4,5,0
198,69,322.785,191.689,2.51667,2.64158,558.266,152.955,-2.37238,4.40799,22063.6,284.302,1,2,3,4,5,0
198,70,320.815,191.649,2.54099,2.34283,610.805,136.853,0.297912,-0.566777,22449.9,267.852,1,2,3,4,5,0
198,71,317.101,191.047,2.23448,2.63537,444.86,132.69,7.58611,0.794656,15229,218.041,1,2,3,4,5,0
198,72,318.375,194.099,1.93104,2.02673,381.038,125.393,5.5326,0.39146,9324.48,177.675,1,2,3,4,5,0
198,73,321.698,195.994,1.87128,1.99306,408.678,150.74,8.63254,1.44329,9118.6,198.893,1,2,3,4,5,0
198,74,321.275,197.183,1.34928,1.49348,555.135,182.869,14.8866,3.10383,7078.23,218.864,1,2,3,4,5,0
198,75,319.43,198.855,2.15803,2.24467,507.592,116.811,6.61984,-0.825427,15247.8,208.698,1,2,3,4,5,0
198,76,320.958,199.453,1.80634,2.25958,466.162,116.982,6.17934,-5.95063,11275.5,178.799,1,2,3,4,5,0
198,77,323.573,199.957,1.73937,2.36892,484.857,146.134,10.504,-3.87608,12365.9,210.722,1,2,3,4,5,0
198,78,324.217,201.511,2.2468,2.20648,621.413,122.699,10.8885,-7.45671,19407,239.367,1,2,3,4,5,0
198,79,325.005,202.135,2.29626,1.64294,551.786,146.091,9.91981,4.05162,12966.3,228.325,1,2,3,4,5,0
198,80,325.314,203.908,2.43798,1.9688,512.035,173.057,22.8596,11.7002,16765.9,277.373,1,2,3,4,5,0
198,81,323.804,205.297,2.51148,1.72961,626.33,190.698,19.3221,-0.690172,16759.7,282.84,1,2,3,4,5,0
198,82,322.122,204.217,2.57211,1.7703,558.523,158.995,17.0591,4.32423,15085.5,257.822,1,2,3,4,5,0
198,83,321.176,203.936,2.04774,1.81703,589.314,167.476,14.478,0.912978,13111.8,246.462,1,2,3,4,5,0
198,84,322.551,202.749,1.54737,2.03662,435.359,190.426,11.5226,2.95483,9290.66,236.533,1,2,3,4,5,0
198,85,323.686,200.663,2.03562,2.20349,468.972,182.756,9.20784,14.0425,13087.2,254.87,1,2,3,4,5,0
198,86,318.741,200.796,3.71947,2.17256,264.409,123.561,12.4259,0.473347,11858.3,191.74,1,2,3,4,5,0
198,87,317.199,199.708,2.37244,2.43544,567.243,74.1285,-0.504403,1.5213,20088.1,196.55,1,2,3,4,5,0
198,88,315.079,202.369,2.27197,2.00641,447.595,85.2944,3.73669,-0.208839,12586.8,160.473,1,2,3,4,5,0
198,89,314.319,203.13,2.30271,2.22938,484.352,70.4445,-0.650432,-0.13594,15373.6,161.367,1,2,3,4,5,0
198,90,314.071,202.968,2.16796,1.93191,615.131,94.9103,-1.01906,1.54591,16075.4,190.852,1,2,3,4,5,0
198,91,315.663,202.347,2.99025,2.16076,474.86,102.153,3.4462,2.67775,19697.6,221.479,1,2,3,4,5,0
198,92,318.851,202.414,3.79573,2.45232,564.629,105.309,-5.62578,-3.41325,28921.6,282.396,1,2,3,4,5,0
198,93,318.614,201.565,2.78799,3.12886,902.335,95.0482,0.925703,-10.0872,44664,368.148,1,2,3,4,5,0
198,94,318.977,198.882,2.49144,2.59064,715.275,163.718,0.545516,4.39539,28341,326.899,1,2,3,4,5,0
198,95,317.16,198.122,2.42715,2.16286,545.713,177.048,6.37439,8.29266,17319.9,284.308,1,2,3,4,5,0
198,96,313.997,199.06,1.98433,2.00121,469.591,177.262,11.4087,5.15459,11445.5,239.254,1,2,3,4,5,0
198,97,312.51,199.624,2.4503,1.87295,462.801,169.763,14.1942,12.748,13126.3,250.444,1,2,3,4,5,0
198,98,313.315,201.11,2.9363,3.44577,693.049,61.0991,0.587398,-10.2724,38834,299.97,1,2,3,4,5,0
198,99,315.696,201.119,1.56419,2.61043,720.107,143.803,-1.5311,-7.24263,18086.8,243.095,1,2,3,4,5,0
198,100,316.378,202.217,2.70989,2.72889,554.231,70.7188,1.91003,-5.71286,24356,220.047,1,2,3,4,5,0
198,101,316.496,202.618,2.25431,2.21566,498.887,104.608,3.87392,-1.65646,15409.3,192.959,,,,,,0
199,51,29.2229,100.318,2.12108,2.13141,214.712,88.6755,-0.171817,2.71249,6041.4,121.467,1,2,2,3,4,0
199,52,29.5369,101.036,2.18491,2.29684,215.502,89.6066,-3.6855,0.0603071,6701.26,127.142,1,2,2,3,4,0
199,53,29.8509,101.753,2.24874,2.46228,216.293,90.5378,-7.19919,-2.59188,7361.12,132.817,1,2,2,3,4,0
199,54,29.9858,102.348,2.1683,2.54089,294.424,96.7123,-4.64113,-3.81835,9950.58,154.988,1,2,3,4,5,0
199,55,29.9464,105.313,1.50377,1.56105,360.415,166.501,-13.1652,-1.25604,5321.86,193.006,1,2,3,4,5,0
199,56,27.8827,106.397,2.35722,2.24721,453.483,141.139,-12.1252,-12.8624,14820,232.491,1,2,3,4,5,0
199,57,26.5425,106.278,2.86764,2.5006,382.059,112.901,6.73734,-11.025,16321.8,216.331,1,2,3,4,5,0
199,58,25.3358,107.076,2.14085,2.06676,377.402,104.873,5.8327,-6.98078,10975.4,169.503,1,2,3,4,5,0
199,59,25.2387,107.526,2.2409,2.18276,401.455,101.248,-3.19725,-3.89849,12584.2,174.876,1,2,3,4,5,0
199,60,23.7727,108.894,2.21824,2.18502,338.623,126.764,-4.87062,-11.7452,10185.9,196.787,1,2,3,4,5,0
199,61,21.1256,111.287,1.0194,3.02506,276.809,155.358,-0.679311,-12.2674,4668.98,178.811,1,2,3,4,5,0
199,62,20.1988,114.598,2.16335,2.36819,377.102,112.262,-3.18851,-8.57638,11931.3,182.053,1,2,3,4,5,0
199,63,20.1457,118.204,1.96076,1.8893,435.332,127.854,0.301358,-5.49556,10097.9,188.018,1,2,3,4,5,0
199,64,15.3253,118.251,2.70202,2.71581,318.05,66.057,3.41202,2.15204,15204.4,157.976,1,2,3,4,5,0
199,65,15.2436,117.892,1.69665,1.78462,651.838,113.76,-1.96098,2.11434,12387.9,184.834,1,2,3,4,5,0
199,66,15.248,119.382,1.97604,2.17518,502.46,104.522,-0.967046,-3.74752,13455.3,182.521,1,2,3,4,5,0
199,67,14.4549,118.594,2.97099,2.75827,395.899,43.7768,-0.4152,-2.86561,19308.5,162.249,1,2,3,4,5,0
199,68,13.5358,118.21,3.03206,2.63271,411.847,43.5324,-1.5164,-3.43187,19617.8,167,1,2,3,4,5,0
199,69,11.3338,116.812,2.64445,2.51221,348.291,72.6373,-0.793485,0.821901,14527.3,162.24,1,2,3,4,5,0
199,70,9.13185,115.413,2.25684,2.39171,284.734,101.742,-0.0705703,5.07567,9436.73,157.479,1,2,3,4,5,0
199,71,9.2044,115.912,2.41771,2.95873,242.641,94.6696,-2.37214,2.03239,10318.1,154.905,1,2,3,4,5,0
199,72,10.1363,114.706,2.34054,2.30113,258.098,113.182,-0.71937,1.41853,8330.73,161.855,1,2,3,4,5,0
199,73,11.0681,113.5,2.26338,1.64352,273.556,131.694,0.933397,0.804666,6343.33,168.805,1,2,3,4,5,0
199,74,13.9291,113.916,2.21067,2.80588,408.592,87.8912,-1.68483,-0.463476,15324.5,180.87,1,2,3,4,5,0
199,75,12.4296,111.603,1.88526,2.69479,394.155,104.423,-2.45903,-3.96524,12224.9,181.491,1,2,3,4,5,0
199,76,9.95706,110.948,2.36146,3.11917,660.849,116.405,-1.47801,-10.4241,28647.6,289.426,1,2,3,4,5,0
199,77,8.34961,109.665,1.83833,2.67067,411.542,152.644,8.30796,6.75724,12446.8,220.225,1,2,2,3,4,0
199,78,8.21238,110.03,1.76463,2.35768,381.558,155.441,11.4796,5.79101,9864.86,220.154,1,2,2,3,4,0
199,79,9.12562,109.032,1.84263,2.18725,489.288,144.79,9.06652,6.84868,12328.3,220.704,1,2,2,3,4,0
199,80,8.99435,109.249,2.01985,2.60876,504.383,95.6574,1.44324,-1.61112,16300.3,191.13,1,2,2,3,4,0
199,81,8.38332,109.93,1.9797,2.32789,472.165,87.9509,3.65512,-2.18127,13548.7,165.976,,,,,,0
200,51,70.5083,130.277,1.70276,2.39955,314.758,151.219,12.5758,-14.3604,8317.24,196.331,1,2,3,4,5,0
200,52,67.2711,129.824,1.88776,2.13142,371.357,121.182,-4.4111,-9.95824,9331.64,175.751,1,2,3,4,5,0
200,53,65.0924,129.439,2.41393,2.6092,481.215,121.261,-2.95471,-12.4926,16928.9,220.414,1,2,3,4,5,0
200,54,65.0168,129.332,2.25277,2.72862,533.874,110.335,-2.8196,-12.565,19893.6,228.112,1,2,3,4,5,0
200,55,64.5682,127.906,2.28293,2.86878,575.328,112.535,-6.79019,-12.6144,22621,255.101,1,2,3,4,5,0
200,56,59.7945,121.542,2.32758,2.14069,541.527,156.448,14.9668,13.2349,16696,257.266,1,2,3,4,5,0
200,57,60.2113,121.224,2.69042,1.69259,566.788,128.336,6.85828,-1.53972,15268.6,221.964,1,2,3,4,5,0
200,58,60.6634,119.637,1.81485,2.25546,528.285,112.95,3.25175,-1.69084,13538.9,192.905,1,2,3,4,5,0
200,59,60.6241,115.892,2.28585,2.36286,452.53,81.3532,4.92562,-2.97752,14255.8,168.893,1,2,3,4,5,0
200,60,61.5228,114.548,2.24123,2.17521,483.8,69.3796,-2.63229,-3.96731,14992.6,155.988,1,2,3,3,4,0
200,61,62.1468,113.689,2.13183,2.25366,590.122,76.9564,-2.31042,-1.63407,17299.6,182.308,1,2,2,3,4,0
200,62,61.8124,113.779,2.03134,1.84192,590.377,87.1649,1.29173,-3.91414,13572.1,165.249,1,2,2,3,4,0
200,63,60.5878,114.01,2.24232,2.69209,386.416,80.022,-1.71473,-7.27173,14176.7,161.538,1,2,2,3,4,0
200,64,60.8547,113.957,2.04495,2.30608,400.134,106.93,-3.31209,-6.91514,11253.7,167.006,1,2,2,3,4,0
200,65,61.4281,114.499,1.83724,2.22387,613.512,84.9797,2.66726,-2.77875,15767.6,175.692,1,2,3,4,5,0
200,66,62.5342,115.777,1.70914,2.1244,538.113,115.194,1.30915,-9.16699,12097.4,184.704,1,2,3,4,5,0
200,67,64.9167,115.367,2.0818,1.96192,807.751,116.805,0.928515,-8.30244,20604.5,235.479,1,2,3,4,5,0
200,68,64.2751,114.685,1.37365,2.16284,899.112,150.569,2.35773,-0.182106,15153.7,232.101,1,2,2,3,4,0
200,69,63.424,114.288,2.09651,2.24019,693.105,86.6311,-2.03675,-3.08297,20141.9,210.136,1,1,2,3,3,0
200,70,63.3234,114.567,1.93944,2.45312,614.846,70.1605,-0.792265,-7.84981,18603.4,181.124,1,1,2,2,3,0
200,71,63.7048,114.447,1.93865,2.49156,619.792,66.3207,-0.332879,-6.26746,18576.7,178.769,1,2,3,4,5,0
200,72,63.2269,112.019,2.47949,2.10435,283.459,78.1866,1.63764,-0.825501,9115.35,131.142,1,2,3,4,5,0
200,73,59.6941,112.484,2.43537,2.05213,254.362,74.6103,-1.41824,-1.72415,7894.47,122.982,1,2,3,4,5,0
200,74,56.1613,112.949,2.39125,1.9999,225.265,71.034,-4.47412,-2.62279,6673.6,114.822,1,2,3,4,5,0
200,75,54.696,112.633,2.47666,1.97415,380.337,72.9443,-0.584674,-5.90046,11460.3,143.207,1,2,3,4,5,0
200,76,57.0405,112.58,1.91412,1.68726,301.4,87.9732,0.612608,0.785246,6103.99,122.349,1,2,3,4,5,0
200,77,58.6937,114.478,2.1034,2.23551,402.57,81.8855,-3.3957,0.557624,11745.7,149.154,1,2,3,4,5,0
200,78,59.5594,114.67,2.2177,2.05842,386.857,111.216,0.153105,-6.59385,10916.9,175.018,1,2,3,4,5,0
200,79,61.9859,113.98,1.67339,2.19003,1028.48,138.624,-4.81955,-11.0408,23527.3,279.982,1,2,1,1,1,0
200,80,62.0934,114.16,2.03296,2.05278,694.436,98.9551,2.44901,-8.3682,18097,202.065,1,2,3,4,5,0
200,81,61.6985,114.389,2.22486,2.20876,544.056,93.123,1.03299,-9.46083,16564.2,193.42,1,2,3,4,5,0
200,82,59.6633,114.563,2.34278,2.46201,361.109,67.9731,-1.89159,-4.94662,13207.5,144.615,1,2,3,4,5,0
200,83,58.2277,114.474,2.42383,2.6257,388.147,53.467,-0.568733,-1.28148,14744.6,143.627,1,2,3,4,5,0
200,84,59.5693,112.146,2.33469,2.90501,265.969,55.0455,0.791814,1.51215,10783.1,124.42,1,2,3,4,5,0
200,85,62.6476,112.498,2.51366,2.05671,214.331,83.2872,0.21989,-5.37784,6200.62,117.615,1,2,3,4,5,0
200,86,66.1366,113.883,2.12711,2.18767,455.664,109.282,-1.97858,-7.3111,13186.9,189.538,1,2,3,4,5,0
200,87,66.6888,113.903,2.12119,2.43548,460.804,119.169,5.82011,-7.49055,14927.3,207.68,1,2,3,4,5,0
200,88,66.3583,115.422,1.97537,2.54772,397.691,122.692,5.97658,-8.93093,12300.9,191.509,1,2,3,4,5,0
200,89,65.9374,115.839,1.66379,1.95544,639.691,120.828,1.37716,-13.2636,13495.4,206.284,1,2,3,4,5,0
200,90,65.5429,115.853,2.12537,1.93314,501.518,131.858,7.6602,-12.0575,12229.7,209.538,1,2,3,4,5,0
200,91,64.5213,117.552,2.02365,2.00211,413.44,91.6904,-1.93966,-3.38059,10661.2,155.243,1,2,3,4,5,0
200,92,62.4527,120.311,2.63752,2.94865,519.461,45.2082,-1.9729,-7.19965,23730.8,189.994,1,2,3,4,5,0
200,93,61.6675,121.167,1.98014,2.31817,546.355,107.274,1.86514,-11.1896,14654.6,188.621,1,2,3,4,5,0
200,94,61.3308,122.279,2.06942,1.99184,571.034,93.6624,-1.78973,-8.03546,14694.6,175.675,1,2,3,4,4,0
200,95,60.5679,122.598,2.38378,2.12546,636.911,93.3689,2.13158,-6.05031,19759.9,211.686,1,2,3,4,5,0
200,96,60.0899,121.785,1.97725,2.01449,668.744,110.552,3.9338,-6.09082,16608.6,206.391,1,2,3,4,5,0
200,97,60.189,119.816,2.18815,2.21421,485.407,102.233,-2.76149,0.0870896,14663.9,184.781,1,2,3,4,5,0
200,98,59.1099,118.694,2.25209,2.28021,558.62,63.6082,-2.15812,-0.887963,17559.4,171.87,1,1,2,3,4,0
200,99,58.7813,119.28,2.23774,2.55335,453.17,60.593,-0.810313,-6.36546,16243.1,159.45,1,1,2,2,3,0
200,100,59.256,119.168,2.14954,2.17338,431.477,93.0312,-2.12872,-4.4087,12329.1,164.657,1,1,2,2,2,0
200,101,58.8209,119.275,2.01302,1.96176,549.848,94.6093,4.15754,-3.02319,12944.1,170.775,,,,,,0
201,51,212.637,276.485,1.62383,1.81658,773.757,170.262,-4.42406,-2.6818,14320.5,251.84,1,2,3,4,5,0
201,52,213.274,275.325,2.43869,2.67339,713.484,118.03,2.20057,-7.38323,28028.3,284.272,1,2,3,4,5,0
201,53,214.3,274.036,2.03943,2.30208,314.639,157.289,6.23949,-7.04311,9171.42,200.355,1,2,3,4,4,0
201,54,213.61,273.293,2.19506,2.02913,351.731,129.995,1.61874,-4.78447,9573.32,183.03,1,2,3,4,5,0
201,55,212.92,272.551,2.35068,1.75617,388.823,102.701,-3.00201,-2.52583,9975.22,165.704,1,2,3,4,5,0
201,56,212.579,271.916,2.50634,2.60575,452.667,98.9336,-1.64047,-4.61748,17875.7,206.361,1,2,3,4,5,0
201,57,215.456,274.71,2.18709,3.02624,311.382,160.623,-15.0559,-15.9729,11650.2,230.432,1,2,3,4,5,0
201,58,214.603,275.256,2.3539,2.92244,463.659,139.049,-7.98206,-15.1117,18896.4,255.009,1,2,3,4,5,0
201,59,213.75,275.803,2.5207,2.81864,615.936,117.475,-0.908214,-14.2505,26142.6,279.586,1,2,3,4,5,0
201,60,211.804,274.552,3.43348,2.52989,667.235,157.125,2.41309,-5.43114,32405.7,356.888,1,2,3,4,5,0
201,61,210.951,274.844,2.46029,2.44128,836.154,178.234,-4.91181,-13.3684,31070.9,369.444,1,2,3,4,5,0
201,62,210.429,275.057,2.00404,1.76397,785.57,222.868,-14.2099,-24.4263,17386.8,317.479,1,2,3,4,5,0
201,63,214.769,272.138,2.28733,1.86708,288.488,125.207,-14.3913,1.53521,8105.95,177.071,1,2,3,4,5,0
201,64,218.584,273.047,1.68088,1.85367,258.834,162.736,7.60592,-17.0318,5072.7,189.124,1,2,3,4,5,0
201,65,219.743,274.37,1.57491,1.72089,325.811,130.206,1.7902,-4.2848,5548.05,157.225,1,2,3,4,5,0
201,66,218.945,275.534,2.00762,2.4128,546.609,96.4118,0.888552,-0.110962,16363.1,189.107,1,2,3,4,5,0
201,67,218.799,274.676,2.58677,3.081,591.489,55.1601,-3.05974,0.0373495,28264.8,229.361,1,2,3,4,5,0
201,68,216.997,274.246,1.74079,1.74976,727.165,155.069,-0.243163,-0.567321,13902.1,232.26,1,2,3,4,5,0
201,69,215.782,275.815,2.20501,2.63638,551.21,103.775,1.82151,-7.35385,19609.4,223.941,1,2,3,4,5,0
201,70,213.649,276.263,2.57875,2.35481,414.232,117.334,-6.83246,-8.05531,15143.8,208.917,1,2,3,4,5,0
201,71,211.343,275.848,2.82252,2.57265,429.045,143.542,-5.84835,-2.73539,18333.2,257.331,1,2,3,4,5,0
201,72,209.827,279.257,2.02911,2.54495,374.851,159.652,-2.61029,-18.3079,11912.7,238.982,,,,,,0
202,52,251.011,50.0655,2.25683,1.78424,528.987,100.914,-0.390227,-2.14274,13276.5,176.911,1,2,3,4,5,0
202,53,252.194,54.1331,1.56848,2.38906,262.611,105.775,2.06952,-4.08687,6110.98,136.036,1,2,3,4,5,0
202,54,252.4,55.4913,2.1533,2.08086,410.057,78.5275,2.41613,-6.38914,11426.1,149.231,1,2,3,4,5,0
202,55,251.197,55.0294,2.7102,2.30344,438.83,92.2618,2.68352,-7.289,15956.7,182.065,1,2,3,4,5,0
202,56,252.491,53.634,2.35268,2.19272,531.045,89.7712,-1.62205,-1.49982,16782.3,190.166,1,2,3,4,5,0
202,57,253.605,52.87,1.91092,2.1795,704.422,90.7567,0.697271,-5.30933,18442.7,202.03,1,2,3,4,5,0
202,58,253.786,52.4958,1.96601,2.32078,616.408,100.973,0.17559,-6.16539,17442.3,202.302,1,2,3,4,5,0
202,59,251.886,52.5097,2.33216,2.04504,328.727,101.246,0.801345,-3.14006,9519.1,160.059,1,2,3,4,5,0
202,60,250.385,53.9177,2.20073,1.99845,555.691,110.847,-6.33367,1.14271,14085,193.373,1,2,3,4,5,0
202,61,250.577,54.0283,2.20143,1.93281,641.542,81.6124,-0.791874,-7.06377,16844.3,180.219,1,2,3,4,4,0
202,62,250.056,52.534,2.10649,1.99782,565.463,99.2036,1.80443,-7.92795,14845.3,184.763,1,1,2,3,4,0
202,63,249.66,51.9565,2.17788,2.08306,620.752,98.0836,-0.59491,-6.95895,17808.7,205.71,1,1,1,1,1,0
202,64,249.843,51.8955,2.20167,2.20581,568.206,105.383,-3.45568,-4.95326,17126.5,206.538,1,1,1,1,1,0
202,65,249.782,52.1634,2.12819,2.37961,619.268,95.428,-2.6648,-4.83195,19392.2,212.799,1,1,1,1,1,0
202,66,249.979,52.3719,2.02619,2.09956,657.643,104.027,-1.16127,-6.72269,17450.7,208.976,1,1,1,1,1,0
202,67,249.669,52.6462,1.81494,2.13589,594.452,96.8352,3.19304,-9.4113,14390,184.822,1,1,1,1,1,0
202,68,249.683,52.1202,2.19861,2.35879,575.586,83.9225,0.778568,-5.24019,18700.9,197.16,1,1,1,1,1,0
202,69,249.818,51.9546,2.10885,2.29586,555.592,107.329,-0.641006,-9.58005,16688.1,206.882,1,1,1,1,1,0
202,70,249.762,52.0147,1.89612,2.00691,675.487,128.119,0.239259,-8.85029,16085.9,219.266,1,1,1,1,1,0
202,71,249.618,52.1586,2.32171,2.6127,610.586,93.368,-3.91217,-2.64196,22822.6,230.964,1,1,1,1,1,0
202,72,249.827,52.304,2.33926,2.412,629.219,75.6348,1.32501,-3.31883,21799.2,211.396,1,1,1,1,1,0
202,73,250.025,52.5099,2.19976,2.55553,555.141,86.125,-1.39427,-8.25727,19323.7,201.331,1,1,1,1,1,0
202,74,249.795,52.4496,2.17723,2.74921,533.181,81.7824,-0.839553,-7.80522,19334.7,197.249,1,1,1,1,1,0
202,75,249.963,52.181,2.10542,2.66289,566.421,80.2871,-0.621628,-4.22589,19100.9,195.598,1,1,1,1,1,0
202,76,250.235,51.8585,2.36986,2.69977,684.342,66.2282,-2.83349,-0.96298,26639.8,229.864,1,1,1,1,1,0
202,77,249.911,51.5323,2.21446,2.6117,645.047,81.5646,-1.45866,-3.25968,22758.8,218.568,1,1,1,1,1,0
202,78,249.777,51.5946,1.81024,2.17004,653.865,93.4296,0.106131,-0.710075,15164.2,181.609,1,1,1,1,1,0
202,79,249.841,52.0125,1.92956,2.3491,610.137,80.1075,-2.61215,-2.86995,17172.1,178.195,1,1,1,1,1,0
202,80,250.045,51.9683,2.5219,2.56821,611.332,59.4399,-3.40756,-7.98986,24006.1,207.882,1,1,1,1,1,0
202,81,250.002,51.8561,2.31415,2.35297,622.257,70.8665,0.662579,-6.20456,20880,198.136,1,1,1,1,1,0
202,82,250.048,51.853,2.14592,1.9907,638.544,82.8024,-1.3398,-4.78117,17016.4,186.059,1,1,1,1,1,0
202,83,250.142,51.7539,1.89445,1.64656,677.215,116.113,-1.54414,-4.59689,13251.1,189.213,1,1,1,1,1,0
202,84,249.829,51.9051,2.04521,1.98509,613.439,100.461,-2.25746,-6.39778,15563.5,188.834,1,1,1,1,1,0
202,85,250.204,51.8001,2.42565,2.24889,590.74,72.3286,-3.88969,-3.0367,20058.6,196.533,1,1,1,1,1,0
202,86,250.014,52.0358,2.31442,2.20614,657.224,81.363,-6.1029,-8.12191,20768,202.219,1,1,1,1,1,0
202,87,249.638,51.8316,2.25085,2.35171,638.5,98.4313,-3.59275,-11.4016,20767.6,230.604,1,1,1,1,1,0
202,88,249.736,51.7915,2.24911,2.26558,611.172,101.258,-0.87807,-8.39614,19137.3,217.284,1,1,1,1,1,0
202,89,249.75,51.6067,2.22294,2.31933,637.99,86.7674,-0.378933,-3.38154,20317.7,204.686,1,1,1,1,1,0
202,90,249.827,51.9585,2.04426,2.19171,639.98,96.5758,-2.88067,-6.77086,17856.3,202.621,1,1,1,1,1,0
202,91,250.114,51.5729,2.25053,2.25726,543.347,113.775,-4.51996,-0.166797,16733.4,210.905,1,1,1,1,1,0
202,92,249.983,51.3758,2.21683,2.2021,619.173,104.252,0.466573,-0.956322,18743.9,210.663,1,1,1,1,1,0
202,93,249.6,51.7539,2.47931,2.18891,670.979,105.569,3.80382,-7.73033,23156.3,244.592,1,1,1,1,1,0
202,94,249.488,51.6531,2.21292,2.2959,572.471,91.3331,9.66587,-15.0021,19293.5,206.42,1,1,1,1,1,0
202,95,249.813,51.3609,1.97227,2.38419,597.927,78.2648,1.38597,-7.07172,17412,178.148,1,1,1,1,1,0
202,96,249.755,51.4738,2.3668,2.2625,605.563,57.952,0.623031,-2.80795,20365.4,179.988,1,1,1,1,1,0
202,97,249.904,51.4587,2.34376,2.36049,716.419,59.1256,-1.62017,1.32367,25880.8,214.775,1,1,1,1,1,0
202,98,249.895,51.5084,2.17132,2.0468,721.737,76.0289,2.09446,-1.21658,20101.3,194.604,1,1,1,1,1,0
202,99,250.407,51.6804,2.11616,1.85936,686.743,100.521,-2.66019,-6.1775,16872.5,198.994,1,1,1,1,1,0
202,100,249.98,51.8595,2.3123,2.28017,592.394,74.0912,-1.19883,-5.51484,19291.8,190.822,1,1,1,1,1,0
202,101,250.006,51.7507,2.41843,2.35203,565.461,74.274,0.37823,-8.04872,19923.8,197.408,,,,,,0
203,52,311.933,146.187,2.01057,3.47199,231.03,149.029,-8.51144,-18.0009,9277.49,203.763,1,2,3,4,5,0
203,53,313.414,144.942,2.44824,2.70654,697.894,142.083,-20.115,-17.5633,27883.9,317.361,1,2,3,3,4,0
203,54,313.08,144.64,2.90937,2.94754,982.403,21.1909,-15.0248,-20.6072,55162.7,366.533,1,2,2,3,4,0
203,55,312.396,143.573,3.55149,3.32523,1023.56,-9.96484,-9.67521,-15.9914,66562.2,411,1,2,2,3,4,0
203,56,311.892,142.093,2.10557,2.2445,1029.81,205.708,-11.8322,2.41015,30239.3,388.657,1,2,2,3,4,0
203,57,312.349,142.092,1.97121,2.18651,948.725,219.507,-20.2901,-1.31168,23055.8,354.976,1,2,2,3,4,0
203,58,313.154,141.665,2.86176,3.50847,616.712,67.4136,-14.105,14.6837,35360.7,290.598,1,2,2,3,4,0
203,59,312.664,140.664,1.96949,2.21729,350.417,160.054,-2.26843,8.5892,9524.95,213.917,1,2,2,3,4,0
203,60,311.65,140.159,2.14549,1.85043,314.588,129.258,-1.86541,4.07469,7797.03,176.213,1,2,2,3,4,0
203,61,310.462,140.558,2.79736,2.18692,444.139,98.6959,1.55541,3.30403,16705.8,200.462,1,2,2,3,4,0
203,62,310.805,141.353,2.4423,2.1282,543.176,150.175,3.9363,-2.59009,16094.2,251.053,1,1,2,3,4,0
203,63,311.299,141.109,2.34009,1.99329,691.032,136.048,0.112502,0.0287583,19994.4,249.698,1,1,1,1,1,0
203,64,311.293,141.07,1.99628,2.21161,840.657,121.009,-5.47963,-2.71701,23916.9,262.296,1,1,1,1,1,0
203,65,311.512,141.04,1.89858,1.8905,646.369,120.416,-7.27236,0.692777,14171.1,200.527,1,1,1,1,1,0
203,66,311.783,140.898,1.96344,1.72007,598.931,113.676,-2.68321,-3.63734,12676.9,188.402,1,2,2,3,4,0
203,67,310.954,140.242,2.37746,2.29511,356.416,85.3251,3.15092,-4.02616,12970.9,171.746,1,2,3,4,5,0
203,68,310.141,140.33,2.35524,1.90787,339.905,104.941,-9.80048,-4.34819,9480.53,159.024,1,2,3,4,5,0
203,69,308.087,138.685,2.53587,1.91119,316.661,112.883,-8.45028,-1.43873,9402.74,164.467,1,2,3,4,5,0
203,70,306.033,137.04,2.7165,1.91452,293.417,120.825,-7.10008,1.47074,9324.96,169.911,,,,,,0
204,53,327.53,222.923,2.18012,2.5293,500.516,174.17,20.8678,13.1598,16581.4,278.911,1,2,3,4,5,0
204,54,328.585,224.46,2.99167,2.27411,452.349,179.292,22.9037,-0.631929,16889.4,285.402,1,2,3,4,5,0
204,55,329.64,225.997,3.80322,2.01892,404.183,184.415,24.9395,-14.4237,17197.3,291.893,1,2,3,4,5,0
204,56,328.626,226.516,1.84265,1.48093,550.554,187.032,13.1595,-16.8979,9429.61,234.799,1,2,3,4,5,0
204,57,327.943,227.157,1.5717,1.84217,528.821,151.973,3.70334,-12.2934,9609.51,203.521,1,2,3,4,5,0
204,58,327.296,227.993,1.87044,2.17638,451.851,126.943,-0.767885,-3.47366,11479.2,192.521,1,2,3,4,5,0
204,59,327.194,230.961,1.89896,2.1615,378.341,107.632,-0.664024,-3.24613,9676.3,163.399,1,2,3,4,5,0
204,60,327.092,233.928,1.92747,2.14663,304.83,88.3213,-0.560164,-3.01859,7873.41,134.278,1,2,2,3,5,0
204,61,327.833,234.487,2.34447,2.84328,285.382,68.634,-3.0098,-1.18961,11390.5,138.308,1,2,2,3,4,0
204,62,327.194,234.006,3.03175,3.16839,289.618,45.1619,1.66364,-1.16708,15701.2,146.402,1,1,2,3,4,0
204,63,326.697,233.651,2.53789,2.43161,319.574,97.8441,0.47668,-5.00273,11997.4,165.278,1,1,2,3,3,0
204,64,326.879,233.717,3.03859,2.66762,301.853,78.9246,1.93302,-8.52698,14285.2,163.189,1,1,2,3,4,0
204,65,327.803,233.621,2.27465,1.96918,440.305,129.901,10.664,-11.4173,12095.2,199.432,1,2,2,3,4,0
204,66,328.302,233.461,4.03698,3.43474,465.421,1.08643,19.8886,-24.4375,34756.8,233.272,1,2,3,4,5,0
204,67,328.97,229.119,2.20082,1.89089,355.414,196.893,18.2199,-5.93004,9561.44,244.615,1,2,3,4,5,0
204,68,329.4,231.903,2.19305,2.02191,443.491,172.049,9.04571,-6.38438,12389.5,241.036,1,2,3,4,5,0
204,69,329.829,234.687,2.18527,2.15293,531.567,147.204,-0.128471,-6.83872,15217.6,237.456,1,2,2,3,4,0
204,70,330.021,235.124,2.46872,3.06487,412.289,95.6038,1.61615,4.1528,18363.1,205.627,1,2,2,3,4,0
204,71,329.952,234.235,1.89567,2.25803,234.878,123.708,6.64722,8.59542,6277.54,157.722,1,2,2,3,4,0
204,72,330.839,233.968,2.66156,2.74763,248.826,67.7526,9.31204,2.55092,10886.2,135.462,1,2,2,3,4,0
204,73,331.053,233.68,1.94506,2.42786,282.672,91.6341,5.78506,-2.81679,8258.3,143.219,1,2,2,3,4,0
204,74,331.376,232.479,1.71699,2.31726,281.802,111.23,6.02623,-3.07951,6966.46,145.201,1,2,2,3,4,0
204,75,331.31,231.212,2.03069,2.71908,263.667,86.5449,4.14626,-5.72543,8872.93,136.615,1,2,2,3,4,0
204,76,331.09,230.554,1.98738,1.92068,302.167,66.2234,4.2089,-3.9841,7215.42,110.509,1,2,2,3,4,0
204,77,330.52,230.36,1.9055,1.45675,268.793,98.105,10.0238,-6.25907,4679.31,126.746,1,2,3,4,5,0
204,78,329.945,228.223,1.85436,2.5695,253.295,122.57,7.44526,-1.7695,7429.61,162.615,1,2,3,4,5,0
204,79,329.767,228.443,2.2197,2.05101,282.99,90.4626,4.72857,3.38572,7696.99,135.604,1,2,3,4,5,0
204,80,327.899,229.344,2.56986,2.27446,227.972,74.7965,4.41258,1.35545,8455.05,123.787,1,2,3,4,5,0
204,81,326.43,230,2.469,2.18875,265.293,81.0752,0.939646,-2.16518,8814.2,132.107,1,2,3,4,5,0
204,82,325.989,230.84,1.84932,1.84902,267.359,87.0691,-1.41751,0.355632,5732.18,118.598,1,2,3,4,5,0
204,83,325.453,232.272,2.83254,1.50544,273.941,78.6048,-0.140967,1.43949,7080.1,121.846,1,2,3,4,5,0
204,84,324.526,231.771,3.25453,2.20778,247.651,69.9523,3.46048,4.29211,10368,136.047,1,2,3,4,5,0
204,85,329.365,234.811,2.4583,2.01012,342.526,144.89,-2.42054,-2.40103,10018.8,205.337,,,,,,0
205,53,448.843,132.784,1.4899,1.57606,453.452,132.448,-3.77992,6.15372,6689.13,171.254,1,1,1,1,1,0
205,54,448.698,132.723,1.90326,1.66433,433.694,109.828,-6.58747,7.65179,8731.29,164.621,1,1,1,1,1,0
205,55,448.882,132.694,2.58737,1.75864,365.612,114.181,-5.16314,0.407576,10404.7,178.036,1,1,1,1,1,0
205,56,448.96,132.555,1.82781,1.8844,312.933,133.803,-3.60237,-2.24355,6755.97,177.544,1,1,1,2,2,0
205,57,448.753,132.006,1.96981,2.93745,328.597,105.709,0.192386,-2.96809,11441.4,176.55,1,1,1,2,2,0
205,58,449.067,132.235,2.0274,3.12451,389.872,69.7155,-4.81728,4.29575,16079.6,168.722,1,1,2,2,3,0
205,59,449.172,133.14,2.64565,2.54676,353.426,65.1806,-1.87805,1.81982,14359.3,157.716,1,1,2,2,2,0
205,60,448.889,133.176,2.17137,2.30884,398.386,87.1621,-1.85115,1.54394,12369.3,165.509,1,1,2,2,2,0
205,61,448.574,132.96,1.72565,2.04812,408.11,113.008,-2.55075,3.26978,8925.2,162.041,1,1,2,2,2,0
205,62,448.651,132.594,1.9865,1.97148,349.366,109.972,-6.19383,6.81757,8867.7,163.781,1,1,2,2,3,0
205,63,448.03,132.962,2.38225,2.31702,302.527,108.257,-2.04057,5.07415,10455.5,168.604,1,1,2,2,2,0
205,64,447.978,132.935,2.05396,2.75135,294.489,110.548,-2.50957,6.09075,9754.63,165.343,1,1,2,2,3,0
205,65,448.276,132.506,2.03315,2.10811,308.017,118.592,-1.63352,7.62948,8226.92,166.089,1,1,2,2,3,0
205,66,449.097,132.809,1.93673,1.78762,348.144,132.994,-10.104,3.69871,7165.27,166.787,1,1,2,2,2,0
205,67,448.838,132.511,2.2279,2.33717,299.73,108.823,-7.7183,7.53188,10003.9,171.189,1,1,1,2,2,0
205,68,448.487,132.832,2.33632,2.43176,295.766,98.9779,-7.17607,3.00747,10301.4,160.302,1,1,1,2,2,0
205,69,448.132,132.643,2.3009,2.36666,301.557,99.5778,-4.26997,5.57624,10110,158.568,1,1,1,2,2,0
205,70,448.014,132.209,2.60727,2.19999,365.017,93.264,-1.9507,11.4187,13521.4,176.42,1,1,1,2,2,0
205,71,448.428,132.259,2.52714,2.00691,315.035,91.8313,-3.74751,6.21282,9873.38,156.237,1,1,1,2,2,0
205,72,447.824,132.408,2.43658,2.44293,405.576,52.0915,-0.042335,1.69171,14745.4,153.651,1,1,1,2,2,0
205,73,447.661,132.628,2.37729,1.93721,416.678,90.8931,-3.68088,5.13531,11889.4,161.899,1,1,1,2,2,0
205,74,447.911,132.694,2.21172,2.0757,356.75,120.682,-7.56648,6.7959,10188.1,176.538,1,1,1,2,2,0
205,75,448.229,132.38,1.50656,2.13304,376.398,134.985,-8.52226,13.0276,7763.53,180.55,1,1,2,2,3,0
205,76,447.984,133.12,1.24843,2.21571,423.477,119.243,-9.71831,9.5992,7779.8,166.249,1,1,2,2,2,0
205,77,447.444,132.974,1.93466,2.13377,347.148,104.551,-3.03301,7.90802,8943.6,153.562,1,1,2,2,2,0
205,78,446.873,132.875,1.8064,2.08507,350.407,101.952,-1.49688,6.83963,8255.62,147.266,1,1,2,2,2,0
205,79,446.742,132.851,1.57989,1.5825,495.254,125.465,-2.31097,9.26084,7777.9,166.704,1,1,2,2,2,0
205,80,447.174,133.008,1.91373,2.39858,349.07,111.852,-2.45983,10.5664,9961.34,174.071,1,1,2,2,2,0
205,81,447.494,132.973,2.26191,2.70962,342.72,102.762,-7.17088,11.71,12695.2,176.32,1,2,2,3,4,0
205,82,446.564,132.821,1.67652,1.61585,419.014,153.839,1.88785,11.7258,6918.32,187.124,1,2,2,3,4,0
205,83,445.716,134.172,2.41405,3.95588,254.472,106.743,4.54119,6.39662,13839.6,194.13,1,2,2,3,4,0
205,84,446.427,134.064,2.51756,4.18341,266.298,100.638,-1.09834,9.767,14051,190.036,1,2,2,3,4,0
205,85,446.728,132.916,2.26812,1.9668,371.293,90.4025,-3.02731,15.1838,11311.6,155.053,1,1,2,3,4,0
205,86,447.146,132.786,1.75124,1.38697,404.623,122.842,-3.9375,9.69188,6171.66,156.154,1,1,1,2,2,0
205,87,447.424,133.247,1.71719,1.3602,445.469,136.382,-2.31927,8.3247,6534.34,174.917,1,1,1,1,1,0
205,88,447.092,133.262,1.94109,2.03495,397.124,112.77,-3.54697,4.73114,9807.51,175.053,1,1,1,1,1,0
205,89,446.873,133.457,2.37439,2.26587,262.675,106.997,-2.29443,7.9045,8845.41,159.763,1,1,1,1,1,0
205,90,447.032,133.263,1.95508,1.75615,280.101,123.836,-1.64009,4.35683,6027.33,159.207,1,2,3,4,5,0
205,91,447.959,131.487,1.21138,1.5946,334.231,118.671,1.76394,3.3259,4057.49,140.26,1,2,3,4,5,0
205,92,451.088,130.021,2.14126,2.42182,271.066,80.2541,-1.98895,-4.37802,8679.79,129.586,1,2,3,4,5,0
205,93,449.802,128.402,1.79449,2.22966,277.326,108.557,0.774756,-8.75223,6418.53,144.547,1,2,3,4,5,0
205,94,448.516,126.783,1.44772,2.0375,283.585,136.859,3.53846,-13.1265,4157.28,159.509,1,2,3,4,5,0
205,95,448.655,125.191,2.03203,3.28073,303.634,89.4221,1.21519,-6.55259,11830.5,162.669,1,2,3,4,5,0
205,96,449.022,124.904,2.13155,2.47291,417.081,101.539,-1.36256,-0.799632,13550,182.243,1,2,3,4,5,0
205,97,448.844,123.834,2.0677,2.95062,230.872,121.998,-2.67594,0.110591,8454.87,167.893,1,2,3,4,5,0
205,98,448.958,120.344,1.59675,1.6301,257.334,123.619,-3.87396,8.58184,4206.92,143.047,,,,,,0
206,53,445.949,274.285,2.05768,3.92035,263.43,68.3609,-0.741795,-3.12008,11633.6,138.201,1,1,2,3,4,0
206,54,446.03,275.06,1.77282,3.52462,291.061,75.061,1.81236,-10.0609,10420.6,133.527,1,1,2,3,4,0
206,55,446.157,274.842,1.63236,4.0892,278.109,79.9395,1.605,-7.89572,10011.4,133.527,1,2,2,3,4,0
206,56,446.309,276.391,1.43184,1.66019,364.991,84.9014,2.58226,-7.79238,5455.69,113.799,1,2,2,3,4,0
206,57,446.463,276.482,1.36912,1.77028,404.433,81.0676,-0.3348,-9.36132,6157.52,116.367,1,2,3,4,5,0
206,58,445.959,275.036,1.78544,3.6797,265.635,72.5845,-1.40394,-6.85428,9974.4,131.58,1,2,3,4,5,0
206,59,446.033,272.342,1.43197,3.16562,271.197,94.7008,-2.4676,4.7264,7133.98,132.26,1,2,3,4,5,0
206,60,445.986,273.773,1.36668,3.11114,276.974,93.4161,-1.01079,-0.417352,6927.37,132.24,1,2,3,4,5,0
206,61,445.94,275.205,1.30138,3.05666,282.75,92.1315,0.446016,-5.56111,6720.76,132.219,1,1,2,3,4,0
206,62,446.37,275.289,1.69367,3.28234,289.283,92.5054,0.123985,-6.03862,9261.47,147.101,1,1,2,3,4,0
206,63,446.708,275.346,1.56686,3.0772,294.543,97.9802,-6.35718,-10.8556,7467.19,137.775,1,2,2,3,4,0
206,64,446.734,276.106,1.39073,2.18696,398.406,79.6985,-4.03257,-9.88796,7586.6,121.047,1,2,2,3,4,0
206,65,446.009,274.647,1.70879,3.36838,334.842,77.5103,1.02879,-4.50511,11193.1,142.751,1,2,2,3,4,0
206,66,446.156,274.996,2.02419,3.89862,245.884,75.2255,1.39512,-3.70908,10666.1,136.775,1,2,3,4,5,0
206,67,446.222,277.043,1.60501,2.88241,318.091,84.2949,3.33031,-6.65871,8916.47,135.68,1,1,1,3,4,0
206,68,446.507,276.981,1.6796,3.2603,319.626,79.6737,-1.03654,-4.57341,10320.8,145.817,1,1,1,2,2,0
206,69,446.013,277.037,1.93297,3.5938,287.367,80.0522,-0.144039,-9.91321,11347.2,150.195,,,,,,0
207,53,458.168,292.914,2.71819,2.76214,239.352,57.8021,-1.52617,-2.18558,10671.6,126.414,1,2,3,4,5,0
207,54,458.424,291.734,1.78205,2.34767,310.312,73.3006,1.70467,-1.04377,7833.67,117.734,1,2,3,4,5,0
207,55,458.176,291.11,1.76565,2.22564,310.016,89.6254,0.836119,3.8468,7599.94,131.059,1,2,3,4,5,0
207,56,456.317,291.949,2.7695,2.56039,459.069,20.6973,5.96154,-0.705322,21783.2,152.805,1,2,3,4,5,0
207,57,455.58,291.4,3.02251,2.31255,454.798,43.6808,-4.88171,-2.37744,20294.4,166.97,1,2,3,4,5,0
207,58,457.16,290.763,1.95645,1.84823,291.68,97.9796,-1.27277,0.193405,6608.04,136.249,1,2,3,4,5,0
207,59,458.831,292.862,1.84358,2.03616,292.226,99.5256,-0.346333,0.419774,6677.81,138.346,1,2,3,4,5,0
207,60,460.502,294.962,1.73071,2.2241,292.771,101.072,0.580102,0.646142,6747.57,140.444,1,2,3,4,5,0
207,61,457.982,294.673,2.77818,2.51725,520.807,93.6276,-1.52622,-4.57332,22048.7,223.87,1,2,3,4,5,0
207,62,455.795,293.383,2.6721,2.31742,753.245,105.084,0.616991,-0.430679,29263.9,279.343,1,2,3,4,5,0
207,63,455.431,292.76,2.39688,2.89382,705.629,112.562,4.81739,-1.48644,29201.5,292.651,1,2,2,3,4,0
207,64,455.815,292.432,2.84505,4.01509,583.816,52.9512,7.00744,-7.59449,34946.4,274.491,1,2,3,3,5,0
207,65,456.244,291.341,2.40241,2.74485,657.491,128.728,-8.29475,7.60371,24901.1,279.604,1,2,3,4,5,0
207,66,455.846,292.053,2.36084,2.88874,628.748,130.447,-3.40169,6.2619,24971.2,274.728,1,2,3,4,5,0
207,67,453.761,291.482,2.78895,2.58832,330.174,110.649,-1.27538,-0.52492,14192,196.219,1,2,3,4,5,0
207,68,453.348,290.492,2.43811,2.32418,440.343,138.838,-5.76699,-2.00668,15287.5,230.16,1,2,3,4,5,0
207,69,455.296,293.098,2.45733,2.9112,347.081,117.4,-3.35634,-4.11372,13859.6,205.012,1,2,3,4,5,0
207,70,457.245,295.705,2.47656,3.49822,253.819,95.9617,-0.94568,-6.22076,12431.7,179.864,,,,,,0
208,54,50.0496,225.415,1.96262,2.1229,741.409,89.8153,-3.7089,-8.6099,19271.1,204.249,1,1,1,1,1,0
208,55,50.4251,225.565,1.78536,1.68768,1826.69,158.379,-12.9187,-8.66587,33600,353.911,1,1,1,1,1,0
208,56,50.4301,225.556,1.71251,1.85736,1776.05,166.014,-17.5278,-6.18307,33427.6,363.136,1,1,1,1,1,0
208,57,50.205,225.771,1.80289,1.95626,1677.59,151.313,-12.1629,-8.961,36202.7,365.284,1,1,1,1,1,0
208,58,50.1005,225.672,1.83793,1.80643,1730.31,158.082,-10.4054,-9.8371,35308.6,366.799,1,1,1,1,1,0
208,59,50.097,225.742,1.6731,1.81001,1658.03,178.167,-14.85,-17.0311,30194,351.793,1,1,1,1,1,0
208,60,50.1701,225.835,1.79724,1.94494,1367.78,118.302,-7.45059,-14.5714,29710.8,294.817,1,1,1,1,1,0
208,61,50.2529,225.67,1.86087,1.89026,1469.53,120.552,-7.90497,-5.49997,32119.1,315.373,1,1,1,1,1,0
208,62,50.1907,225.603,1.71427,1.68731,2004.66,212.727,-22.9402,-7.39245,33948.6,409.485,1,1,1,1,1,0
208,63,50.3279,225.433,1.76663,1.68332,1901.06,170.651,-14.291,-4.23929,34554.8,368.71,1,1,1,1,1,0
208,64,50.3519,225.49,1.96096,1.70234,1681.53,148.933,-14.1688,-7.09234,34597.2,349.266,1,1,1,1,1,0
208,65,50.3084,225.478,1.92372,1.57478,1542.64,161.865,-16.8355,-5.9527,27148.2,316.787,1,1,1,1,1,0
208,66,50.1865,225.59,1.72939,1.70914,1510.21,165.589,-14.8565,-11.4138,26538.1,313.781,1,1,1,1,1,0
208,67,50.1006,225.594,1.71179,1.9667,1875.02,139.107,-9.77944,-15.3666,40201.2,374.734,1,1,1,1,1,0
208,68,50.2875,225.488,1.86085,1.89458,1721.9,150.389,-12.1322,-7.26843,37479.9,368.278,1,1,1,1,1,0
208,69,50.1484,225.495,2.06864,1.96402,1532.81,127.913,-11.0438,-5.26551,38886.6,352.154,1,1,1,1,1,0
208,70,50.3104,225.411,1.89736,1.89313,1546.3,193.413,-20.8614,-2.22923,32379.3,372.882,1,1,1,1,1,0
208,71,50.209,225.641,1.73531,1.92686,1742.53,178.296,-19.7582,-10.4311,34568.1,380.047,1,1,1,1,1,0
208,72,50.1675,225.687,1.73285,1.80085,1807.37,168.261,-15.1693,-12.4519,33752.7,363.633,1,1,1,1,1,0
208,73,50.1193,225.474,2.07566,1.90553,1451.41,133.447,-8.12256,-12.5243,35870.2,346.077,1,1,1,1,1,0
208,74,50.1118,225.392,2.18195,2.0564,1374.95,123.608,-9.0988,-11.6189,38399.8,349.734,1,1,1,1,1,0
208,75,50.1821,225.477,1.94741,1.94026,1672.47,154.224,-13.7277,-6.86082,39535.5,384.97,1,1,1,1,1,0
208,76,50.1919,225.588,1.97165,2.01363,1489.81,161.748,-16.2718,-6.4968,35834.9,370.698,1,1,1,1,1,0
208,77,50.1829,225.571,2.14972,1.97648,1247.75,129.081,-17.9162,-7.82636,32320.6,315.639,1,1,1,1,1,0
208,78,50.0688,225.519,2.07414,1.91653,1300.09,122.22,-11.749,-6.84213,31885.5,309,1,1,1,1,1,0
208,79,50.0456,225.559,1.89093,2.03811,1430.09,122.374,-6.91252,-10.4487,35026,326.817,1,1,1,1,1,0
208,80,50.207,225.432,2.09144,2.17681,1103.45,100.559,-9.63757,-10.0148,31239.6,287.219,1,1,1,1,1,0
208,81,50.1723,225.419,2.1557,2.06349,908.688,90.3007,-7.4029,-7.59522,25630.1,241.077,1,1,1,1,1,0
208,82,50.2229,225.581,2.16134,1.94977,995.186,100.009,-9.94592,-7.35772,27193.6,259.965,1,1,1,1,1,0
208,83,50.1236,225.672,1.85806,1.90997,1273.75,116.934,-13.584,-8.2756,28013,279.686,1,1,1,1,1,0
208,84,50.0926,225.551,1.82296,1.95982,1312.12,124.572,-12.1198,-8.07011,29587,297.538,1,1,1,1,1,0
208,85,50.1729,225.584,1.80159,1.84682,1672.92,144.386,-14.5667,-9.39041,35436.3,352.325,1,1,1,1,1,0
208,86,50.1332,225.556,1.92125,2.05417,1631.66,127.665,-13.9322,-10.7031,41339.8,369.556,1,1,1,1,1,0
208,87,50.3908,225.543,1.65936,1.91658,1681.21,181.894,-16.2993,-7.85723,32028.5,365.278,1,1,1,1,1,0
208,88,50.2377,225.555,1.76815,1.72098,1486.92,152.532,-9.14633,-7.47001,27469.4,313.781,1,1,1,1,1,0
208,89,50.1367,225.676,1.86648,1.86027,1359.27,117.396,-4.98124,-12.1704,30468.4,299.799,1,1,1,1,1,0
208,90,50.4754,225.778,1.87518,2.10765,956.318,101.703,-7.35167,-7.63352,23978.9,245.213,1,1,1,2,3,0
208,91,50.9581,225.166,2.04376,1.50019,390.495,69.4505,-3.97353,-3.37027,7499.48,114.426,1,1,1,2,2,0
208,92,51.1102,225.277,2.08662,1.36944,320.465,60.3416,-3.43442,-2.36581,5732.11,94.9763,1,1,1,2,3,0
208,93,50.3662,225.312,2.05049,1.95035,273.792,66.1567,-2.3135,-2.69976,6840.19,105.935,1,1,1,2,2,0
208,94,50.2335,225.617,1.75404,2.14342,361.864,61.2431,-3.71773,-4.51236,8497.97,109.195,1,1,1,2,2,0
208,95,50.6256,225.582,1.59876,1.67989,529.677,69.1907,-6.16165,-3.00811,8932.9,120.456,1,1,1,2,2,0
208,96,49.8823,225.572,1.48475,1.80251,454.212,84.2935,-3.39769,-5.83411,7809.05,130.178,1,1,1,2,2,0
208,97,49.7948,225.915,1.5427,1.5342,418.675,78.1061,-1.05852,-5.46826,6225.21,114.858,1,1,1,1,1,0
208,98,50.1271,225.864,1.97747,1.58411,431.861,70.2927,-3.42156,-3.57373,8480.17,116.994,1,1,1,1,1,0
208,99,50.4021,225.795,1.89801,1.78745,455.206,77.4685,-2.27285,-7.85672,9679.33,134.799,1,1,1,1,1,0
208,100,50.1092,225.615,1.62488,1.34299,613.48,97.9495,1.55221,-10.2252,8498.29,144.657,1,1,1,1,1,0
208,101,50.1833,225.392,1.85201,1.59935,500.489,77.459,-1.3366,-3.69202,9302.4,128.858,,,,,,0
209,54,107.817,111.235,3.24446,1.89469,242.421,111.007,4.3204,-3.65323,8753.34,174.254,1,2,2,3,4,0
209,55,108.431,110.521,2.26148,1.8222,295.568,141.331,1.984,2.44948,6510.26,176.42,1,2,2,3,4,0
209,56,107.522,109.743,2.56007,2.49655,270.603,101.847,6.74783,-3.39413,10060.9,165.746,1,2,2,3,4,0
209,57,108.351,109.118,1.52586,2.19585,305.772,125.518,-0.678439,-1.80386,6398.45,162.426,1,2,2,3,4,0
209,58,107.878,109.716,1.63283,2.09487,370.94,126.466,0.223633,2.40825,7937.48,174.704,1,2,2,3,4,0
209,59,107.292,110.301,1.78966,2.034,347.892,114.553,3.06971,2.67071,7925.08,161.467,1,2,2,3,4,0
209,60,108.017,109.671,2.30978,2.53031,253.323,105.805,1.71564,3.52482,9054.96,162.497,1,2,2,3,4,0
209,61,107.925,108.455,2.42765,2.06607,255.86,101.107,3.1792,-1.87091,7926.61,151.325,1,2,2,3,4,0
209,62,108.558,107.898,2.25269,2.47387,259.931,89.9118,0.101782,-3.02937,8892.67,144.036,1,2,3,4,5,0
209,63,110.184,106.998,2.34328,2.40036,294.71,68.3186,-7.49348,-2.56937,10190,134.012,1,2,3,4,5,0
209,64,109.867,106.451,1.86933,2.51255,342.562,89.1864,-5.27776,-1.49008,10495.5,149.627,1,2,3,4,5,0
209,65,108.707,108.62,1.57324,2.3389,337.279,95.1788,-0.862357,-3.4473,7567.42,138.852,1,2,2,3,4,0
209,66,107.778,108.607,2.11272,2.53991,272.476,90.6469,-4.2466,1.9302,8975.18,146.746,1,2,2,3,4,0
209,67,107.363,109.222,2.24843,2.28706,257.53,104.656,-9.52965,2.5534,8346.15,152.331,1,2,2,3,4,0
209,68,106.714,109.666,3.0091,1.81668,350.604,104.127,-7.44629,3.33751,11475.4,174.284,1,2,2,3,4,0
209,69,107.059,110.092,2.97387,1.88872,300.76,109.523,-2.21544,-2.16803,10148.1,165.012,1,2,3,3,4,0
209,70,108.08,109.462,2.52074,2.11437,317.681,108.866,-8.12364,-2.90919,10412.1,170.355,1,2,3,4,5,0
209,71,106.238,108.005,2.83347,2.52884,276.741,116.684,-4.43935,-3.77564,11835.3,178.243,1,2,3,3,4,0
209,72,106.225,107.83,1.79764,3.15,319.788,136.736,-1.76104,-3.14582,10731.1,198.781,1,2,3,3,4,0
209,73,106.785,109.5,2.15936,3.17061,327.834,125.528,-2.27828,-10.3383,13184.4,201.219,1,2,2,3,4,0
209,74,107.815,109.479,2.29429,2.1666,286.712,140.054,-10.0618,-8.6044,7796.51,186.645,1,2,2,3,4,0
209,75,108.562,110.031,2.17199,1.82424,288.361,118.471,-8.67767,-11.0784,8168.56,158.402,1,2,2,3,4,0
209,76,108.459,109.345,1.51755,2.50641,280.149,124.01,4.3679,-12.9534,5770.19,152.556,1,2,2,3,4,0
209,77,109.5,108.495,2.50467,2.45986,405.07,79.8603,5.94137,-4.45816,15398.1,171.024,1,2,2,3,4,0
209,78,110.546,108.681,3.29524,2.54364,439.905,53.0315,0.291881,0.364921,21379.6,188.604,1,2,2,3,4,0
209,79,108.725,108.526,2.53297,2.11314,356.074,96.6425,5.24718,-2.16143,12546.5,169.172,1,1,2,3,4,0
209,80,108.468,108.14,2.56974,2.42201,283.957,90.9689,7.56889,-5.23362,11181.6,156.456,1,1,2,3,4,0
209,81,108.728,108.407,2.52121,2.07631,234.867,92.8724,8.54619,-3.18721,7561,137.201,1,1,2,3,4,0
209,82,109.31,108.26,2.44211,2.13265,267.755,74.3587,5.70512,-1.75174,8596.65,129.621,1,1,2,3,4,0
209,83,108.36,107.804,1.62754,2.06088,305.023,90.0584,6.8086,-0.874866,6404.83,128.095,1,1,2,2,3,0
209,84,107.996,107.568,1.58438,2.09833,359.048,87.1404,1.20709,-1.05598,7778.69,130.734,1,1,2,2,3,0
209,85,107.638,107.688,2.26471,2.41088,338.467,65.861,3.29817,-3.77084,11365.6,134.538,1,1,2,2,3,0
209,86,107.421,107.908,3.0725,2.38777,306.358,54.7115,4.63381,-4.86084,13509,139.964,1,1,2,3,4,0
209,87,106.43,107.966,2.48465,2.1561,302.706,78.2119,5.74753,-2.09851,10003.7,140.929,1,1,2,3,3,0
209,88,106.155,107.599,2.12582,2.28806,299.816,67.2317,2.30368,-2.11904,9037.5,124.609,1,1,2,3,4,0
209,89,106.01,107.78,1.83232,2.43243,337.542,75.0931,2.06491,-1.80341,9317.69,131.071,1,2,2,3,4,0
209,90,106.038,108.775,1.62573,2.02439,253.87,113.309,4.4785,0.390862,5233.65,139.722,1,2,2,3,4,0
209,91,105.952,109.367,1.40495,1.71018,359.812,126.691,10.1987,-1.55139,5430.47,151.645,1,2,3,4,5,0
209,92,107.941,108.66,2.08615,1.98124,321.064,139.297,0.240879,-3.56125,8285.78,183.402,1,1,2,3,4,0
209,93,107.734,108.968,1.95854,2.12481,332.945,136.364,0.898082,-6.59533,8648.96,187.302,1,1,2,3,4,0
209,94,107.431,109.569,2.79589,2.45708,289.322,107.71,4.23396,-4.76311,12250.3,183.254,1,1,2,3,2,0
209,95,107.615,109.459,3.46026,2.44366,259.115,127.377,6.13248,5.17707,12315.7,200.432,1,1,2,3,4,0
209,96,107.537,109.135,2.50202,2.58854,321.556,120.16,3.97649,9.08463,12600,196.763,1,2,2,3,4,0
209,97,108.666,108.167,2.25349,2.10457,320.455,108.287,2.58703,0.933927,9435.76,163.935,1,2,2,3,4,0
209,98,109.188,106.793,1.9922,2.04275,284.906,123.856,1.35325,2.71666,7247.68,164.828,1,2,2,3,4,0
209,99,108.215,106.931,2.61707,2.01329,283.681,110.898,2.91577,1.3821,9165.36,165.065,1,2,2,3,4,0
209,100,107.575,108.128,2.88746,2.78324,327.552,71.3346,3.13144,-3.06059,15185.9,164.473,1,1,2,3,4,0
209,101,107.482,108.303,2.05017,2.45841,373.871,85.3441,0.049149,4.6056,12977,162.231,,,,,,0
210,54,197.855,323.074,1.69743,2.13754,654.977,156.098,10.758,-15.658,14545.5,233.953,1,2,3,4,5,0
210,55,196.847,320.289,2.63277,2.40074,555.296,108.83,4.77836,-11.4991,21979.5,236.719,1,2,3,4,5,0
210,56,195.838,317.504,3.56811,2.66395,455.615,61.561,-1.20133,-7.34008,29413.5,239.485,1,2,3,4,5,0
210,57,192.942,314.641,2.39976,2.25443,309.397,90.4682,6.3199,0.737206,10310,153.456,1,2,3,4,5,0
210,58,190.494,312.338,1.39778,1.85285,385.608,113.541,-3.9875,0.756912,6267.25,146.615,1,2,3,4,5,0
210,59,188.831,314.468,2.62053,2.22296,468.964,63.7969,-3.58923,-5.50591,16666,173.775,1,2,2,3,4,0
210,60,189.286,314.993,2.55848,2.06093,458.568,107.121,-5.87531,2.49264,14854.8,196.065,1,2,2,3,4,0
210,61,188.482,315.352,1.94993,1.80357,459.027,183.688,-18.0426,-6.18474,9107.82,234.917,1,2,2,3,4,0
210,62,187.705,315.008,2.16925,2.37959,555.995,171.071,-5.28583,3.23822,18099.9,276.237,1,2,2,3,4,0
210,63,187.52,315.935,2.15171,2.12631,780.663,164.553,-1.02528,-6.10304,23110.5,298.053,1,2,3,3,4,0
210,64,186.096,316.43,2.50777,2.24575,545.033,132.279,-1.27553,-9.87675,18821.5,241.663,1,2,3,3,4,0
210,65,185.698,316.161,2.81042,2.2969,561.629,116.419,-6.77175,-9.42641,22261.7,251.923,1,2,3,4,5,0
210,66,184.93,317.86,2.33285,2.1792,345.619,123.397,-9.67165,-11.4024,10890.2,189.698,1,2,3,4,5,0
210,67,185.634,320.424,2.08107,2.18827,508.618,109.961,-5.4982,-3.54146,14397.8,200.32,1,2,3,4,5,0
210,68,185.788,320.767,1.79529,2.03452,442.671,126.927,-12.083,-2.84147,10120.7,188.178,1,2,3,4,5,0
210,69,185.395,320.38,1.84412,2.20823,431.946,106.809,-12.6411,-3.09368,11020.7,175.095,1,2,3,4,5,0
210,70,185.411,318.638,1.97509,2.36755,456.316,102.299,-10.2576,-1.59573,13182.1,184.953,1,2,3,4,5,0
210,71,185.69,316.533,1.76006,0.689278,536.128,151.871,-8.26691,-8.59429,4121.29,172.142,1,2,3,4,5,0
210,72,185.382,314.449,2.21157,1.95011,372.699,132.885,-3.60671,3.26835,10004.5,187.876,1,2,3,4,5,0
210,73,183.455,315.446,2.6481,2.37034,330.21,93.6929,-4.93904,-0.898176,12111.4,165.97,1,2,3,4,5,0
210,74,181.528,316.442,3.08462,2.79057,287.72,54.5004,-6.27137,-5.0647,14218.3,144.065,1,2,3,4,5,0
210,75,180.072,315.201,2.93863,2.55118,306.709,65.0558,-2.33276,0.872816,13612.2,145.414,1,2,3,4,5,0
210,76,180.646,315.46,2.74594,2.55259,310.386,75.8988,-3.09998,-0.617112,12723.7,150.953,1,2,3,4,5,0
210,77,181.221,315.719,2.55324,2.554,314.062,86.7418,-3.86719,-2.10704,11835.1,156.491,1,2,3,4,5,0
210,78,183.142,315.137,2.54466,2.99815,498.877,48.7671,-0.426736,-3.88133,22617.2,184.805,1,1,2,3,4,0
210,79,182.77,315.203,2.26017,3.40987,301.641,54.2532,1.74995,-8.92321,13363.8,132.533,1,1,2,3,4,0
210,80,182.207,315.612,2.06976,1.59599,261.937,81.5947,-0.825517,-2.8935,5439.59,117.988,,,,,,0
211,54,263.756,158.367,2.96111,2.68852,321.214,96.0713,-4.43924,-2.7482,15905.4,192.13,1,2,3,4,5,0
211,55,266.9,157.295,2.88883,2.69449,404.309,105.907,4.41764,-2.67616,18548.4,213.817,1,2,3,4,5,0
211,56,267.245,155.084,2.40807,2.68762,745.927,75.5478,2.17534,1.88232,31680.6,265.456,1,2,3,4,5,0
211,57,266.537,155.068,2.398,2.38603,512.954,141.647,3.50376,2.32593,17469.1,241.74,1,2,3,4,5,0
211,58,264.602,153.431,2.03717,1.83353,393.584,137.27,-6.00798,1.6135,9823.5,195.036,1,2,3,4,5,0
211,59,262.18,151.519,2.18074,2.69827,669.958,102.244,0.985082,1.0574,24078.1,245.876,1,2,3,4,5,0
211,60,263.021,149.984,2.57623,2.64286,421.106,93.9953,-1.67613,-4.72721,17275.3,198.982,1,2,3,4,5,0
211,61,264.098,150.558,2.44481,2.23313,471.077,96.712,-0.050145,-5.99272,16081.8,190.817,1,2,3,4,5,0
211,62,262.673,151.902,2.05378,2.54685,408.172,102.35,-2.43794,1.9048,13128.6,180.947,1,2,3,4,5,0
211,63,260.26,152.845,2.41739,2.63866,612.67,95.5901,-2.38813,-3.60891,23908.1,238.438,1,2,3,4,5,0
211,64,260.796,151.251,1.76333,2.15927,785.982,135.176,-7.52624,-4.20771,19622.8,245.793,1,2,3,4,5,0
211,65,259.571,151.607,2.21077,2.17026,687.588,106.466,1.9695,-5.96886,20454.5,226.592,1,2,3,4,5,0
211,66,256.944,150.387,2.23126,2.04187,498.44,81.004,-3.4106,-4.20372,14122.4,169.231,1,2,3,4,5,0
211,67,256.657,149.192,2.20298,2.47697,633.106,90.689,-4.23659,-3.79384,21238,215.325,1,2,3,4,5,0
211,68,257.058,149.677,2.31887,2.52784,615.509,117.487,1.29503,-4.90992,22062.4,250.669,1,2,3,4,5,0
211,69,255.879,152.085,2.71379,2.28404,515.579,128.979,-5.79001,-6.49611,19391.7,248.432,1,2,3,4,5,0
211,70,255.444,150.13,2.39803,2.72566,365.182,90.9592,-5.12871,-1.53426,14127.4,177.633,1,2,3,4,5,0
211,71,257.127,147.306,1.78423,1.88213,460.051,122.59,3.16431,-0.983642,9686.46,179.728,1,2,3,4,5,0
211,72,259.815,146.844,1.64601,2.45531,489.617,149.283,4.4766,-8.70161,12255.3,230.272,1,2,3,4,5,0
211,73,262.75,145.948,2.10729,2.82736,436.178,132.314,-0.0622531,-11.1983,15987.4,244.953,,,,,,0
212,55,124.548,215.522,1.69631,1.75555,613.172,118.21,-1.85638,-6.36239,11287.9,183.746,1,2,3,4,5,0
212,56,123.538,213.631,2.45903,2.05676,892.655,113.086,-2.74184,-15.9964,28366.4,282.663,1,2,3,4,5,0
212,57,123.648,211.834,2.36379,2.17271,1361,119.675,-2.98869,-8.52486,47114.4,405.426,1,2,3,4,5,0
212,58,125.3,211.558,2.00156,2.16473,914.028,200.829,2.45446,-14.4183,24309,343.686,1,2,3,4,5,0
212,59,127.049,211.954,2.04657,2.35184,1291.95,159.356,-4.84115,-19.4151,38555.3,396.639,1,2,2,3,4,0
212,60,127.034,212.106,2.06815,2.0643,1641.36,141.824,-2.2209,-17.3513,43731.2,392.728,1,2,2,3,4,0
212,61,127.8,212.503,1.94191,1.96842,1506.99,168.228,-2.51252,-13.6255,35771,379.515,1,2,2,3,4,0
212,62,128.372,213.267,2.06389,2.10842,1398.43,128.407,-9.18541,-15.9132,37921,354.396,1,2,2,3,4,0
212,63,128.344,213.006,2.12562,1.98741,1331.15,133.989,-8.27042,-14.1749,35079.2,335.231,1,2,3,4,5,0
212,64,128.65,211.879,1.83286,1.74987,1672.06,152.376,-7.53573,-19.994,33639.5,351.396,1,2,3,4,5,0
212,65,128.262,209.96,1.99933,2.00134,1258.21,151.667,-7.85911,-20.4672,31471.9,342.959,1,2,3,4,5,0
212,66,126.692,207.988,1.58712,2.2127,1352.16,191.289,-3.43426,-11.0761,29645,364.982,1,2,3,4,5,0
212,67,125.395,207.249,1.63194,1.77753,1399.3,224.77,-4.0043,-4.74834,25479.1,365.385,1,2,3,4,5,0
212,68,125.594,206.889,1.61016,1.94308,1388.78,226.859,-11.4119,-14.5341,25739.3,365.041,1,2,3,4,5,0
212,69,126.776,207.568,1.90196,1.90348,1406.4,201.174,-6.68599,-15.4934,32314.6,389,1,2,3,4,5,0
212,70,128.389,208.72,1.62832,1.95061,552.051,137.421,-11.9372,-10.1511,10991.7,206.29,,,,,,0
213,55,144.94,463.827,1.94501,2.16311,876.202,106.893,-1.14251,-1.72722,23655.2,254.58,1,2,3,4,5,0
213,56,145.141,461.641,2.11753,1.9985,991.593,84.5464,-7.48297,11.8804,31615.3,281.414,1,2,3,4,5,0
213,57,144.022,461.713,2.0107,2.3276,570.439,128.122,-0.526639,-8.96156,16565.8,225.225,1,2,2,3,4,0
213,58,143.585,462.225,2.24386,2.6337,311.746,97.9504,-0.18049,-6.30895,10663.5,159.379,1,1,2,3,4,0
213,59,143.284,462.933,1.7276,2.49424,293.287,86.8784,2.6459,-8.59108,7814.24,131.592,1,1,2,2,3,0
213,60,143.203,462.488,1.67696,2.37308,267.536,81.4506,5.78365,-2.01776,6603.32,118.302,1,1,2,2,3,0
213,61,143.515,462.44,1.54318,2.31303,294.622,126.022,3.63951,-3.66979,5969.24,159.284,1,2,3,4,5,0
213,62,143.612,460.563,1.96362,1.8093,849.618,153.081,6.51228,-7.45389,17933.8,256.846,1,2,3,4,5,0
213,63,144.478,458.816,2.05913,2.36353,1234.1,79.7549,-0.791658,-1.42067,37583.5,305.053,1,2,3,4,5,0
213,64,144.382,459.491,2.19287,2.22909,900.442,104.724,-5.82315,-4.70164,27254.4,264.083,1,2,3,4,5,0
213,65,144.428,461.712,2.40655,2.87636,389.756,78.1938,-0.680931,-5.66369,16322.6,175.077,1,2,3,4,5,0
213,66,144.867,462.663,2.26206,2.1091,420.565,92.825,-1.1598,-3.08887,12454.2,164.55,1,2,3,4,5,0
213,67,144.927,463.708,2.02815,2.18042,622.179,94.7756,0.256976,6.12376,17136.5,200.195,1,2,3,4,5,0
213,68,147.849,465.337,1.38915,2.48021,317.641,124.092,-1.23538,5.35103,6768.49,157.367,1,2,3,4,5,0
213,69,150.848,466.209,2.1488,2.51871,397.947,70.7256,-0.0139737,-0.672569,13673.5,152.213,1,2,3,4,5,0
213,70,151.427,464.825,2.4958,2.23156,396.771,80.6826,-1.20097,-2.19393,13554.2,169.609,1,2,3,4,5,0
213,71,154.299,460.532,3.65589,3.85576,297.167,59.6285,-3.31137,-2.68684,20650.2,188.361,1,2,3,4,5,0
213,72,157.58,459.726,1.81045,2.46364,291.357,109.951,-4.33774,-0.705378,7926.25,159.515,1,2,3,4,5,0
213,73,157.289,455.971,1.48225,2.5085,300.394,133.351,-1.69406,5.88687,6915.34,171.533,1,2,3,4,5,0
213,74,156.332,455.858,2.3151,2.55418,427.846,106.702,-5.73073,6.37587,15454.2,201.994,1,2,3,4,5,0
213,75,155.258,454.715,2.23516,2.19858,407.172,109.523,2.03787,0.595049,12402.9,189.367,1,2,3,4,5,0
213,76,153.864,453.056,2.32907,2.03275,388.741,122.239,-0.144073,-9.29751,11420.6,185.071,1,2,3,4,5,0
213,77,151.325,450.161,2.02706,1.75134,522.597,148.568,5.28059,-6.53618,11613.8,211.604,1,2,3,4,5,0
213,78,150.547,450.118,2.69951,2.18391,497.237,121.201,-1.05256,-3.1866,17811.5,222.58,1,2,3,4,5,0
213,79,150.831,450.312,2.29563,2.47066,516.742,104.305,-1.55796,-2.40912,17977.6,211.45,1,2,3,4,5,0
213,80,151.829,450.009,2.06694,2.54464,516.3,118.977,3.75152,-6.24279,16703,215.213,1,2,3,4,5,0
213,81,151.98,452.088,2.22723,2.66287,387.003,121.606,-0.146294,-1.80855,13990.2,200.988,1,2,3,4,5,0
213,82,151.659,455.792,1.88639,1.93972,570.313,129.721,1.0443,-8.21216,12618.2,205.657,1,2,3,4,5,0
213,83,153.201,457.385,1.72686,2.67674,702.419,163.745,4.91809,-12.1463,19868.5,279.686,1,2,3,4,5,0
213,84,154.177,456.867,2.01374,2.98479,629.688,189.731,2.9187,-2.68101,22681.5,318.893,1,2,3,4,5,0
213,85,154.799,456.174,1.71896,3.81458,440.735,249.055,-9.02175,17.4962,16325,345.077,1,2,3,4,5,0
213,86,158.732,454.444,1.36764,1.50108,377.684,146.412,-10.5711,0.137109,4873.02,173.728,1,2,3,4,5,0
213,87,161.047,453.063,1.36628,2.05215,255.244,114.892,-2.75816,-1.97283,4497.27,137.651,1,2,3,4,5,0
213,88,160.247,452.215,1.75133,1.97303,257.025,100.796,-1.62665,-0.203611,5514.8,129.284,1,2,3,4,5,0
213,89,159.448,451.368,2.13637,1.89391,258.806,86.6996,-0.495147,1.56561,6532.33,120.917,1,2,3,4,5,0
213,90,158.015,450.837,1.5587,1.79676,379.302,104.423,-3.57367,-1.77368,6669.72,138.077,1,2,3,4,5,0
213,91,155.492,450.49,3.49054,2.97713,312.611,39.8496,-3.14771,-3.52686,17249.2,151.337,,,,,,0
214,55,277.752,114.414,3.29321,4.17607,365.125,-27.6401,7.86214,1.52843,26473.9,145.178,1,2,3,4,4,0
214,56,277.084,115.287,2.53359,2.34804,319.322,67.5148,3.90694,-8.27954,11606.1,136.686,1,2,3,4,5,0
214,57,275.835,116.155,2.91033,3.28521,282.547,39.8799,3.23886,-12.5929,15702,138.26,1,2,3,4,5,0
214,58,276.109,115.183,2.83529,2.88972,333.716,51.8318,4.00363,-9.4506,15794.9,149.462,1,2,3,4,5,0
214,59,276.384,114.21,2.76025,2.49423,384.885,63.7838,4.7684,-6.30828,15887.8,160.663,1,2,3,4,5,0
214,60,277.856,114.317,2.6165,3.07898,299.03,67.592,2.88623,-9.96608,14051.4,156.55,1,2,3,4,5,0
214,61,278.981,118.072,2.26376,2.73027,295.38,69.5211,-0.775502,-4.62021,11143.6,137.124,1,2,3,4,5,0
214,62,280.106,121.828,1.91102,2.38156,291.73,71.4501,-4.43723,0.725658,8235.68,117.698,1,2,3,4,5,0
214,63,277.981,122,2.49327,1.44217,325.966,88.4176,-3.56037,0.223705,7250.8,131.42,1,2,3,4,5,0
214,64,275.46,122.292,2.91454,2.44496,367.144,39.7375,2.29387,-3.6864,16120.4,140.16,1,2,3,4,5,0
214,65,275.965,121.812,2.62477,2.20678,386.105,51.8085,-1.50258,-2.01493,13663.7,141.982,1,2,3,4,5,0
214,66,275.738,122.842,2.40369,2.06495,341.464,63.5974,-1.01722,-3.51723,10480.5,129.148,1,2,3,4,5,0
214,67,273.232,123.026,2.20881,2.04135,313.391,80.297,-0.895632,-4.72015,8862.23,134.609,1,2,3,4,5,0
214,68,270.727,123.211,2.01393,2.01775,285.317,96.9966,-0.774048,-5.92306,7243.99,140.071,1,2,3,4,5,0
214,69,267.64,125.46,1.87295,2.49605,301.322,125.471,-2.65842,2.92806,8464.47,174.663,1,2,3,4,5,0
214,70,264.553,127.709,1.73197,2.97434,317.328,153.946,-4.54279,11.7792,9684.94,209.254,1,2,3,4,5,0
214,71,264.546,126.024,1.73324,2.25298,378.621,129.366,-6.96333,18.6298,10306.6,199.959,1,2,3,4,5,0
214,72,263.961,126.395,1.82423,2.04448,413.174,142.472,-6.54461,15.774,9445.77,201.728,1,2,3,4,5,0
214,73,263.851,127.753,1.92629,2.23786,363.641,142.761,-3.82809,9.13374,9761.88,198.876,,,,,,0
215,56,337.504,139.331,2.32431,1.9085,247.766,122.87,4.45956,-0.552698,6979.87,168.124,1,2,2,3,4,0
215,57,336.453,138.604,2.29364,1.92411,264.124,96.2931,4.69559,4.88295,7241.6,140.817,1,2,2,3,4,0
215,58,337.64,138.687,2.13504,1.62637,284.515,147.526,7.0213,-1.21609,6184.43,179.302,1,1,2,3,4,0
215,59,337.937,138.187,3.04701,2.20101,429.647,71.3306,10.8187,-4.09314,17547.7,180.03,1,1,2,2,2,0
215,60,337.778,138.394,2.50206,2.05069,491.992,94.9028,1.66363,-4.35143,15068.8,190.095,1,1,2,2,2,0
215,61,337.33,138.162,2.11957,1.72946,557.056,137.824,1.68013,-0.340829,12763.4,215.55,1,1,2,2,2,0
215,62,337.669,138.205,2.44037,1.83479,399.219,152.065,-1.71178,-6.84414,10966.4,214.047,1,1,2,3,4,0
215,63,338.068,137.681,2.84811,2.55809,442.716,136.744,-0.400804,-6.37587,19882.3,252.136,1,2,3,4,5,0
215,64,337.055,136.948,2.68422,2.37482,587.492,141.264,2.28057,-3.18818,21634.6,272.686,1,2,3,4,5,0
215,65,336.833,135.559,2.33838,3.6925,442.467,147.619,-2.19185,0.538796,20700.2,271.959,1,2,3,4,5,0
215,66,334.98,132.568,1.95605,2.11902,256.533,299.702,18.0132,-4.59845,4452.27,315.035,1,2,3,4,5,0
215,67,335.397,134.073,2.28833,2.96979,349.517,241.43,10.736,-9.12725,14171.4,322.796,1,2,3,4,5,0
215,68,335.814,135.579,2.62061,3.82056,442.5,183.158,3.45881,-13.6561,23890.6,330.556,1,2,3,4,5,0
215,69,335.936,137.144,1.91707,3.00796,602.666,199.17,-5.35838,-16.2593,20814,315,1,2,3,4,5,0
215,70,335.636,138.285,2.60739,2.97328,540.696,151.321,-8.95523,-12.7101,24644.2,296.604,1,1,1,1,1,0
215,71,335.682,138.298,2.36106,1.9434,520.47,207.501,-14.5446,-9.37035,14321.6,278.893,1,1,1,1,1,0
215,72,335.508,138.548,2.48654,1.99563,498.735,172.541,-0.995915,-6.41693,15317.2,257.746,1,2,3,4,5,0
215,73,336.159,139.045,2.8685,2.54669,395.429,144.828,-12.3161,-8.80057,17202.1,242.911,1,2,3,4,5,0
215,74,334.077,137.745,3.50474,2.7678,434.698,133.648,-2.45452,-4.93034,23608.4,275.639,1,2,3,4,5,0
215,75,331.996,136.445,4.14098,2.98891,473.967,122.468,7.40707,-1.06011,30014.7,308.367,1,2,3,4,5,0
215,76,328.726,136.328,4.02763,2.58207,374.373,139.237,-3.10801,2.94259,22319.5,273.296,1,2,3,4,5,0
215,77,326.157,134.967,1.71651,2.82906,264.096,198.087,0.137736,11.8359,7231.62,238.024,1,2,3,4,5,0
215,78,325.404,129.629,1.86616,1.84447,301.826,170.291,0.0326895,8.41614,6518.19,200.71,1,2,3,4,5,0
215,79,327.316,128.315,1.58048,2.93694,241.684,163.223,-4.01417,6.82478,6757.11,202.243,1,2,3,4,5,0
215,80,329.289,128.012,2.13518,2.91263,568.832,125.598,-10.1057,22.2702,23735.1,278.87,1,2,3,4,5,0
215,81,329.356,127.914,1.73337,2.71477,512.048,209.79,-19.7987,13.7616,14741.1,298.172,1,2,3,4,5,0
215,82,327.178,128.177,1.76535,2.36522,477.151,226.231,3.16123,5.11642,13074.6,303.63,1,2,3,4,5,0
215,83,325,128.439,1.79733,2.01568,442.254,242.672,26.1212,-3.52875,11408.1,309.089,1,2,3,4,5,0
215,84,324.305,127.495,2.02656,2.30858,405.964,178.67,16.0996,-1.60619,11779.9,244.994,1,2,3,4,5,0
215,85,324.078,126.319,2.03033,1.83232,531.406,152.642,18.4965,0.523693,12377,234.107,1,2,3,4,5,0
215,86,324.924,125.712,3.14056,2.64761,559.407,59.7991,20.6604,18.5141,30916.8,254.349,1,2,3,4,5,0
215,87,326.36,127.051,2.22684,2.21562,527.968,137.768,13.0063,1.1487,15846.6,234.479,1,2,2,3,4,0
215,88,326.5,127.633,2.00446,1.9836,566.198,136.791,8.87641,4.90401,13973.9,220.26,1,2,2,3,4,0
215,89,326.936,128.342,2.20031,2.18734,507.753,119.916,3.88731,1.56478,15167.2,208.172,,,,,,0
216,57,68.0149,127.921,2.02614,1.7555,589.328,125.222,-2.57816,-9.42196,13127.2,205.627,1,2,3,4,5,0
216,58,68.7388,129.607,2.19804,1.78329,559.966,120.313,-2.03368,-8.73297,13693.1,199.976,1,2,3,4,5,0
216,59,71.3231,133.341,1.22041,1.71096,286.403,110.734,1.24473,-10.2749,3767.66,131.101,1,2,3,4,5,0
216,60,73.2163,133.406,1.92316,1.6138,532.16,111.703,8.50949,-10.023,10357.1,177.669,1,2,3,4,5,0
216,61,73.0283,133.658,2.04418,1.83957,515.93,123.099,10.7747,-15.4447,12656.5,205.154,1,2,3,4,5,0
216,62,72.2198,134.887,2.47989,2.09355,414.659,101.63,0.291338,-11.6034,13268.8,185.03,1,2,3,4,5,0
216,63,69.7837,136.428,2.09572,2.86932,289.289,80.3652,-1.94715,-7.54734,10171.7,142.799,1,2,3,4,5,0
216,64,69.3763,135.696,2.35617,3.26449,264.328,94.5855,-7.16853,-4.75113,11796.3,165.331,1,2,3,4,5,0
216,65,71.1571,136.665,1.88397,2.11285,289.311,104.552,0.205865,-5.9378,7192.72,148.018,1,2,3,4,5,0
216,66,76.3712,137.409,1.85041,2.08683,267.862,135.454,7.28161,-16.3493,6451.9,173.639,1,2,3,4,5,0
216,67,77.5283,135.777,2.02369,2.21443,540.658,136.919,17.1656,-21.5242,15807.3,238.657,1,2,3,4,5,0
216,68,76.5562,135.503,1.98326,2.53808,530.871,97.2823,1.96137,-6.80078,16423.7,198.29,1,2,3,4,5,0
216,69,73.8885,135.316,2.4417,1.9336,447.269,116.201,-1.51422,-4.73903,13064.4,188.953,1,2,3,4,5,0
216,70,72.4519,136.199,2.2506,2.52797,521.832,73.2148,0.0746099,-5.94399,18179,181.266,1,2,3,4,5,0
216,71,72.4841,135.833,2.15823,2.7444,450.695,83.3641,-0.438893,-4.69161,16199.1,179.13,1,2,3,4,5,0
216,72,74.6103,135.621,2.01223,2.24611,544.34,105.624,-1.16936,-3.88731,14624.3,190.482,1,2,3,4,5,0
216,73,76.7366,135.41,1.86622,1.74781,637.984,127.885,-1.89983,-3.08301,13049.5,201.834,1,2,3,4,5,0
216,74,76.2408,135.513,1.68154,1.80317,660.421,138.026,4.94641,3.45612,12396.4,207.757,1,2,3,4,4,0
216,75,76.6515,136.131,2.24824,2.39523,575.709,103.569,3.94386,2.35354,19034.6,215.379,1,2,3,4,5,0
216,76,77.48,136.864,2.53289,2.32519,493.441,110.963,3.03416,-2.67885,17477.4,217.219,1,2,3,4,5,0
216,77,79.2459,138.293,1.60473,2.09817,566.918,169.282,10.2139,6.04562,11642.1,242.586,1,2,3,4,4,0
216,78,80.2593,137.53,2.52195,1.98309,441.176,157.19,17.2647,3.55364,13586.5,241.302,1,2,2,3,4,0
216,79,80.6604,137.969,2.25182,1.9191,512.829,157.308,10.0897,-2.27284,13761.2,235.337,1,2,2,3,4,0
216,80,79.4212,138.217,2.0687,1.96513,635.267,141.826,8.5356,1.16545,16125.2,234.822,1,1,2,3,4,0
216,81,79.2629,137.56,2.28078,2.47869,547.545,107.473,6.98843,0.85977,18599,218.627,1,1,1,1,1,0
216,82,79.4295,137.466,1.98382,1.89518,708.795,113.725,0.594234,-4.0095,16749.5,212.568,1,1,1,1,1,0
216,83,79.0218,137.261,1.9908,2.12742,692.873,111.749,3.63882,-5.14014,18247.6,219.746,1,1,1,1,1,0
216,84,79.0923,137.282,1.76905,2.22274,678.215,121.163,5.01738,-4.72246,16630.2,221.136,1,1,1,1,1,0
216,85,79.1826,137.154,2.01842,2.36037,619.073,116.14,6.04213,-0.340782,18284.2,225.769,1,1,1,1,1,0
216,86,79.1343,137.072,2.31763,2.1218,578.534,102.098,5.53785,3.57991,17403,215.817,1,1,1,1,1,0
216,87,79.1056,137.464,1.94967,1.62158,703.615,145.37,7.97473,-8.49664,12960.4,226.195,1,1,1,1,1,0
216,88,79.5237,137.405,1.74527,1.82126,799.133,133.53,3.62468,2.02371,15930.2,223.112,1,1,1,1,1,0
216,89,79.0846,137.42,2.14643,2.08762,699.648,72.8167,0.428078,-1.57532,19516.4,191.426,1,1,1,1,1,0
216,90,79.5166,137.226,2.07769,2.27762,590.789,82.3639,-0.206152,-2.18631,17653.9,186.473,1,1,1,1,1,0
216,91,79.7033,136.839,2.45933,2.34115,613.813,74.0822,4.18072,-2.4914,22124.3,205.509,1,1,1,1,1,0
216,92,79.2951,137.055,2.03651,2.04974,638.986,101.005,4.41534,-5.54308,16592.4,198.213,1,1,1,1,1,0
216,93,79.3874,137.332,1.87022,2.18362,627.02,105.119,0.252614,-7.66219,15233.1,195.515,1,1,1,1,1,0
216,94,79.3627,137.308,2.02958,2.23787,609.548,79.8923,0.150914,-4.13723,17209.8,182.751,1,1,1,1,1,0
216,95,79.4852,137.263,2.18177,1.97503,660.979,77.4378,-1.48846,-3.47467,17733.6,185.692,1,1,1,1,1,0
216,96,79.4595,137.501,1.99936,2.14997,640.163,71.4778,-1.2576,-6.58151,17343.2,175.343,1,1,1,1,1,0
216,97,79.5757,137.47,1.81726,2.13147,625.434,80.0425,-0.336462,-4.44816,14834.2,165.467,1,1,1,1,1,0
216,98,79.6592,136.925,1.79665,2.14098,651.634,90.7103,0.484126,-1.17961,15507.7,183.645,1,1,1,1,1,0
216,99,79.9134,137.38,1.73157,2.28749,576.326,112.639,-0.229669,-2.25662,14206.4,191.314,1,1,1,1,1,0
216,100,80.0754,137.374,1.82745,2.21001,661.032,103.393,-1.91231,-0.601613,16222.2,197.349,1,1,1,1,1,0
216,101,80.2086,137.529,2.08229,2.12314,713.013,83.4418,-3.49353,-1.33923,18898.3,196.899,,,,,,0
217,57,183.96,401.069,1.73318,2.31609,279.237,116.8,7.09402,-13.1147,6979.91,153.213,1,2,3,4,5,0
217,58,186.174,398.613,2.15546,1.939,386.205,149.387,-0.191548,2.56848,9041.21,201.302,1,2,3,4,5,0
217,59,189.476,398.536,2.23696,1.89834,216.571,126.849,-8.06949,7.45379,4848.75,156.408,1,2,3,4,5,0
217,60,191.735,398.822,2.07446,2.35708,225.429,101.286,-3.46008,3.10127,6253.21,138.991,1,2,3,4,5,0
217,61,193.995,399.108,1.91196,2.81582,234.286,75.7225,1.14932,-1.25124,7657.68,121.574,1,2,3,4,5,0
217,62,195.433,398.126,1.96876,2.64722,303.069,93.243,0.278485,-2.18737,9589.93,149.03,1,2,3,4,5,0
217,63,196.872,397.144,2.02556,2.47862,371.852,110.764,-0.59235,-3.12351,11522.2,176.485,1,2,3,4,5,0
217,64,197.003,397.435,2.19249,2.43044,404.035,92.8981,-1.36157,-3.90825,13915.4,174.793,1,2,3,4,5,0
217,65,197.702,397.759,3.0582,2.66916,447.528,45.1418,-5.78159,8.36184,23090.1,193.669,1,2,3,4,5,0
217,66,199.158,398.207,2.14173,2.24854,358.228,133.468,-2.05055,-2.72731,10613.7,190.349,1,2,3,4,5,0
217,67,201.155,399.032,1.80582,2.05159,354.572,116.174,-1.50286,-0.0755582,8221.2,160.385,1,2,3,4,5,0
217,68,202.862,401.467,1.88768,2.18991,720.692,143.4,-0.30967,-0.709416,18565.9,250.231,1,2,3,4,5,0
217,69,202.297,404.901,2.87162,3.13539,662.589,100.019,-9.83908,-4.69754,34059.2,308.219,1,2,3,4,5,0
217,70,201.97,406.409,2.11005,2.56982,938.513,134.802,-10.1341,-5.00362,31407.3,328.166,1,2,3,4,5,0
217,71,202.228,407.365,2.57973,2.34166,881.647,146.691,-7.56691,-8.12799,32335.2,336.876,1,2,3,4,5,0
217,72,199.697,408.829,2.29026,1.83043,421.693,286.095,34.4817,-26.2596,9808.62,341.462,,,,,,0
218,57,203.361,319.559,2.4551,1.87178,382.388,111.214,1.54639,-3.10575,10859.9,179.675,1,2,3,4,5,0
218,58,205.823,321.987,2.43344,1.64935,385.602,149.967,22.5264,-16.5209,9607.59,203.426,1,2,3,4,5,0
218,59,205.081,321.966,2.02411,1.56787,300.807,111.351,17.1742,-7.92892,6379.7,158.722,1,2,3,4,5,0
218,60,204.523,317.343,1.54841,2.64926,288.062,122.162,4.72828,-0.505563,7715.14,162.503,1,2,3,4,5,0
218,61,200.669,316.105,2.82983,2.16588,255.594,89.9222,7.40339,-1.73314,9456.55,148.692,1,2,3,4,5,0
218,62,199.11,316.533,2.05456,1.87659,416.229,105.463,-1.32169,-3.00866,9615.71,162.059,1,2,3,4,5,0
218,63,197.45,317.842,3.52745,1.50066,351.449,126.507,-2.7779,-12.8848,10631.1,192.337,1,2,3,4,5,0
218,64,201.065,319.266,2.42576,2.29319,290.745,98.7361,0.891215,-4.00373,9944.86,154.243,1,2,3,4,5,0
218,65,201.371,320.104,2.21779,2.30512,453.378,76.0409,5.34913,-3.88513,15138.2,166.178,1,2,3,4,5,0
218,66,200.795,321.347,2.05326,1.67291,574.58,91.9917,2.95662,-3.21242,12355.1,165.828,1,2,3,4,5,0
218,67,202.522,321.62,1.44499,1.56933,286.509,108.334,5.04281,3.78726,3380.52,125.811,1,2,3,4,5,0
218,68,206.681,323.917,1.63139,2.18694,268.996,132.67,9.19413,-1.4299,6003.91,162.355,1,2,3,4,5,0
218,69,207.022,323.314,1.98489,2.50382,324.437,122.205,11.8257,2.93541,9256.25,179.503,1,2,3,4,5,0
218,70,205.042,323.73,3.05987,2.6068,292.699,74.1002,11.0922,-4.1865,14656.7,169.598,1,2,3,4,5,0
218,71,202.704,323.47,3.33079,2.62392,469.038,47.8035,3.75258,-1.67319,23655,195.249,1,2,3,4,5,0
218,72,203.326,323.839,2.26528,1.67499,461.142,146.635,4.60479,3.8197,10357.4,201.343,1,2,3,4,5,0
218,73,204.572,325.157,2.28042,2.27665,493.048,99.7218,-1.65266,0.262325,15911.9,195.799,1,2,3,4,5,0
218,74,207.376,324.336,2.11685,2.21662,362.159,100.382,-1.03376,-0.127298,11078.1,165.263,1,2,3,4,5,0
218,75,210.181,323.515,1.95328,2.1566,231.27,101.042,-0.414858,-0.516922,6244.26,134.728,1,2,3,4,5,0
218,76,210.784,320.199,1.97698,2.12334,232.574,99.1652,0.262678,-2.02081,6173.96,133.124,1,2,3,4,5,0
218,77,211.387,316.884,2.00068,2.09008,233.877,97.2885,0.940214,-3.5247,6103.65,131.521,1,2,3,4,5,0
218,78,213.064,316.116,1.28449,1.62445,253.715,108.005,1.76351,-6.7281,3330.15,129.538,1,2,3,4,5,0
218,79,212.202,313.039,2.2559,1.56283,269.328,98.2125,5.52831,-4.95076,5920.57,132.207,1,2,3,4,5,0
218,80,209.201,311.444,2.5082,2.24766,252.336,87.1761,3.67605,-5.82381,8538.11,137.612,1,2,3,4,5,0
218,81,206.201,309.85,2.7605,2.93249,235.345,76.1396,1.8238,-6.69686,11155.6,143.018,1,2,3,4,5,0
218,82,203.066,307.635,1.47573,1.71951,259.217,108.44,4.27552,-3.96136,4131.62,130.426,1,2,3,4,5,0
218,83,200.676,307.222,1.97072,1.6479,368.942,103.935,-6.60661,-4.87589,7509.45,143.923,,,,,,0
219,57,246.959,136.316,2.22421,3.07888,274.012,102.085,8.45037,1.11152,11110.9,165.036,1,2,3,4,5,0
219,58,249.034,136.695,3.20428,2.19319,311.679,96.4809,2.23469,-7.43534,13829.9,186.231,1,2,3,4,5,0
219,59,254.203,135.739,3.58814,2.93815,315.243,102.253,7.0164,-1.70086,18754.2,220.45,1,2,3,4,5,0
219,60,259.428,131.848,3.08393,2.08839,302.172,115.691,0.41672,6.85113,11536.4,183.201,1,2,3,4,5,0
219,61,261.426,131.443,3.0065,2.37191,419.702,90.7244,-0.548544,-1.77422,17560,196.343,1,2,3,3,4,0
219,62,261.636,132.119,3.1151,2.65768,511.218,63.1086,-0.819338,-5.1903,24552.6,213.728,1,2,2,3,4,0
219,63,262.049,132.105,2.62279,2.53415,537.022,94.5825,-5.89586,-0.290783,21298.5,218.633,1,2,3,3,4,0
219,64,262.549,133.517,2.42367,2.43764,459.313,107.25,-7.91291,-4.92096,16386.7,201.456,1,2,3,3,4,0
219,65,263.836,134.459,2.43325,2.46983,323.757,89.5606,-10.5942,-3.33901,12154,166.775,1,2,2,3,4,0
219,66,263.029,135.272,2.11615,2.46286,371.045,85.1687,-2.56466,0.874061,12101.1,154.852,1,2,2,3,4,0
219,67,263.411,135.019,2.59184,2.62777,385.14,79.7122,-8.16311,5.86014,15779.9,177.598,1,2,2,3,4,0
219,68,264.427,134.886,1.65644,2.57468,362.754,149.255,-9.65851,5.56751,9531.26,204.811,1,2,2,3,4,0
219,69,264.434,134.75,1.80736,2.93082,365.769,143.586,-3.89378,-7.33281,11519.1,215.734,1,2,3,4,5,0
219,70,264.666,136.427,2.73487,2.60854,272.158,142.821,-8.7828,-13.4557,10782.5,211.29,1,2,3,4,5,0
219,71,264.974,137.67,2.34554,1.64073,389.1,213.06,-15.5873,-14.5141,9401.25,266.562,1,2,3,4,5,0
219,72,262.697,137.567,3.34493,2.40251,303.7,228.431,6.58752,-5.10907,12637.6,298.722,1,2,3,4,5,0
219,73,262.2,138.494,3.19231,2.74262,346.329,183.098,6.37711,-0.784041,17488.9,295.876,1,2,3,4,5,0
219,74,264.47,139.419,2.567,2.67389,595.334,170.349,-7.71284,-10.7522,24496.6,316.385,1,2,3,4,5,0
219,75,265.485,138.689,2.26087,2.10309,909.315,210.535,-17.2287,-16.0276,27397.1,373.976,1,2,3,4,5,0
219,76,265.236,137.777,3.16723,2.31486,1106.28,165.244,-18.8281,-18.0547,47570.2,452.408,1,2,3,4,5,0
219,77,264.991,137.593,2.92012,2.59975,1234.7,110.424,-12.2845,-3.19438,54095.3,444.965,1,2,3,4,5,0
219,78,265.304,139.057,4.23373,3.55735,1079.52,-144.382,-22.3093,-29.6068,81121.7,379.414,1,2,3,4,5,0
219,79,265.172,140.025,1.81473,2.12724,764.457,282.39,-27.1912,-33.3648,18147.1,366.189,1,2,3,4,5,0
219,80,261.73,138.898,4.21922,3.36721,843.733,25.9242,-3.16023,-12.2811,60428.1,408.296,1,2,3,4,5,0
219,81,259.475,140.308,3.02828,2.56406,990.551,172.915,4.7199,-5.84389,45365.3,445.473,1,2,3,4,5,0
219,82,258.876,143.491,3.60757,2.66753,748.913,178.286,15.1378,-23.3877,37224.9,402.527,1,2,3,4,5,0
219,83,261.837,144.762,3.20281,2.06113,735.843,200.965,-37.1113,-10.7881,28354.3,381.45,1,2,3,4,5,0
219,84,260.003,143.332,2.66482,2.22063,662.692,256.155,-4.98921,4.67906,23588,395.68,1,2,3,4,5,0
219,85,258.17,141.903,2.12683,2.38012,589.54,311.344,27.1329,20.1462,18821.6,409.911,1,2,3,4,5,0
219,86,257.27,141.478,1.82273,2.29692,511.176,244.515,13.083,14.4934,13833.9,327.586,1,2,3,4,5,0
219,87,256.363,142.768,2.98948,3.90978,505.203,49.7348,-6.39143,-2.3391,31013.2,251.367,1,2,3,4,5,0
219,88,256.977,143.137,2.77354,3.78175,549.433,72.276,-3.81837,0.0955859,31282.7,268.92,1,2,3,4,5,0
219,89,257.592,143.505,2.5576,3.65372,593.662,94.8172,-1.24531,2.53027,31552.1,286.473,1,2,3,4,5,0
219,90,258.617,143.148,2.30404,3.82918,462.629,147.438,0.863119,1.33504,22467.9,281.663,1,2,3,4,5,0
219,91,257.722,146.314,2.02589,3.61238,271.636,151.116,-1.17869,-12.8268,12087.4,219.68,,,,,,0
220,57,303.391,81.1409,1.88578,1.69675,360.163,202.09,20.9323,6.10623,8010.62,251.308,1,1,1,2,2,0
220,58,302.895,81.2659,2.34913,2.29977,496.764,145.873,24.7012,9.11975,18375.5,254.479,1,1,1,2,2,0
220,59,302.749,81.4808,1.89909,2.1831,540.938,186.944,16.6156,10.3141,13974.8,260.408,1,1,1,2,2,0
220,60,303.134,81.6515,2.55966,2.71921,486.007,115.2,3.81018,-0.138254,21626.8,253.929,1,1,1,2,2,0
220,61,302.605,81.579,2.35584,2.74172,520.036,92.9557,4.0536,-1.30117,21159.5,219.675,1,1,1,2,2,0
220,62,302.125,81.8088,2.0973,2.20569,575.928,117.839,4.64825,-2.40811,16569.4,216.68,1,1,1,2,2,0
220,63,302.005,81.8679,2.39784,2.24959,592.201,104.42,6.38612,-2.26492,19691.9,222.852,1,1,2,2,2,0
220,64,302.658,82.3129,2.5283,2.90855,515.96,70.4204,3.72924,-5.62673,22492.4,209.047,1,1,2,2,2,0
220,65,302.608,82.4191,2.13588,3.23439,348.714,112.919,0.533915,-6.14218,13118.9,191.503,1,1,2,3,4,0
220,66,302.435,81.9967,2.51426,2.73545,354.866,99.1117,1.21538,-5.50006,15043.6,192.71,1,2,2,3,4,0
220,67,302.929,80.8697,3.18418,2.34654,442.232,93.1301,-2.38621,-2.82051,19348.7,212.166,1,2,2,3,4,0
220,68,301.432,81.767,2.29275,1.50722,435.024,176.349,1.97738,-15.6107,8990.54,220.325,1,2,2,3,4,0
220,69,301.197,82.1765,3.02608,2.36056,395.142,94.8262,2.30616,-7.88742,16724,195.462,1,2,2,3,4,0
220,70,302.486,81.3314,2.60171,2.31193,438.96,100.701,-2.67989,-4.41932,16059.6,194.438,1,2,2,3,4,0
220,71,303.192,81.5542,2.39937,2.74931,435.122,91.932,-3.74594,-3.85654,17277.8,201.124,1,2,2,3,4,0
220,72,303.383,80.5796,1.80279,2.95023,352.325,141,-8.54942,-4.01078,11236.5,206.379,1,2,2,3,4,0
220,73,302.654,79.8123,3.03633,2.93233,350.612,101.22,-9.53953,2.88378,18847,219.521,1,2,2,3,4,0
220,74,302.126,79.2806,2.82128,2.53044,313.32,119.453,-7.44129,-1.98864,14000.1,206.003,1,2,2,3,4,0
220,75,301.598,78.7489,2.60624,2.12856,276.028,137.687,-5.34304,-6.86107,9153.25,192.485,1,2,2,3,4,0
220,76,302.658,79.2362,3.28418,3.12109,282.413,81.2449,-4.28534,-10.0296,15764.9,181.97,1,2,2,3,4,0
220,77,303.364,78.346,3.74323,3.04072,433.523,40.2108,-0.479114,0.797776,27196.3,209.059,1,2,2,3,4,0
220,78,303.022,78.1268,3.98192,2.82393,351.568,52.2937,2.95979,0.800401,21810.6,188.509,,,,,,0
221,57,353.674,132.896,2.03383,1.6992,593.363,168.679,-6.35409,-8.48859,12731.5,250.237,1,2,2,3,4,0
221,58,354.539,132.942,2.09902,2.03593,586.673,133.797,-11.2168,-8.48742,16859.1,238.237,1,2,2,3,4,0
221,59,355.22,132.845,1.57335,1.8614,746.252,147.037,-4.50022,-11.8105,13714.4,223.822,1,2,3,4,5,0
221,60,356.323,132.632,1.85718,2.04749,865.37,108.788,0.742486,-6.55217,20575.4,228.716,1,2,3,4,5,0
221,61,357.789,132.234,2.3144,1.71863,497.51,122.789,2.63042,-2.94889,12312.9,189.503,1,2,3,4,5,0
221,62,360.849,131.715,2.33755,2.29897,509.446,85.678,-0.189544,1.61215,16878.3,187.249,1,2,3,4,5,0
221,63,361.229,132.242,2.06996,2.17332,563.491,96.5167,0.107003,-2.48872,15780.4,185.349,1,2,3,4,5,0
221,64,360.772,132.044,2.27982,1.90334,613.082,109.637,-2.99725,-3.84036,16552.9,204.805,1,2,3,4,5,0
221,65,362.7,131.088,1.5914,2.11997,505.26,137.594,-5.60605,-6.74324,9590.94,191.769,1,2,3,4,5,0
221,66,363.129,130.667,1.6223,2.43044,678.313,98.5177,2.68408,2.15938,17189.6,197.852,1,2,3,4,5,0
221,67,363.28,131.816,1.79919,1.94964,501.694,113.891,-0.346079,4.61254,11026.5,176.249,1,2,3,4,5,0
221,68,364.483,131.545,1.7776,1.9123,378.255,145.569,-0.601384,7.3458,7241.21,187.03,1,2,3,4,5,0
221,69,367.701,130.629,1.63031,1.35623,397.356,157.141,1.72826,-0.715907,5520.51,188.42,1,2,3,4,5,0
221,70,371.763,130.159,2.68247,1.96507,269.726,124.357,0.54295,-4.73398,8692.44,175.195,1,2,3,4,5,0
221,71,370.876,129.747,3.51261,2.25357,235.872,85.2154,1.94561,-2.4861,10825.9,154.74,1,2,3,4,5,0
221,72,371.88,129.358,3.06401,2.02625,283.627,90.5983,-4.08352,-0.939937,10801.9,154.822,1,2,3,4,5,0
221,73,374.125,129.452,2.81358,2.42017,252.301,78.6787,0.436484,0.568469,10300.1,143.763,1,2,3,4,5,0
221,74,376.8,131.498,2.08751,2.13501,429.342,97.7252,-2.15784,-6.55581,11717.6,168.882,1,2,3,4,5,0
221,75,375.578,130.749,2.53247,2.71625,311.61,90.6799,1.57709,-10.434,12957.8,172.367,1,2,3,4,5,0
221,76,375.306,128.633,2.36606,2.31859,549.229,107.721,-4.14632,-4.9916,18290.2,214.402,1,2,3,4,5,0
221,77,372.775,129.586,2.46713,2.52974,357.313,103.439,0.0564171,-7.15288,13323.1,184.473,1,2,3,4,5,0
221,78,370.814,129.607,2.39607,2.07397,504.854,122.89,0.159617,-8.19111,15355.6,217.154,1,2,3,4,5,0
221,79,371.559,129.758,2.41917,2.17829,551.581,88.1755,2.87548,-6.73047,17904.2,202.32,1,2,3,4,5,0
221,80,374.139,128.238,2.02553,2.19728,467.247,104.839,-0.700348,-3.92681,12948.8,177.343,1,2,3,4,5,0
221,81,374.815,128.598,2.06564,2.35399,536.772,103.62,-0.165964,-7.76877,15754.5,196.994,1,2,3,4,5,0
221,82,372.536,130.605,2.26883,1.43683,452.284,148.583,5.62527,-10.1818,8152.31,196.343,1,2,3,4,5,0
221,83,369.656,130.795,1.82444,2.1379,516.151,113.911,1.71762,-6.49759,12474.9,189.13,1,2,3,4,5,0
221,84,369.163,130.708,2.79439,2.30405,344.127,79.9678,-9.01878,-4.38511,13363.8,160.367,1,2,3,4,5,0
221,85,365.137,130.58,1.98622,1.92887,558.034,98.7656,-0.623827,-6.87167,13373.6,177.627,1,1,1,1,1,0
221,86,365.03,130.395,2.13208,2.01131,454.301,86.8762,-2.21605,-4.42424,12147.7,155.621,1,1,1,1,1,0
221,87,365.017,130.262,2.42774,2.1348,361.29,102.227,-3.23931,4.19223,11557.7,168.633,1,2,2,3,4,0
221,88,366.18,130.514,2.54519,2.11687,402.363,89.9342,-3.06589,-2.26521,13331.7,170.42,1,2,2,3,4,0
221,89,367.69,130.503,2.18349,1.89586,555.723,108.786,-5.57009,-4.38559,14217.3,189.893,1,2,2,3,4,0
221,90,367.63,130.516,2.15226,2.30605,482.149,93.1955,0.944163,-3.84655,14798.8,180.947,1,2,2,3,4,0
221,91,368.198,130.092,2.00308,2.10445,587.048,84.6685,5.49265,-4.95665,15445.9,177.621,1,2,2,3,4,0
221,92,369.808,129.662,2.4989,2.1781,510.27,72.8022,1.76305,-2.27863,17068.7,177.852,1,2,2,3,4,0
221,93,370.66,129.765,2.4601,2.38803,422.987,87.7277,1.94166,-7.4554,15119,180.71,1,2,2,3,4,0
221,94,371.498,129.74,2.27262,2.24348,530.944,79.8044,1.1376,-5.59186,17055.5,183.686,1,2,2,3,4,0
221,95,370.8,129.514,1.84589,2.07613,510.708,101.083,-3.5998,-4.68884,12203.7,173.515,1,2,2,3,4,0
221,96,370.64,129.263,1.81361,1.93956,525.063,111.199,-2.12102,-7.64904,11570.7,180.183,1,2,3,4,5,0
221,97,372.966,130.075,2.34398,1.9085,514.247,94.8593,0.724929,-10.6172,14289.9,178.521,1,2,3,4,5,0
221,98,373.889,130.313,2.11155,2.15679,636.335,112.795,0.19513,-2.09052,18033.1,217.763,1,2,3,4,5,0
221,99,374.693,128.514,1.84861,2.16512,527.606,104.727,-4.07967,-0.94142,13168.6,182.396,1,2,3,4,5,0
221,100,374.195,128.582,1.66032,1.89577,642.431,103.7,-4.36474,-4.10273,12679.6,174.959,1,2,3,4,5,0
221,101,370.711,129.674,2.54538,2.49634,454.505,90.5137,-5.3803,-7.48971,18564.5,201.929,,,,,,0
222,57,487.938,313.376,2.73565,2.7976,229.051,94.4495,2.67825,-4.06362,10372.1,160.272,1,2,3,4,5,0
222,58,490.516,313.197,2.09075,2.05822,478.86,106.283,4.43833,2.64519,12958.7,182.994,1,2,3,4,5,0
222,59,491.667,314.324,2.07199,2.166,632.991,121.228,9.23703,6.8547,17763.9,231.562,1,2,3,4,5,0
222,60,492.322,314.276,2.17364,2.57106,707.594,94.9304,3.51825,-1.76968,24217.6,243.03,1,2,3,4,5,0
222,61,491.927,313.958,2.13382,2.35802,851.102,77.9607,3.90884,-1.42435,26965.5,239.604,1,2,3,4,5,0
222,62,492.366,314.879,2.41811,2.584,507.6,96.8553,4.0521,-0.39828,19270.4,214.899,1,2,3,4,5,0
222,63,493.776,316.897,2.27957,2.22685,626.078,116.576,-2.02861,-2.44755,20528,234.254,1,2,3,4,5,0
222,64,492.314,317.717,1.77852,1.69059,293.497,149.479,9.16064,5.23212,6129.22,179.858,1,2,3,4,5,0
222,65,489.671,319.581,2.75704,2.08656,275.482,110.05,5.14093,0.631395,9831.48,173.547,1,2,3,4,5,0
222,66,487.028,321.445,3.73557,2.48252,257.466,70.6216,1.12121,-3.96933,13533.7,167.237,1,2,3,4,5,0
222,67,485.598,324.632,3.05014,2.35456,290.266,74.4537,2.78563,-5.26976,12425.1,158.195,1,2,3,4,5,0
222,68,484.169,327.82,2.36471,2.2266,323.066,78.2859,4.45006,-6.57018,11316.4,149.154,1,2,3,4,5,0
222,69,485.499,327.181,1.95947,1.95407,254.567,106.011,2.98428,-6.38875,6095.93,143.716,1,2,3,4,5,0
222,70,487.703,326.929,1.90385,2.01121,341.679,106.154,2.53916,-4.7976,8172.73,151.038,1,2,3,4,5,0
222,71,489.907,326.677,1.84824,2.06835,428.79,106.297,2.09405,-3.20644,10249.5,158.361,1,2,3,4,5,0
222,72,490.395,328.035,2.53171,2.31924,330.202,60.719,-2.91859,-5.94286,11870.7,136.527,1,2,3,4,5,0
222,73,490.686,327.741,2.20792,1.8573,344.986,90.5491,-0.626433,-0.558933,8819.12,141.308,1,2,3,4,5,0
222,74,491.322,326.302,2.03096,1.94746,381,127.556,4.95186,2.9699,9418.81,176.462,1,2,3,4,5,0
222,75,491.642,326.883,1.78916,2.16167,418.348,126.878,3.15767,-4.77403,10764.4,190.385,1,2,3,4,5,0
222,76,492.116,329.011,1.79115,2.1834,263.585,125.353,7.28655,-10.3539,6436.45,171.13,1,2,3,4,5,0
222,77,493.324,332.16,2.10913,2.18508,305.199,108.799,2.98345,-8.19327,8607.18,162.53,1,2,3,4,5,0
222,78,494.532,335.308,2.42712,2.18677,346.813,92.2454,-1.31964,-6.03268,10777.9,153.929,1,2,3,4,5,0
222,79,496.588,335.66,1.90836,1.73342,280.151,95.9834,4.62998,-6.51494,5818.47,129.817,1,2,3,4,5,0
222,80,499.743,337.738,2.52835,2.21845,435.503,79.1827,0.44824,-6.05539,14978.1,169.888,1,2,3,4,5,0
222,81,500.957,336.273,2.1529,2.70268,246.317,96.749,0.228972,-7.13199,8724.92,144.87,1,2,3,4,5,0
222,82,501.347,334.609,2.30279,3.12524,385.52,78.2657,3.86405,-4.56941,16309.8,184.846,1,2,3,4,5,0
222,83,501.964,335.774,2.36564,2.53773,410.788,75.3867,1.95695,-0.971682,15180.6,167.74,,,,,,0
223,58,216.786,331.175,2.06886,2.59404,432.285,106.494,-1.90589,-8.41834,14232.1,193.621,1,2,3,4,5,0
223,59,217.514,330.986,2.10617,2.79953,376.523,111.735,3.1467,-6.0019,13451.1,191.544,1,2,3,4,5,0
223,60,220.246,332.72,1.86782,1.92951,679.95,153.026,1.42467,-10.3358,15153.1,241.047,1,2,3,4,5,0
223,61,222.222,331.966,2.34365,2.36429,863.31,138.376,-12.0004,-5.16909,28007.8,300.337,1,2,3,4,5,0
223,62,221.465,333.494,2.79116,2.27729,511.792,104.068,-0.074232,-3.56632,19578.5,224.834,1,2,3,4,5,0
223,63,224.314,333.564,2.29747,1.62087,362.559,133.959,-5.41572,-1.12322,8111.83,176.077,1,2,3,4,5,0
223,64,226.788,330.83,2.15027,1.48542,1154.88,149.74,2.78253,-8.2073,23058.7,288.503,1,2,3,4,5,0
223,65,227.091,329.897,1.84873,1.81058,1520.24,138.775,-0.0397337,-5.89683,32307.4,329.396,1,2,3,4,5,0
223,66,228.379,330.108,1.32671,2.05255,882.393,162.844,-0.971726,2.42684,14705.2,239.964,1,2,3,3,4,0
223,67,228.733,330.234,1.84616,2.24931,779.011,150.406,-4.68103,-10.0441,20150.8,263.491,1,2,3,4,5,0
223,68,227.582,329.371,2.08663,2.15511,1165.17,114.042,2.92462,-9.62019,31950.7,307.609,1,2,3,4,5,0
223,69,227.985,329.492,2.0749,2.07431,1196.18,96.2214,-1.51459,-6.30867,32259.4,289.172,1,2,3,4,5,0
223,70,229.282,331.929,1.55017,1.3992,925.178,155.454,-4.05489,-11.9268,12607,224.71,1,2,3,4,5,0
223,71,230.143,335.799,2.41037,1.81023,526.314,95.7327,-3.85545,-2.64622,14239.6,178.503,1,2,3,4,5,0
223,72,232.129,337.805,2.73761,2.2348,285.798,97.0592,-3.50603,-4.27882,10607.6,155.988,1,2,3,4,5,0
223,73,232.633,337.744,2.46947,2.32666,391.88,78.6146,-2.07776,-1.02893,13791.1,161.462,1,2,3,4,5,0
223,74,232.046,336.809,2.39313,2.27926,496.841,98.6271,-2.6058,-5.03143,16692.9,199.716,1,2,3,4,5,0
223,75,231.629,334.438,2.01168,2.20626,1036.28,143.572,2.04269,-14.5456,26917.3,302.728,1,2,3,4,5,0
223,76,230.705,332.4,1.82015,1.95217,1052.89,140.689,-1.90968,-14.2538,23182.8,275.828,1,2,3,4,5,0
223,77,230.174,330.737,2.17477,1.9199,912.535,123.078,0.471653,-3.31303,22826.2,257.799,1,2,3,4,5,0
223,78,231.745,331.536,2.31725,2.06227,327.331,85.2775,-3.87584,-3.97988,9695.25,143.349,,,,,,0
224,58,380.326,162.105,2.79155,2.28739,577.653,214.833,-9.8496,9.8366,22252.8,346.929,1,2,2,3,4,0
224,59,380.675,162.271,2.30357,2.29702,633.218,209.962,-8.64633,11.0143,20669.5,322.254,1,2,3,4,5,0
224,60,379.519,163.199,3.03389,2.84818,682.129,146.334,6.29519,-8.06701,35584.2,354.118,1,2,3,4,5,0
224,61,379.173,164.345,2.66108,2.423,575.487,232.821,17.1687,-21.6667,20894.2,356.112,1,2,3,4,5,0
224,62,378.548,164.726,2.8259,3.16888,429.898,159.655,12.7676,-11.9918,22506.6,299.467,1,2,3,4,5,0
224,63,376.388,167.118,2.23316,1.81752,405.948,203.623,25.8418,-19.1383,10279.8,257.698,1,2,3,4,5,0
224,64,378.256,167.065,3.23273,2.4826,544.383,131.986,10.3217,-8.18097,25084.1,280.13,1,2,3,4,5,0
224,65,378.151,167.43,3.35041,2.46801,528.076,84.1492,-0.515008,-4.45585,24994.1,237.036,1,2,3,4,5,0
224,66,375.063,167.633,2.5401,2.29368,366.902,100.411,3.9137,-3.13451,13074.9,182.101,1,2,3,4,5,0
224,67,373.972,167.663,1.91301,1.89753,508.343,99.5952,-4.60023,-4.39659,11557.8,166.42,1,2,2,3,4,0
224,68,373.758,167.221,2.15158,1.97339,562.521,85.0466,-1.90945,2.25704,14895.5,173.148,1,2,2,3,4,0
224,69,373.878,167.652,2.31755,1.84776,485.375,92.2331,-0.256139,1.15777,12923.9,168.237,1,2,2,3,4,0
224,70,373.051,167.727,2.17644,1.71186,461.968,96.3177,-3.1021,0.343969,10752,158.278,1,2,3,3,4,0
224,71,371.766,168.901,1.66378,1.47941,494.859,133.637,-3.26295,-4.64367,7654.22,180.467,1,2,2,3,4,0
224,72,371.56,169.922,1.88928,2.13393,443.092,119.017,-8.25532,-1.14641,10445,176.249,1,2,2,3,4,0
224,73,371.716,169.119,1.58296,1.85763,509.871,105.242,-4.71906,-3.37263,9408.65,159.337,1,2,3,3,4,0
224,74,372.52,167.482,2.1245,2.10126,382.476,115.465,-5.24403,-5.82324,10381.3,178.639,1,2,2,3,4,0
224,75,372.244,166.407,2.82535,3.27281,407.853,86.1875,-6.38508,-11.1401,21388.4,216.876,1,1,2,3,4,0
224,76,372.534,166.691,3.03696,4.10261,564.531,-5.91333,-12.6792,-6.90189,38247.8,236.515,1,1,2,3,4,0
224,77,373.193,166.556,1.98221,3.52314,569.968,135.304,-3.33536,-7.66818,22707.1,267.012,1,1,1,1,1,0
224,78,373.364,166.64,1.96463,2.95804,506.711,131.421,0.669086,-8.52024,17592.6,235.988,1,1,1,1,1,0
224,79,373.535,166.724,1.94704,2.39294,443.455,127.538,4.67353,-9.3723,12478.1,204.964,1,1,1,1,1,0
224,80,373.594,166.467,2.03322,2.13668,425.724,103.817,1.91356,-7.15339,11515.8,175.852,1,1,1,1,1,0
224,81,373.978,166.697,2.04629,1.84863,496.352,103.171,1.27422,-2.73247,12270.4,177.148,1,2,3,4,5,0
224,82,376.278,169.614,1.79011,1.90781,333.779,112.927,-1.5606,-7.68902,7143.9,156.497,1,2,3,4,5,0
224,83,377.112,169.413,2.0788,2.16826,376.045,105.729,1.4255,-6.32907,10784.9,169.84,1,2,2,4,5,0
224,84,376.403,169.127,2.01994,2.24229,462.7,91.0791,4.11466,-0.735823,13320.9,169.751,1,2,3,4,5,0
224,85,376.208,169.249,2.34007,2.1713,438.21,88.5773,4.35229,1.60042,13771.9,173.219,1,2,3,4,5,0
224,86,375.531,170.796,2.72637,1.4525,433.549,120.515,4.40525,-4.97767,10456.1,183.284,1,2,3,4,5,0
224,87,373.042,171.995,1.8895,1.66583,513.952,120.145,-0.873209,-3.67165,10148.3,182.231,1,2,3,4,5,0
224,88,372.025,172.408,2.11156,1.92457,533.257,131.669,0.397416,-6.9522,12601.8,206.124,1,2,3,4,5,0
224,89,373.194,171.815,2.20975,1.90423,501.379,165.334,11.5529,-8.61543,13154.2,250.959,1,2,3,4,5,0
224,90,375.133,169.774,3.5684,4.10231,580.361,17.7542,-0.230711,-3.11564,41604.4,281.444,1,2,3,4,5,0
224,91,374.16,171.039,2.54924,3.37774,458.969,143.191,11.3009,-16.05,22572.4,269.035,1,2,3,4,5,0
224,92,373.174,173.047,2.44157,2.63285,434.317,132.571,21.4442,-30.1277,20514.8,250.361,1,2,2,3,4,0
224,93,373.459,172.95,2.24917,2.07154,411.421,177.001,7.74679,-22.0319,11995.3,246.414,1,2,2,3,4,0
224,94,374.045,171.757,2.52152,1.8617,446.108,161.27,13.2026,-7.83233,12924.1,245.953,1,2,2,3,4,0
224,95,374.284,171.675,2.73398,1.78567,513.212,151.535,13.1759,-5.74822,15286.9,249.396,1,2,2,3,4,0
224,96,374.904,172.24,2.75616,2.149,603.285,137.083,5.40735,-9.0776,22441.3,277.169,1,2,2,3,4,0
224,97,375.524,172.804,2.77834,2.51233,693.357,122.63,-2.36123,-12.407,29595.7,304.941,1,2,2,3,4,0
224,98,374.535,172.723,2.15884,2.38683,733.806,152.051,-0.391523,-2.70705,22627,289.03,1,2,2,3,4,0
224,99,373.588,172.924,2.08168,2.65842,562.887,135.887,3.53836,6.08599,18485.9,244.929,1,2,2,3,4,0
224,100,373.656,171.879,1.73029,2.11847,536.262,148.07,3.40802,9.57066,12290.7,223.302,1,2,2,3,4,0
224,101,373.656,171.368,1.68332,2.1372,601.855,140.316,1.79559,6.28392,13535.7,222.266,,,,,,0
225,59,273.898,238.046,2.20172,2.18558,226.051,150.612,2.15171,7.6783,6756.26,196.645,1,2,3,4,5,0
225,60,275.494,236.322,2.05107,1.21467,385.193,160.158,-3.45553,2.21442,4364.8,186.811,1,2,3,4,5,0
225,61,277.582,234.177,1.75163,2.1026,283.587,161.787,2.66801,0.640062,5728.35,195.012,1,2,3,4,5,0
225,62,278.36,235.131,1.93924,2.88259,264.825,158.111,9.93557,2.44111,8945.72,207.178,1,2,3,4,5,0
225,63,278.576,236.019,2.10663,1.97123,438.78,163.647,10.7749,3.14776,10569.2,226.201,1,2,3,4,5,0
225,64,278.126,235.336,2.06312,1.7159,606.052,162.901,5.07586,4.98259,13428.3,245.32,1,2,3,4,5,0
225,65,274.586,237.709,3.84245,2.10016,243.666,130.149,6.01173,-3.92979,10831.8,198.58,1,2,3,4,5,0
225,66,276.408,239.635,3.27662,2.2222,249.69,116.294,-4.46795,-5.62119,10215.9,180.438,1,2,3,4,5,0
225,67,277.19,241.784,1.77693,1.87884,325.147,127.391,-2.43264,-5.34391,6807.51,166.047,1,2,3,4,5,0
225,68,278.355,244.298,1.37723,2.4851,308.199,135.318,-4.14452,4.54973,6522.87,171.083,1,2,3,4,5,0
225,69,280.603,246.03,1.5237,1.81488,272.347,154.299,-5.05219,4.93521,4222.23,178.053,1,2,3,4,5,0
225,70,282.056,246.505,2.29953,3.03362,213.202,117.27,-4.99091,-1.4848,8803.88,164.84,1,2,3,4,5,0
225,71,282.606,249.408,1.54155,1.41541,296.184,133.659,-4.7468,0.361843,4060.57,154.503,1,2,3,4,5,0
225,72,280.65,246.532,1.6276,1.76797,281.789,142.13,-3.327,0.905954,5151.55,170.32,1,2,3,4,5,0
225,73,278.694,243.655,1.71365,2.12053,267.395,150.601,-1.9072,1.45007,6242.53,186.136,1,2,3,4,5,0
225,74,278.213,242.141,2.375,2.74967,284.089,117.302,-6.86073,4.17883,10815.2,184.473,1,2,3,4,5,0
225,75,277.109,243.182,1.93692,2.17646,289.835,155.777,-3.59998,3.24755,7620.71,197.562,1,2,3,4,5,0
225,76,276.697,243.166,2.09484,2.02435,286.043,146.126,2.88472,2.96165,7309.03,187.515,1,2,3,4,5,0
225,77,275.782,242.111,2.77116,1.83555,316.679,110.544,-0.171586,0.945305,9808.14,174.225,,,,,,0
226,59,301.441,147.01,1.7593,1.67135,270.139,132.142,11.651,2.62805,5265.26,160.805,1,2,3,4,5,0
226,60,299.646,148.053,2.30071,2.01879,295.76,120.802,7.82808,-0.960976,8920.03,173.834,1,2,3,4,5,0
226,61,299.055,145.957,2.01528,1.81178,345.808,134.594,11.0442,6.70859,7717.98,186.183,1,2,3,4,5,0
226,62,300.113,146.003,1.60606,1.54539,540.671,158.756,10.1957,1.90823,8430.08,207.527,1,2,3,4,5,0
226,63,300.961,144.78,3.08947,2.3158,301.634,105.925,8.05451,-1.54187,13079.1,183.503,1,2,3,4,5,0
226,64,297.013,144.935,2.33601,2.32403,335.774,109.016,7.97982,-5.80973,10787.8,173.97,1,2,3,4,5,0
226,65,293.066,145.09,1.58254,2.33225,369.914,112.107,7.90512,-10.0776,8496.51,164.438,1,2,3,4,5,0
226,66,292.798,146.103,2.05128,2.06273,252.161,125.079,13.231,-17.5727,7246.2,166.112,1,2,3,3,4,0
226,67,291.975,146.224,2.0452,2.03119,292.288,123.03,4.90835,-5.94422,7582.93,164.308,1,2,3,3,4,0
226,68,292.301,147.048,2.13793,2.69753,357.503,98.2437,2.27212,-0.195739,12563,172.231,1,2,3,4,4,0
226,69,292.839,148.532,2.0306,2.34708,435.861,99.0778,3.61856,3.70207,12680.9,176.438,1,2,3,4,5,0
226,70,293.426,147.988,2.22125,2.01203,322.112,86.082,4.46315,-0.325624,8954.6,135.84,1,2,3,4,5,0
226,71,293.164,147.097,2.28178,2.65564,280.421,74.8925,2.67105,-0.459423,10344.1,137.751,1,2,3,4,5,0
226,72,289.808,146.112,2.07479,2.08907,351.22,82.392,2.3631,0.351717,8936.25,134.136,1,2,3,4,5,0
226,73,286.451,145.127,1.86781,1.52249,422.02,89.8914,2.05515,1.16286,7528.36,130.521,1,2,3,4,5,0
226,74,286.274,142.883,2.27153,1.12028,299.345,108.484,1.34722,-0.677827,4796.95,133.793,1,2,3,4,5,0
226,75,285.831,139.675,2.3433,2.33113,319.107,67.9647,-1.12301,0.895816,10731.5,133.302,1,2,3,4,5,0
226,76,286.775,139.257,2.64938,2.35872,288.296,65.7069,-0.145416,-3.52476,10937.2,133.183,1,2,2,3,4,0
226,77,287.948,139.074,2.27188,2.21455,309.677,72.9577,-0.0989713,-1.76287,9652.04,129.935,1,2,2,3,4,0
226,78,288.044,138.649,2.12408,2.26698,296.949,77.4507,0.805565,-0.276122,8870.17,128.964,1,2,2,3,4,0
226,79,287.409,138.702,2.20518,1.8123,392.537,98.6845,1.33992,0.637236,9386.03,156.107,1,2,2,3,4,0
226,80,286.374,139.46,2.23811,2.36302,434.766,59.6289,5.335,0.082937,14208,145.497,1,1,1,1,1,0
226,81,286.422,139.546,1.9415,2.3224,519.898,85.0615,2.74344,-4.06163,14419.6,172.669,1,1,1,1,1,0
226,82,286.564,140.031,2.14519,2.046,452.87,92.4667,0.414115,-8.29759,12380.1,165.201,1,1,1,1,1,0
226,83,286.479,139.617,2.00893,1.81329,382.082,88.8477,3.97374,-5.28848,8939.2,141.71,1,1,1,1,1,0
226,84,286.396,139.466,2.15251,2.2827,372.621,63.3224,5.83431,-1.12154,11642.9,132.467,1,2,3,4,5,0
226,85,287.776,141.853,2.25375,2.152,340.078,86.6141,7.67841,-6.42833,10359.3,151.133,1,2,3,4,5,0
226,86,289.157,144.24,2.35498,2.02131,307.535,109.906,9.52251,-11.7351,9075.83,169.799,1,2,3,4,5,0
226,87,290.186,144.566,3.29581,2.15483,372.873,71.7162,3.05671,-7.65029,16498.5,180.107,1,2,2,3,4,0
226,88,290.313,144.243,2.98875,2.34728,495.251,68.1399,-2.92224,1.293,20464.3,200.704,1,2,2,3,4,0
226,89,289.4,143.758,2.41119,2.03914,514.217,115.6,-0.236694,0.654553,15623.1,210.633,1,2,2,3,4,0
226,90,289.141,143.184,2.49715,1.9523,368.938,145.684,3.92135,5.82268,11102.3,217.964,1,2,2,3,4,0
226,91,288.515,143.557,2.39575,1.9241,446.352,125.475,8.81781,4.07892,13012.9,205.746,1,2,3,4,5,0
226,92,290.499,144.009,3.88461,2.17002,469.397,107.84,0.590178,-0.828964,22040.3,240.74,1,2,3,3,4,0
226,93,290.421,143.888,3.89982,2.50839,400.888,113.072,6.29028,2.49306,20736.6,246.047,1,2,3,4,5,0
226,94,289.951,144.49,2.92957,2.33572,429.214,146.974,3.45996,4.83596,17219,244.734,1,2,3,4,5,0
226,95,290.958,146.125,2.38125,1.99367,551.361,186.991,-11.0944,-2.99487,16224.6,277.426,1,2,3,4,5,0
226,96,290.503,147.555,2.68339,3.5557,576.13,114.925,-1.5003,-2.73423,34812.4,328.615,1,2,3,4,5,0
226,97,288.711,144.267,2.07607,2.1672,297.158,175.812,5.53812,9.90461,8321.79,223.982,1,1,2,2,3,0
226,98,288.958,144,2.18122,2.42962,306.261,131.231,3.0635,3.84409,10011,190.479,1,1,2,2,3,0
226,99,288.181,143.875,1.78986,2.05943,394.269,127.961,9.56676,-1.9607,9094.49,182.828,1,1,2,2,3,0
226,100,288.774,143.99,2.06348,1.99569,422.151,90.1701,1.14041,0.572593,10858.7,154.154,1,1,2,2,3,0
226,101,288.723,144.295,2.13425,2.08154,386.188,114.077,-1.32275,2.43786,10684.4,181.769,,,,,,0
227,59,339.152,219.677,2.73935,3.35936,356.031,86.7983,1.01197,2.43142,18409,199.089,1,2,3,4,5,0
227,60,338.335,220.153,3.06832,3.03084,427.607,43.7716,7.11272,-0.0151976,22927.4,183.485,1,2,3,4,5,0
227,61,339.162,220.718,2.02506,2.40862,520.299,84.006,1.21811,0.357244,15443,179.272,1,2,3,4,5,0
227,62,339.703,222.963,2.3311,2.30356,469.717,104.412,-0.419188,-1.82149,15552.2,194.988,1,2,3,4,5,0
227,63,338.598,224.752,2.43342,1.8843,296.262,113.99,1.80943,0.0035587,9121.65,168.615,1,2,3,4,5,0
227,64,336.84,228.374,2.19512,4.12018,339.599,134.569,-1.18394,6.53051,16382.5,236.899,1,2,3,4,5,0
227,65,336.992,230.129,1.72639,3.44488,441.229,194.879,-5.47747,1.80068,15164.3,284.976,1,2,3,4,5,0
227,66,337.567,227.34,1.81187,1.84042,472.553,174.97,-14.8199,12.6308,10268.5,231.201,1,2,3,4,5,0
227,67,334.123,225.886,2.04908,1.8721,355.55,181.063,-15.7279,12.0251,8535.79,227.893,1,2,3,4,5,0
227,68,331.848,224.67,2.50135,2.34839,676.427,144.336,-7.36814,2.58593,24502.8,288.497,1,2,3,4,5,0
227,69,330.963,224.719,2.38071,2.81296,594.224,116.241,0.150562,-2.88397,25149.3,265.438,1,2,3,4,5,0
227,70,331.665,220.741,1.23898,2.49809,293.425,141.639,5.19306,-2.3539,5615.3,175,1,2,3,4,5,0
227,71,334.912,221.003,2.42269,1.97295,480.304,125.924,-7.24464,-2.93874,14212,203.923,1,2,3,4,5,0
227,72,331.483,222.72,2.40534,2.45963,499.729,93.0427,5.48249,-4.95284,18052.1,200.059,1,2,3,4,5,0
227,73,330.664,221.621,2.22057,2.31719,782.522,125.002,8.66499,-4.65821,24507.1,271.527,1,2,3,4,5,0
227,74,332.213,221.263,1.9078,2.22375,633.875,160.313,3.15459,-7.4411,16723.3,253.941,1,2,3,4,5,0
227,75,332.447,220.623,1.86371,2.70933,523.286,113.245,0.054843,-4.61752,15721,205.018,1,2,3,4,5,0
227,76,333.98,219.417,1.76357,2.44966,350.856,86.0597,-1.64536,-1.69818,9375.23,144.669,1,2,3,4,5,0
227,77,334.679,219.217,1.73722,1.95722,449.618,103.231,-2.25976,-0.0984994,9580.07,163.225,1,2,3,4,5,0
227,78,333.004,217.913,1.76187,3.12416,262.782,121.399,-1.17318,2.01152,8594.65,172.858,,,,,,0
228,60,204.716,265.973,1.96923,2.87869,417.333,221.747,6.32922,-9.37228,13728,304.757,1,2,3,4,5,0
228,61,203.679,262.221,2.55821,3.26708,457.803,159.74,12.0387,13.7501,22051.2,300.396,1,2,3,4,5,0
228,62,202.465,261.809,1.87911,2.2199,459.714,184.096,12.9343,18.0268,12336.8,253.686,1,2,2,3,4,0
228,63,202.81,262.613,2.26225,3.47271,526.534,106.981,12.1862,16.9879,24974.3,263.893,1,2,2,3,4,0
228,64,202.903,262.997,2.09871,2.88131,533.197,155.015,2.95346,7.02478,19445.5,266.302,1,2,2,3,4,0
228,65,202.357,262.029,1.51696,2.16727,473.549,166.349,-2.53607,7.99028,9293.74,224.627,1,2,2,3,4,0
228,66,202.104,261.915,1.61567,2.4169,366.234,145.382,-4.99,0.13727,8872.49,191.296,1,2,3,3,4,0
228,67,202.413,260.344,2.51549,1.97682,282.954,152.557,-5.1254,8.8799,9697.28,211.036,1,2,3,3,4,0
228,68,202.991,260.769,1.89987,1.69972,327.585,196.111,-10.9708,11.1067,6640.09,240.426,1,2,3,4,4,0
228,69,202.501,262.403,1.70953,3.68284,270.42,214.282,-15.0554,12.5367,9589.63,283.864,1,2,3,4,5,0
228,70,203.17,261.96,1.85165,3.19495,390.966,136.47,-5.37982,16.7265,13263.3,216.698,1,2,3,4,5,0
228,71,204.239,263.88,2.60833,3.76751,488.637,151.501,2.03682,14.8292,26990.5,308.136,1,2,3,4,5,0
228,72,204.441,264.509,2.35226,2.60109,632.619,214.239,2.80844,11.7096,23110,349.846,1,2,3,4,5,0
228,73,202.847,265.118,2.32343,3.61757,445.775,187.67,3.51805,13.4676,21074.9,318.361,1,2,3,3,4,0
228,74,202.336,265.635,2.21422,3.96888,582.034,120.61,1.10923,6.09942,28838.9,297.467,1,2,3,3,4,0
228,75,202.528,265.245,2.19883,3.95504,521.766,183.172,0.351399,7.59427,24656.7,340.858,1,2,3,4,5,0
228,76,203.366,264.332,2.35994,3.79183,559.898,177.701,-1.45978,10.2102,28261.6,366.953,1,2,3,4,5,0
228,77,203.557,270.509,2.07055,3.40578,441.43,179.182,10.2586,7.01168,21844.8,325.864,1,2,3,4,5,0
228,78,203.402,272.421,1.5666,2.6748,499.232,197.995,11.0406,-6.74702,14153.9,278.467,1,2,3,4,5,0
228,79,203.704,271.119,1.8711,3.24054,537.345,166.635,12.0913,-10.8106,20264.7,291.391,1,2,3,4,5,0
228,80,204.007,269.817,2.1756,3.80627,575.457,135.275,13.142,-14.8741,26375.4,304.314,1,2,3,4,5,0
228,81,204.046,269.553,2.00955,3.45989,475.647,179.254,10.6571,-19.3586,18976.9,288.544,1,2,3,4,5,0
228,82,203.602,268.665,2.12812,3.39129,445.933,185.041,3.05917,-18.7148,18899.6,295.609,1,2,3,4,5,0
228,83,202.655,262.151,1.76224,2.89823,374.637,215.513,0.95255,17.6902,13441.2,298.213,1,2,3,4,5,0
228,84,202.639,260.762,2.01627,3.00441,339.059,154.626,3.62786,12.4701,13073.4,227.84,1,2,3,4,5,0
228,85,202.988,261.323,2.09136,2.869,370.853,144.915,7.72673,19.3007,14000.1,232.604,1,2,3,4,5,0
228,86,203.4,262.594,2.52829,4.03684,428.496,131.94,0.91653,13.8715,22296.3,267.373,1,2,3,4,5,0
228,87,202.037,260.723,1.89268,1.99544,344.225,160.66,1.331,9.38418,8139.08,204.592,1,2,3,4,5,0
228,88,201.616,259.492,2.21272,2.08356,370.191,135.943,-3.19244,9.41985,9560.24,195.615,1,2,3,3,4,0
228,89,201.109,260.364,2.28626,3.0548,279.823,151.23,-14.689,16.5006,12028.3,221.574,1,2,2,3,4,0
228,90,201.717,261.417,1.84166,2.19943,365.288,130.357,-10.6527,6.15952,9222.83,187.917,1,1,2,2,3,0
228,91,202.03,261.552,1.78508,2.03979,363.697,111.022,-7.15152,4.16637,7879.38,153.864,1,1,2,2,3,0
228,92,201.872,261.926,1.9706,2.16741,364.69,109.364,-6.07729,2.79004,9714.69,173.627,1,1,2,2,3,0
228,93,201.53,262.201,1.70924,1.95891,412.138,120.999,-7.19973,1.83089,8452.69,171.438,1,1,2,2,3,0
228,94,201.853,262.288,1.9703,2.04759,412.185,88.7491,-1.63406,0.22448,10670,153.598,1,1,2,2,4,0
228,95,202.791,262.668,2.32626,2.24784,444.125,60.8452,-6.08818,-0.666315,14669.6,150.639,1,1,2,2,3,0
228,96,202.258,262.622,2.02684,1.97101,516.109,69.4374,-6.08598,-4.10735,12840.3,146.704,1,1,2,2,3,0
228,97,202.429,262.104,1.91159,2.34434,394.703,76.4954,-2.20434,-3.68679,10981.6,139.923,1,1,2,2,3,0
228,98,203.227,261.8,2.14151,2.39496,429.193,63.4091,-1.83054,2.09959,13598.8,150.089,1,1,2,2,3,0
228,99,203.177,262.249,2.03718,1.95092,448.698,102.076,-5.384,3.45746,11147.9,165.42,1,1,2,2,3,0
228,100,202.818,261.945,2.31951,2.17353,385.297,106.798,-9.99843,1.42471,12025.9,182.929,1,1,2,2,3,0
228,101,202.76,261.477,2.02302,2.25416,431.584,80.9273,-4.4912,1.30724,12223.4,153.337,,,,,,0
229,60,307.674,290.18,3.50307,2.36444,251.763,85.4444,-2.6698,-0.68842,12979.3,167.189,1,2,3,4,5,0
229,61,313.497,289.123,1.39704,1.967,309.72,126.863,1.82951,1.83158,5658.31,158.609,1,2,3,4,5,0
229,62,312.913,288.113,1.96149,1.78341,311.459,130.769,1.32134,2.37219,6833.37,171.29,1,2,3,4,5,0
229,63,313.577,286.552,2.96729,2.16757,268.881,106.03,7.27382,-1.13927,10527.7,167.598,1,2,3,4,5,0
229,64,318.436,283.755,2.74965,3.45432,281.867,94.7892,-6.42743,-0.599536,14681.9,185.485,1,2,3,4,5,0
229,65,318.745,284.64,2.95685,3.87154,319.048,59.3354,-8.98098,6.80475,20003.7,186.095,1,2,3,3,4,0
229,66,318.611,284.159,2.44659,3.80892,249.918,93.491,-3.88807,8.89675,12712.5,171.183,1,2,3,3,4,0
229,67,317.68,282.693,1.75288,2.18493,276.014,134.814,-4.9909,0.13257,6598.71,174.675,1,2,2,3,4,0
229,68,318.671,282.499,1.70297,2.08861,314.853,122.089,-6.16866,-2.7992,6948.16,161.432,1,2,2,3,4,0
229,69,319.662,282.305,1.65307,1.99229,353.691,109.364,-7.34642,-5.73098,7297.61,148.189,1,2,2,3,4,0
229,70,320.565,282.568,2.19342,2.39857,311.131,72.0375,-5.52076,-2.27025,9727.16,131.337,1,2,2,3,4,0
229,71,321.468,282.831,2.73378,2.80485,268.571,34.7107,-3.69511,1.19047,12156.7,114.485,1,2,2,3,4,0
229,72,321.862,282.844,2.31175,1.85038,345.209,68.0427,-4.87844,-3.39037,9186.91,123.373,1,2,3,4,5,0
229,73,320.555,285.091,2.30222,1.92363,330.702,66.0625,-1.95224,-1.51858,8809.01,120.941,1,2,3,4,5,0
229,74,319.248,287.337,2.2927,1.99688,316.195,64.0823,0.973959,0.353219,8431.11,118.509,1,2,3,4,5,0
229,75,318.364,287.326,2.04278,1.56911,320.421,84.566,-4.19644,2.11176,6429.83,117.58,1,2,3,4,5,0
229,76,317.388,287.279,2.21627,2.21366,276.679,82.7072,-6.00023,3.34236,8411.27,131.432,1,2,3,4,5,0
229,77,315.52,288.758,2.82932,2.00568,276.383,60.5314,3.18727,-0.516055,9479.14,124.769,1,2,3,4,5,0
229,78,314.3,289.426,2.21549,2.33302,213.535,74.7213,4.14381,-1.15317,6711.47,113.03,1,2,3,4,5,0
229,79,316.041,288.453,2.26695,2.17027,223.584,82.292,0.157041,0.524583,6736.35,120.843,1,2,3,4,5,0
229,80,317.783,287.481,2.31841,2.00752,233.633,89.8628,-3.82972,2.20234,6761.23,128.657,1,1,1,1,1,0
229,81,317.748,287.344,2.63807,2.45511,277.699,73.7012,2.17079,8.74983,11418.8,146.314,,,,,,0
230,60,320.374,254.623,1.22009,1.35853,373.685,155.333,-15.8622,16.3515,3893.99,179.012,1,2,3,4,5,0
230,61,319.829,255.313,1.86925,1.68584,337.142,168.412,-11.5146,16.0876,6594,213.337,1,2,3,4,5,0
230,62,319.283,256.002,2.51841,2.01314,300.599,181.492,-7.167,15.8236,9294.02,247.663,1,2,3,4,5,0
230,63,320.181,253.996,2.66744,2.32297,352.827,132.389,-6.13197,8.39608,13262.1,207.586,1,2,3,4,5,0
230,64,325.124,249.046,2.32373,2.2652,244.317,101.677,-7.35583,4.37951,7944.02,146.337,1,2,3,4,5,0
230,65,325.91,249.958,2.44436,2.3891,277.006,89.9348,-1.39814,-1.58961,9912.28,151.811,1,2,3,4,5,0
230,66,325.336,249.494,2.43343,2.34744,312.398,81.1844,0.966086,-0.381077,10927.1,144.864,1,2,3,4,5,0
230,67,324.871,248.507,2.0857,2.10505,468.899,79.1328,1.23856,-1.16619,12325.7,156.444,1,2,3,4,5,0
230,68,323.386,247.831,1.19418,1.98916,380.726,100.945,-1.91051,-1.36647,5669.99,133.385,1,2,3,4,5,0
230,69,321.614,248.375,1.88609,1.67079,471.374,117.59,-4.58881,-1.39857,9314.81,167.982,1,2,3,4,5,0
230,70,321.286,248.226,1.8382,1.48458,536.798,110.193,-4.68392,4.0766,9193.84,161.473,1,2,3,4,5,0
230,71,321.007,248.711,2.29335,2.08814,398.291,95.308,-7.96682,-1.64427,11836,161.669,1,2,3,4,5,0
230,72,318.494,249.331,2.36825,1.71688,215.782,122.924,-1.4616,4.04581,5441.67,154.337,1,2,3,4,5,0
230,73,319.07,250.743,2.24477,1.11984,290.55,158.324,-12.9707,11.0376,5387.8,180.55,1,2,3,4,5,0
230,74,316.381,251.669,2.08987,2.65266,288.489,161.7,-9.25005,9.60137,9621.31,213.278,1,2,3,4,5,0
230,75,313.692,252.595,1.93497,4.18548,286.428,165.076,-5.52935,8.16512,13854.8,246.006,1,2,3,4,5,0
230,76,312.359,251.652,2.07946,3.47416,331.547,127.523,-3.83471,15.537,13719.4,210.911,1,2,3,4,5,0
230,77,314.325,252.604,2.52892,2.97732,286.904,123.529,-7.50134,13.207,12913.8,199.467,1,2,3,4,5,0
230,78,316.291,253.557,2.97838,2.48048,242.261,119.536,-11.168,10.877,12108.1,188.024,1,2,3,4,5,0
230,79,317.013,255.199,2.12767,2.00286,232.743,160.53,-10.1425,12.1804,6188.5,208.195,1,1,2,2,3,0
230,80,316.749,254.703,1.88476,2.42247,242.614,153.381,-5.85906,8.57932,6812.37,201.361,1,1,2,2,3,0
230,81,316.485,254.206,1.64185,2.84207,252.486,146.233,-1.57559,4.97823,7436.24,194.527,,,,,,0
231,60,433.122,212.247,2.03323,2.17963,803.73,114.674,1.80058,-8.06939,21906.2,240.817,1,2,3,4,5,0
231,61,432.204,212.167,1.91033,2.30122,779.516,97.6051,-0.282735,-9.33294,21308.8,222.905,1,2,3,4,5,0
231,62,432.018,213.567,2.20911,2.87796,543.98,63.8041,-6.46834,-7.88135,21094.3,194.325,1,2,3,4,5,0
231,63,430.471,216.012,2.18642,2.66108,514.438,85.1147,1.78466,-9.77841,18243,190.651,1,2,3,4,5,0
231,64,430.811,215.556,2.01326,2.59001,573.232,81.2479,0.730776,-4.85545,18800.6,192.361,1,2,3,4,5,0
231,65,429.744,213.89,1.90702,1.86224,325.559,100.001,2.17418,-4.70247,7244.51,141.976,1,2,3,4,5,0
231,66,428.023,212.503,2.04777,2.3034,454.891,75.2285,0.547891,-6.73314,13363.9,153.249,1,2,3,4,5,0
231,67,428.627,212.375,2.00258,2.26642,369.684,94.3029,4.18066,-9.04808,10516.7,154.053,1,2,3,4,5,0
231,68,431.634,211.807,2.00797,2.25516,661.949,103.598,-0.611495,-4.45834,18662.1,211.941,1,1,1,1,1,0
231,69,431.648,211.72,2.24718,2.37718,647.216,81.0874,4.22847,-7.34554,21769.9,213.941,1,1,1,1,1,0
231,70,431.623,211.853,2.37683,2.59779,578.609,82.5134,2.5551,-4.67288,22604.8,219.42,1,2,3,4,5,0
231,71,430.489,215.274,2.623,2.11864,282.707,124.654,8.81615,-8.08925,9593.42,183.036,1,2,3,4,5,0
231,72,428.857,217.847,2.19407,1.69478,647.335,136.559,-0.457526,-6.15083,14794.3,220.787,1,2,3,4,5,0
231,73,427.785,219.325,3.81964,2.54029,230.211,47.1586,-1.25078,-4.08722,12182.6,121.462,1,2,3,4,5,0
231,74,425.03,220.427,2.04847,1.69174,335.4,97.5613,3.63981,-6.27508,7279.95,138.414,1,2,3,4,5,0
231,75,425.825,218.55,2.58236,2.06718,509.988,87.7029,-0.577964,-1.95958,15849.2,184.882,1,2,3,4,5,0
231,76,423.828,217.158,2.68769,2.39855,335.967,74.7025,-0.851452,-2.57702,13488.5,155.947,1,2,3,4,5,0
231,77,420.226,213.465,1.63138,1.88078,328.306,97.4861,0.20408,1.05394,6317.17,131.58,1,2,3,4,5,0
231,78,417.921,211.893,2.96067,2.39278,281.829,86.9504,-5.5428,-1.56419,12305.4,164.101,1,2,3,4,5,0
231,79,415.952,211.97,3.1209,2.38036,260.989,105.737,-1.03827,3.22363,11297.1,173.574,1,2,3,4,5,0
231,80,416.843,211.775,2.19116,2.26342,247.126,101.35,-1.4328,-0.0661196,7853.26,146.598,,,,,,0
232,60,504.732,371.357,1.74244,1.84283,453.516,160.947,8.53932,-12.5723,9137.45,214.834,1,2,3,4,5,0
232,61,502.679,372.107,2.36935,2.39479,462.086,104.033,1.4682,-3.277,16857.9,203.095,1,2,3,4,5,0
232,62,501.388,371.963,2.25009,2.46698,448.836,108.915,3.2491,-1.47482,15305.5,202.87,1,2,3,4,5,0
232,63,501.609,375.691,2.36991,2.60954,409.586,80.799,3.19411,-1.77211,15488.3,175.527,1,2,3,4,5,0
232,64,501.83,379.419,2.48974,2.75209,370.336,52.6834,3.13911,-2.06941,15671.1,148.183,1,1,2,2,3,0
232,65,502.097,379.655,2.16831,2.47918,363.958,62.1559,3.46703,-3.96542,12240,135.391,1,1,2,2,3,0
232,66,502.85,379.463,2.02751,1.8386,490.921,83.489,-5.45784,2.29445,11450.2,148.13,1,1,2,2,2,0
232,67,502.704,379.975,1.8627,1.70073,597.256,87.6687,-6.81704,-3.65244,11868.9,156.503,1,1,1,1,1,0
232,68,502.683,379.832,2.12324,2.19688,537.712,93.7452,-6.28092,-7.09913,15274.4,185.917,1,1,1,1,1,0
232,69,502.662,379.689,2.38377,2.69303,478.167,99.8218,-5.7448,-10.5458,18679.8,215.331,1,2,3,3,4,0
232,70,501.534,378.27,2.76597,3.34682,665.867,102.596,-8.64403,-4.67496,34777.4,313.947,1,2,2,3,4,0
232,71,501.827,379.444,3.08681,2.69381,783.281,81.9871,5.28105,-5.31853,38445.4,320.479,1,2,2,3,4,0
232,72,502.428,380.1,2.53408,2.62914,593.097,159.327,11.5225,-2.54597,22125.2,281.55,1,1,2,3,4,0
232,73,502.468,379.451,3.23114,3.94252,489.804,81.5876,8.63683,-4.63624,31908,278.544,1,1,2,3,4,0
232,74,502.934,379.359,3.52944,2.83828,449.112,156.522,-0.818573,-19.4734,24205.8,303.296,,,,,,0
233,62,192.393,167.551,1.90263,2.83979,216.328,46.1606,0.403834,-0.696026,7068.72,86.7751,1,1,2,2,3,0
233,63,192.276,168.249,1.86905,1.65081,274.612,61.0461,2.35094,-4.42546,5330.04,88.5266,1,1,2,2,3,0
233,64,192.264,168.153,1.75872,1.89749,257.781,60.2563,1.40245,-3.4489,5398.69,90.7811,1,1,2,2,3,0
233,65,192.187,167.524,1.23064,1.41631,449.715,71.6863,3.64602,-3.94215,4651.75,95.2308,1,1,2,2,3,0
233,66,192.186,166.759,1.99607,2.41513,259.258,65.4878,4.1958,-4.27097,7733.17,110.041,1,1,2,2,3,0
233,67,192.106,166.557,2.47863,2.60765,232.342,56.0045,1.54926,-1.55645,9086.26,109.876,1,1,2,2,4,0
233,68,192.131,167.646,1.67214,2.00237,291.651,74.6463,1.73141,-4.06391,6471.91,108.544,1,1,2,2,3,0
233,69,192.082,168.157,1.79579,2.3646,305.808,55.3379,2.49571,-6.94419,8066.34,104.462,1,1,2,2,3,0
233,70,192.137,168.085,1.51618,1.46131,367.301,69.7106,0.446931,-4.61508,5118.81,99.3964,1,1,2,2,3,0
233,71,192.474,167.305,1.72413,2.07422,239.069,66.3668,1.88833,-2.89857,5348.52,95.4083,1,1,2,2,3,0
233,72,192.477,167.876,1.48618,2.23725,271.708,66.7661,3.03314,-3.41727,5501.33,96.1065,1,1,2,2,3,0
233,73,192.481,168.447,1.24823,2.40028,304.348,67.1653,4.17795,-3.93597,5654.14,96.8047,1,1,2,2,3,0
233,74,192.409,168.785,1.68465,1.63526,287.363,71.5172,0.256484,-6.60855,4971.87,101.065,1,1,1,2,2,0
233,75,192.332,168.57,1.94156,1.32452,269.223,73.4368,2.27973,-4.85016,4348.82,96.1243,1,1,1,2,2,0
233,76,192.357,168.041,1.5156,1.99963,261.253,75.3193,3.61891,-8.26861,4996.84,99.568,1,1,2,2,2,0
233,77,192.089,167.855,1.59473,2.14632,286.301,72.5289,2.02958,-6.74198,6126.56,108.367,1,1,2,2,3,0
233,78,192.467,168.115,1.51002,2.13973,320.224,69.3911,2.30872,-7.20595,6469.62,104.467,1,1,2,3,4,0
233,79,192.412,167.417,1.73234,2.33268,306.47,63.9021,3.17795,-4.25939,7693.25,108.609,1,1,2,3,4,0
233,80,192.306,166.562,1.80917,2.754,266.905,85.2853,6.57084,-1.61599,8235.06,128.876,1,1,2,3,4,0
233,81,192.75,166.718,1.83836,3.41563,293.103,57.2318,0.177013,-4.07028,10640.6,118.325,1,2,2,3,4,0
233,82,192.675,167.642,1.37152,2.54165,372.339,76.6002,1.21962,-8.13172,8145.5,126.645,1,2,2,3,4,0
233,83,192.704,166.327,2.28164,2.97946,245.87,56.959,0.888355,-3.06017,9997,120.55,1,2,2,3,4,0
233,84,192.433,167.104,2.05459,2.58339,264.829,65.9533,3.03993,-5.19349,8538.81,119.663,1,1,2,3,4,0
233,85,192.162,167.881,1.82754,2.18731,283.788,74.9476,5.1915,-7.32682,7080.62,118.775,1,1,2,3,4,0
233,86,192.469,167.406,2.2585,2.98627,310.477,43.3024,3.27349,-8.23514,12399.8,121.544,1,1,1,1,1,0
233,87,192.482,167.588,2.11128,2.72973,283.852,54.9487,3.5525,-4.63921,9930.96,114.42,1,1,1,1,1,0
233,88,192.304,167.376,1.90794,2.89497,288.696,50.931,3.35281,-7.21226,9127.04,106.302,1,1,1,1,1,0
233,89,192.423,167.768,2.01916,2.85644,303.334,60.1669,-0.684561,-6.85881,11055.5,125.183,1,1,1,1,1,0
233,90,192.295,168.009,2.06729,2.75858,236.074,55.7472,2.37983,-8.55351,8191.24,104.905,1,1,1,1,1,0
233,91,192.473,168.144,1.87953,1.61049,243.032,86.553,7.00982,-5.31473,4617.97,106.586,1,1,1,1,1,0
233,92,192.712,167.761,1.9314,2.23032,291.656,50.1544,2.47023,-3.61982,7823.93,97.6331,1,1,1,2,1,0
233,93,192.848,167.96,1.64799,2.28067,306.899,60.6174,0.832299,-6.41186,7188.22,103.207,1,1,2,2,3,0
233,94,192.912,167.275,2.16656,2.86192,263.121,58.7179,0.27399,-6.90063,9833.46,118.13,1,1,2,2,3,0
233,95,192.408,166.584,2.16829,2.9574,304.438,45.5835,1.26273,-5.42318,12316.3,121.805,1,1,2,2,3,0
233,96,192.757,167.012,2.2422,3.81786,253.461,55.1601,-0.242795,-3.71437,11976.8,127.012,1,1,2,2,3,0
233,97,193.103,167.394,2.5003,2.89509,335.847,45.7487,-0.173722,-3.58749,14720.2,135.893,1,1,2,2,3,0
233,98,192.755,167.313,2.204,2.86783,318.539,52.0072,1.86651,1.13571,12110.2,123.112,1,1,2,3,4,0
233,99,192.532,166.759,2.15228,2.89506,300.802,59.9728,1.67353,2.29875,11070.5,126.527,1,2,2,3,4,0
233,100,192.892,167.847,1.93013,2.43374,211.374,67.8754,-1.14736,-1.26338,6145.76,103.26,,,,,,0
234,64,167.167,98.1366,1.99475,2.08777,245.113,58.4669,-4.53717,-1.56614,6373.84,98.2544,1,1,2,2,3,0
234,65,167,98.3783,2.45169,2.45644,271.814,50.7095,-2.77362,-3.82719,9991.45,111.84,1,1,2,2,4,0
234,66,167.658,98.9006,2.02377,1.91064,228.17,74.2489,-2.90289,-5.32637,5519.27,108.172,1,1,2,2,4,0
234,67,167.48,98.1383,2.22677,2.15804,226.092,60.3926,-2.70963,-1.93087,6763.95,102.124,1,1,2,2,3,0
234,68,167.302,97.376,2.42976,2.40543,224.014,46.5362,-2.51637,1.46463,8008.64,96.0769,1,1,2,2,3,0
234,69,167.613,97.7919,2.54491,2.30451,224.159,55.8065,-3.39965,0.51155,8030.74,99.8225,1,1,2,2,3,0
234,70,168.306,98.0222,1.98084,1.93082,246.495,66.3269,-2.49943,-1.21945,5898.98,99.2722,1,1,2,2,3,0
234,71,168.092,97.9955,1.43886,1.9515,305.62,63.8676,-1.15933,-0.104018,5381.84,95.4911,1,1,2,2,3,0
234,72,167.74,98.3258,1.76277,2.25287,236.812,86.0594,2.73387,0.334918,5858.75,118.538,1,1,2,2,3,0
234,73,167.571,98.0455,1.78558,2.05312,246.042,74.0876,0.374939,1.17427,5611.65,106.284,1,1,2,2,3,0
234,74,167.402,97.7653,1.80839,1.85336,255.273,62.1158,-1.98399,2.01363,5364.55,94.0296,1,1,2,2,3,0
234,75,167.77,98.2859,1.86954,1.89176,282.364,66.6305,-1.20788,-0.752418,6257.23,100.491,1,1,2,3,4,0
234,76,166.886,98.5503,1.32725,1.91144,323.607,73.2604,3.89993,-0.89195,5041.45,105.012,1,1,2,3,4,0
234,77,167.001,98.1714,1.98943,2.19735,233.224,64.4061,-0.233644,-2.79317,6352.56,102.254,1,1,2,3,4,0
234,78,168.014,98.3058,2.36813,1.96094,231.51,57.8031,-0.755785,-1.07096,6667.71,100.089,,,,,,0
235,65,203.252,269.315,1.65491,3.0527,300.522,126.47,-6.51288,-4.76551,11063.8,192.136,1,2,3,4,5,0
235,66,203.752,270.845,1.78962,2.24695,359.535,126.191,-5.51825,0.018758,9011.38,181.077,1,2,3,4,5,0
235,67,203.918,270.8,1.81675,1.77311,338.894,169.698,-9.84662,-11.2388,6851.82,207.42,1,2,3,4,5,0
235,68,202.233,269.04,2.39651,2.21423,279.706,204.939,-15.0511,-5.09761,9159.44,251.426,1,2,3,4,5,0
235,69,198.051,268.016,3.89509,1.73119,270.845,281.921,17.9464,2.08552,8534,329.148,1,2,3,4,5,0
235,70,197.558,271.318,3.02543,2.38714,327.15,163.076,24.5915,-4.03701,15528.9,274,1,2,3,4,5,0
235,71,201.405,274.158,2.28949,2.87272,262.826,227.451,7.34324,-12.1271,11551.1,294.651,1,2,3,4,5,0
235,72,200.19,274.96,2.50296,2.72677,554.583,173.544,15.4635,-16.5799,23952.4,328.231,1,2,3,4,5,0
235,73,202.471,276.793,2.45876,2.22672,399.931,239.324,9.83408,-9.46968,13448,323.556,1,2,3,4,5,0
235,74,201.546,279.892,1.93678,2.81729,511.723,189.338,7.45849,-20.0666,17003.8,291.698,1,2,3,4,5,0
235,75,199.934,280.435,2.01131,3.11773,472.758,166.69,11.8626,-24.4316,17552.2,265.828,1,2,3,4,5,0
235,76,197.936,281.166,1.9118,2.26667,454.734,117.669,10.4315,-10.3684,11936.3,185.822,1,2,3,4,5,0
235,77,197.17,283.722,2.0666,2.30253,256.732,99.1379,2.3694,-9.2242,7476.05,142.586,1,2,3,4,5,0
235,78,196.416,287.252,2.03779,2.63835,383.098,89.327,-7.86254,-1.54889,11810.6,158.101,1,2,3,4,5,0
235,79,194.435,287.492,2.26056,2.72231,528.351,51.6274,-0.636098,-4.07821,19893.7,176.621,1,2,3,4,5,0
235,80,194.165,284.063,2.16142,2.11234,226.581,78.0875,-0.534977,2.43191,6439.7,117.284,,,,,,0
236,65,343.775,100.412,2.69647,1.99238,392.288,98.6971,9.56936,-0.600292,12434.8,176.314,1,1,1,2,2,0
236,66,343.753,100.786,2.12487,2.03484,393.734,107.44,4.87163,0.782917,10208.2,169.565,1,1,1,2,2,0
236,67,343.732,101.159,1.55326,2.07731,395.18,116.184,0.1739,2.16613,7981.59,162.817,1,1,1,2,2,0
236,68,343.958,101.226,1.71955,2.09203,438.088,110.005,-1.50795,2.86821,9858.9,169.148,1,1,2,2,3,0
236,69,343.315,101.45,1.93687,1.92516,518.336,109.085,-0.565767,2.16336,12011.3,180.266,1,1,2,2,4,0
236,70,343.307,100.718,2.19357,2.07412,353.677,93.7417,-1.61962,-1.8217,10008.7,156.746,1,1,2,3,4,0
236,71,343.319,100.43,2.38358,2.47347,316.139,94.6276,-3.57464,-1.61372,11314.5,165.462,1,2,2,3,4,0
236,72,343.44,101.503,2.02641,2.61964,375.074,85.2145,-1.5641,-3.23455,12219.7,158.142,1,2,2,3,4,0
236,73,343.339,100.336,1.78045,2.35752,445.375,91.2857,2.89524,1.53598,11606.3,160.633,1,1,2,2,1,0
236,74,343.56,100.501,2.1517,2.19145,424.01,62.3449,0.784203,-2.22028,13153.1,142.527,1,1,1,2,1,0
236,75,343.251,100.644,2.23565,2.34704,418.52,63.3846,-2.77423,-3.76868,13550.4,143.189,1,1,1,2,2,0
236,76,343.473,100.642,2.74113,2.33619,481.284,34.5184,-4.96973,-0.437206,18963.7,152.533,1,1,2,2,3,0
236,77,343.446,101.162,2.36638,2.33023,412.264,77.2128,-1.29663,-5.202,14314.5,160.379,1,1,2,2,3,0
236,78,343.022,101.538,2.19225,2.59912,358.302,70.6068,-0.712829,-6.61337,12611.7,144.361,1,1,2,2,3,0
236,79,342.562,100.879,1.94828,2.18332,460.133,77.5461,0.52752,-1.75921,12199.6,157.947,1,1,2,2,3,0
236,80,342.713,100.426,1.94929,2.20495,502.616,86.1913,-2.61136,-3.59402,13450,167.609,1,1,2,2,3,0
236,81,342.566,100.681,2.52508,2.61176,400.628,53.4274,-2.83518,-4.25646,15981.8,151.237,1,1,2,2,3,0
236,82,342.513,101.153,2.00517,2.35044,442.137,83.9288,-3.01441,0.575785,12916.2,161.852,1,1,2,2,3,0
236,83,342.999,101.037,1.72695,2.12261,467.859,88.9437,-0.133674,2.82468,10724.4,153.337,1,1,2,2,3,0
236,84,343.204,100.461,2.29277,1.73835,426.311,101.293,-0.394827,0.714915,10576.7,166.562,1,1,2,2,3,0
236,85,342.966,100.026,2.00179,1.83125,453.577,127.83,0.347299,0.296096,10411.9,183.905,1,1,2,2,3,0
236,86,343.124,100.874,1.62539,1.8349,468.818,149.082,1.49467,0.475362,8775.25,195.805,1,1,2,2,3,0
236,87,343.428,100.801,1.69556,2.15488,531.947,134.606,1.78774,1.38988,13026.9,206.598,1,1,2,2,3,0
236,88,343.723,100.868,1.89281,2.12893,410.469,190.677,-4.27438,6.40885,10301,248.497,1,1,2,2,4,0
236,89,343.112,100.221,1.99354,2.08396,279.118,205.611,3.30144,8.39219,7240.53,245.929,1,1,2,2,4,0
236,90,342.553,100.295,1.87802,1.59384,355.777,229.333,16.0705,-1.31317,5671.1,257.615,1,1,2,3,4,0
236,91,343.556,100.328,1.68785,1.81982,374.133,178.408,7.77236,-6.95049,7223.92,216.402,1,1,2,2,3,0
236,92,343.616,100.288,1.53897,2.04361,333.014,188.513,6.24403,-7.01713,6178.87,222.024,,,,,,0
237,65,402.551,225.215,1.90218,2.38949,212.345,125.114,-2.31689,-0.435756,5836.95,160.385,1,1,1,1,1,0
237,66,402.209,225.039,2.19693,1.92587,209.411,140.826,2.65879,2.2311,5525.5,180.97,1,1,1,1,1,0
237,67,402.379,225.014,2.09803,1.98225,234.229,132.941,1.75703,-0.0934081,5816.85,170.388,1,1,1,1,1,0
237,68,402.55,224.989,1.99913,2.03864,259.046,125.057,0.855275,-2.41791,6108.21,159.805,1,2,2,3,4,0
237,69,403.617,224.673,2.8083,2.41725,284.181,122.836,10.4336,5.73437,11563.5,199.183,1,1,2,3,4,0
237,70,403.813,224.746,2.61887,3.14494,224.049,67.2655,6.90247,-0.602295,10707.2,136.935,1,2,3,4,5,0
237,71,406.408,225.871,2.15369,2.56825,267.878,91.6276,2.9267,-4.9214,8637.92,145.145,1,2,3,4,5,0
237,72,409.003,226.997,1.68852,1.99156,311.708,115.99,-1.04906,-9.2405,6568.65,153.355,1,1,2,2,3,0
237,73,409.313,226.464,1.95749,2.0825,450.853,99.1315,-2.06533,-1.88046,11470.5,164.947,1,1,2,2,2,0
237,74,409.349,226.7,2.20172,2.36476,515.891,94.5403,-0.813371,-5.45317,16576.8,192.414,1,1,2,2,2,0
237,75,408.83,226.816,2.20994,2.06804,486.708,119.578,1.44113,-7.76533,13838.7,202.278,1,1,2,2,2,0
237,76,409.338,226.732,2.30044,2.1968,495.367,106.459,-4.13541,-12.3935,15628.4,201.379,1,2,3,4,5,0
237,77,411.219,227.1,1.95024,2.01428,328.235,91.9266,-9.2799,-6.30214,8071.42,135.237,1,2,3,4,5,0
237,78,410.888,227.325,2.61001,2.39104,281.237,84.3022,-3.99525,-6.21599,10671.8,149.237,1,2,3,4,5,0
237,79,413.123,227.493,2.01482,2.06793,293.305,100.554,-8.03575,-6.76537,7631.14,143.036,1,2,3,4,5,0
237,80,414.291,227.563,2.01971,1.99804,454.649,79.0606,-3.23314,-4.38985,11487.4,147.959,1,2,3,4,5,0
237,81,413.395,227.128,2.52818,2.03932,393.737,78.4123,-0.146906,-1.56635,12517.4,153.03,1,2,3,4,5,0
237,82,410.63,226.389,3.20197,2.22522,327.294,59.5879,-0.532204,-1.90895,13647.9,140.84,1,2,3,4,5,0
237,83,408.966,225.844,2.13478,2.1739,425.394,101.442,0.753838,-4.92606,11674.3,173.29,1,2,2,3,4,0
237,84,408.301,226.273,1.78747,2.04325,418.29,110.732,2.74847,-9.82842,9039.81,160.763,1,1,2,3,4,0
237,85,408.544,226.082,2.08192,2.38267,376.864,95.2069,1.71353,-7.07038,11562.4,163.994,1,2,2,3,4,0
237,86,409.163,226.732,2.17565,2.28188,503.919,112.91,-3.5251,-10.4512,15500.1,205.231,1,2,2,3,4,0
237,87,409.077,226.387,2.36471,2.23064,399.426,100.107,1.79461,-3.02627,12998.9,179.201,1,2,3,4,5,0
237,88,411.401,227.019,3.57947,2.48319,304.135,50.8087,4.1708,-3.06972,15394.7,145.615,1,2,2,3,4,0
237,89,411.549,227.309,2.60864,2.31897,327.648,55.6103,2.62368,1.66313,12053.8,128.237,1,2,2,3,4,0
237,90,411.103,227.595,1.85495,2.10365,446.89,71.8346,-3.92486,-6.91158,10855,137.627,1,2,2,3,4,0
237,91,410.691,226.509,1.76856,2.03025,694.419,105.008,-10.8991,-7.64866,15773.2,198.26,1,2,2,3,4,0
237,92,411.412,227.024,1.83371,2.0173,631.644,102.084,-4.59351,-7.23284,14624.7,184.462,1,2,2,3,4,0
237,93,411.965,227.708,2.06199,1.98191,496.323,97.9597,-2.68273,-9.83162,12671.2,171.065,1,2,2,3,4,0
237,94,412.036,227.493,2.23353,2.04991,478.61,69.0602,1.02198,-4.1238,13537,152.751,1,2,2,3,4,0
237,95,413.58,227.483,2.19238,1.95893,393.901,75.9493,-2.35433,-3.10922,10492.7,138.899,1,2,2,3,4,0
237,96,412.89,227.702,1.61809,1.65875,405.272,84.7802,-3.41139,-3.52709,6831.31,123.095,1,2,2,3,4,0
237,97,411.695,227.469,2.00477,2.47821,401.348,68.05,-3.55247,-4.21052,12286.2,139.053,1,2,2,3,4,0
237,98,411.734,227.111,1.53726,2.36846,525.158,82.7053,1.08286,-0.956952,11494.6,146.237,1,2,2,3,4,0
237,99,412.245,226.993,2.09049,2.14164,520.799,86.2562,-0.566617,-4.16822,14523.1,170.497,1,2,3,4,5,0
237,100,408.879,226.362,2.06324,2.4383,290.839,94.9216,-1.02299,-5.11517,9032.65,145.485,,,,,,0
238,66,224.915,315.467,2.15028,1.65281,355.814,191.14,-0.366589,-2.19535,7903.63,236.964,1,2,3,4,5,0
238,67,225.436,315.85,2.45375,1.29985,254.711,224.665,3.08124,0.16353,5026.29,247.533,1,2,3,4,5,0
238,68,229.547,314.059,2.56687,3.06679,324.86,142.988,-4.50412,5.78836,14678.9,232.355,1,2,3,4,5,0
238,69,228.312,312.45,1.36175,1.65679,335.498,154.814,-5.44213,0.777036,4761.62,183.361,1,2,3,4,5,0
238,70,227.116,309.588,2.0981,2.83103,468.254,100.395,-6.95463,-1.7363,16798,200.379,1,2,3,4,5,0
238,71,227.796,309.614,2.42709,3.28849,319.678,92.9821,-3.48557,-4.32222,14802.2,180.876,1,2,3,4,5,0
238,72,231.242,307.316,1.76705,2.0711,251.824,135.532,-12.5114,6.40093,5764.72,165.811,1,2,3,4,5,0
238,73,232.251,303.938,1.86522,2.65597,280.319,118.612,-15.5276,2.19839,8513.69,165.74,1,2,3,4,5,0
238,74,229.176,304.198,2.21151,4.1962,285.777,89.697,-2.9977,0.884788,14547.1,184.888,1,2,3,4,5,0
238,75,228.658,304.331,1.54923,2.95131,317.986,103.675,-6.17573,-0.501512,8753.04,154.787,1,2,3,4,5,0
238,76,226.705,306.418,1.71872,1.96155,381.275,139.543,7.59745,3.72882,6924.36,179.148,1,2,3,4,5,0
238,77,225.505,308.868,2.29246,2.57328,275.716,131.249,4.69477,-1.7875,11228.6,197.574,1,2,3,4,5,0
238,78,223.539,310.005,2.44293,2.33397,328.233,152.605,6.597,-1.55891,10803.3,211.183,1,2,3,4,5,0
238,79,226.291,311.27,2.22786,2.30974,300.67,139.882,-1.14804,-6.71995,9533.5,190.083,1,2,3,4,5,0
238,80,229.043,312.536,2.0128,2.28552,273.108,127.158,-8.89308,-11.881,8263.67,168.982,1,1,1,1,1,0
238,81,229.302,312.346,1.90066,2.27918,309.841,102.725,-0.464318,-4.54934,8346.98,149.562,1,1,1,1,1,0
238,82,229.561,312.38,2.55403,2.99906,297.621,43.3667,-5.82156,3.88351,16299.6,142.456,1,2,3,4,5,0
238,83,228.867,314.25,1.95305,2.20964,255.81,84.2158,1.65104,1.62928,6877.85,120.775,1,2,3,3,4,0
238,84,229.11,313.808,2.00492,1.44212,257.194,77.0689,-2.43666,-0.898535,4661.33,104.195,,,,,,0
239,66,229.781,292.646,1.70775,1.71192,296.91,83.2928,-0.50732,5.83006,5449.5,118.888,1,2,2,3,4,0
239,67,230.622,291.914,1.95334,2.31159,314.857,70.9362,-2.60445,3.65089,8832.54,124.521,1,2,2,3,4,0
239,68,231.283,292.061,2.44829,2.51356,324.502,54.0664,-2.86157,2.25836,12170.4,129.142,1,2,2,3,4,0
239,69,230.156,292.611,2.13027,2.08844,352.315,74.3905,-0.376045,4.98171,10142.5,135.355,1,2,2,3,4,0
239,70,229.728,292.553,1.64377,2.13411,261.627,113.92,2.53788,6.73899,5733.9,148.704,1,2,3,4,5,0
239,71,231.013,290.189,2.46378,2.55345,266.116,73.344,-1.85889,3.55999,10469.4,138.692,1,2,3,4,5,0
239,72,232.298,287.826,3.2838,2.97279,270.605,32.7676,-6.25567,0.380988,15204.9,128.68,1,2,3,4,5,0
239,73,232.253,286.774,2.60076,2.25463,304.23,67.4331,-3.30146,1.63814,11143.9,131.675,1,2,3,4,5,0
239,74,232.309,287.552,2.19205,2.41385,332.164,88.693,-2.05774,2.42227,10213.6,149.515,1,2,3,4,5,0
239,75,232.316,289.715,2.11188,2.46957,311.343,74.733,-1.16664,5.57941,10003.4,133.379,1,2,3,4,5,0
239,76,233.09,291.768,2.9788,4.03626,289.044,27.7177,-4.27954,3.24804,18036.7,143.414,1,2,3,4,5,0
239,77,232.764,293.674,1.75415,2.34046,448.94,87.1691,-1.35112,4.45766,11452.2,152.154,1,2,3,4,5,0
239,78,232.382,294.213,1.91822,1.73371,415.785,90.2913,-0.230735,3.50972,8667.18,138.266,1,2,3,4,5,0
239,79,233.469,294.978,2.25191,1.63279,332.195,85.0051,-2.957,1.46904,7607.74,131.059,1,2,3,4,5,0
239,80,234.666,297.639,2.08071,2.06557,377.537,87.8954,-4.06354,-0.562825,11060.5,150.686,1,2,3,4,5,0
239,81,234.592,298.47,1.83533,1.82973,426.611,130.925,-6.01828,8.55504,9150.49,183.302,1,2,3,4,5,0
239,82,232.164,298.371,2.18517,2.20007,312.984,138.376,-7.9549,5.56487,8705.88,190.373,1,2,3,4,5,0
239,83,231.477,296.536,1.90767,1.40258,357.426,130.866,-8.49217,11.9545,5636.08,161.911,1,2,3,4,5,0
239,84,227.729,299.541,3.95746,3.7437,342.999,32.9949,3.47368,-4.04161,26729.1,202.278,1,2,3,4,5,0
239,85,227.836,299.034,2.39443,3.40232,394.581,126.052,-2.62215,9.15997,17938.5,232.154,1,2,3,4,5,0
239,86,228.351,297.878,1.909,2.88875,332.359,143.846,-8.44296,12.4671,11072.5,205.467,1,2,3,4,5,0
239,87,228.195,296.926,1.64553,2.51344,253.237,151.471,-9.88962,5.56439,6473.77,185.74,1,2,3,4,5,0
239,88,226.514,293.844,1.90142,2.7696,233.937,124.359,-7.67094,7.5091,7413.07,165.778,1,2,3,4,5,0
239,89,224.832,290.761,2.15731,3.02576,214.636,97.2456,-5.45226,9.4538,8352.36,145.817,1,2,3,4,5,0
239,90,224.39,287.616,2.26574,2.93732,295.635,95.6453,-3.48656,4.87068,11927.3,167.79,1,2,3,4,5,0
239,91,223.948,284.47,2.37416,2.84889,376.633,94.0451,-1.52085,0.287563,15502.3,189.763,1,2,3,4,5,0
239,92,223.834,284.671,1.93504,2.12891,437.802,126.226,-2.53639,-1.64141,11255.9,193.976,1,2,3,4,5,0
239,93,223.833,285.565,1.82065,2.38911,448.964,98.2899,-0.862481,3.06561,11773.2,174.521,1,2,3,4,5,0
239,94,223.359,286.413,1.92755,2.2298,481.335,109.475,-1.20666,0.375185,12874.5,189.249,1,2,3,4,5,0
239,95,221.026,287.842,2.84288,1.73619,495.334,103.806,2.29681,1.34875,14494,193.521,1,2,3,4,5,0
239,96,223.375,287.972,1.19898,2.7806,299.291,115.339,-1.71547,-4.9369,6081.15,151.308,1,2,3,4,5,0
239,97,224.849,285.087,2.31976,2.13385,302.75,110.428,-9.22986,-4.18332,9291.22,162.663,1,2,3,4,5,0
239,98,224.8,283.255,2.04668,2.12431,401.584,143.261,-10.7434,-14.3594,10926.1,203.095,1,2,3,4,5,0
239,99,225.362,280.792,2.37614,2.31174,854.788,145.076,2.11701,-3.06625,27454.3,308.852,1,2,3,4,5,0
239,100,225.542,280.359,2.33527,2.12138,858.247,143.532,-0.92649,-8.00434,26290.3,294.432,1,2,3,4,5,0
239,101,226.346,279.564,2.62714,2.67334,749.927,107.479,-10.3162,-15.9736,32475,304.331,,,,,,0
240,66,250.55,315.532,3.31924,2.36996,242.351,49.4956,-2.73554,-1.24518,11016.6,120.604,1,1,1,1,1,0
240,67,250.556,315.73,2.9862,2.70844,277.852,44.5654,-1.49632,-2.59669,12897,126.893,1,1,1,1,1,0
240,68,250.73,316.13,1.47163,1.51393,372.704,96.1125,-0.608057,-0.131342,5218.96,128.947,1,2,3,4,5,0
240,69,252.054,315.136,2.63225,2.0628,206.762,70.8491,-2.34981,1.22052,6876.44,111.675,1,2,3,4,5,0
240,70,252.292,313.899,2.93914,2.74288,297.157,33.4159,-1.04376,-1.81859,14028.8,120.302,1,2,3,4,5,0
240,71,251.306,311.83,2.24276,2.24382,366.106,58.9863,2.39873,0.544915,11516.2,129.775,1,2,3,4,5,0
240,72,251.452,311.236,2.23356,2.12417,410.796,67.8448,-1.86026,-2.74028,12093.1,138.166,1,2,3,4,5,0
240,73,251.961,310.738,2.36136,2.01811,383.259,69.4594,1.11191,-1.6775,11023,134.503,1,2,3,4,5,0
240,74,253.659,309.523,2.39779,2.72044,361.909,69.0435,1.37731,-3.95969,14565.2,159.041,1,2,3,4,5,0
240,75,253.918,308.764,2.05031,2.30873,447.092,88.9083,-3.5015,-4.07943,13012.8,170.982,1,2,3,4,4,0
240,76,253.294,309.19,1.65099,1.97312,525.434,115.736,0.693371,-4.69974,10727.9,175.485,1,2,3,4,5,0
240,77,252.946,308.458,2.06181,2.18135,474.688,90.3323,3.67282,-10.401,13399.1,172.166,1,2,3,4,5,0
240,78,253.541,305.868,1.71411,1.7393,436.402,154.688,9.30929,-9.83784,8431.97,205.609,1,2,3,4,5,0
240,79,253.094,304.098,2.09035,1.92773,381.924,158.417,18.4055,-9.14098,9618.4,222.243,1,2,3,4,5,0
240,80,252.902,303.484,2.10523,1.94532,528.411,146.836,19.0425,-2.52631,13509.8,220.065,1,2,3,4,5,0
240,81,253.785,300.728,2.39478,2.31226,320.263,112.043,3.88764,2.25816,10847.2,179.686,1,2,3,4,5,0
240,82,252.684,300.683,2.80488,2.14677,387.29,105.069,2.11631,-4.71762,15004.4,194.118,1,2,3,4,5,0
240,83,253.976,301.538,1.76749,1.74876,465.307,144.726,3.43099,6.46382,8932.97,198.136,1,2,3,4,5,0
240,84,253.668,302.012,2.49202,2.3154,381.069,98.978,14.9268,17.4904,15982.4,207.917,1,2,3,4,5,0
240,85,251.895,302.434,2.73683,1.88775,425.033,115.226,9.30541,3.28247,13585.4,191.036,1,2,3,4,5,0
240,86,253.06,302.934,2.45215,1.85765,424.478,134.911,11.0889,5.98757,11856.1,204.373,1,2,3,4,5,0
240,87,253.047,303.121,2.35687,2.30172,433.885,117.547,-0.82861,-4.62735,14511.9,201.308,1,2,3,4,5,0
240,88,251.659,301.095,3.46155,2.78197,543.437,66.04,4.64266,-1.97751,29403.5,248.166,1,2,3,4,5,0
240,89,253.375,301.503,3.01063,2.90491,620.311,80.823,4.98217,-0.0805244,30153.2,264.947,1,2,3,4,5,0
240,90,255.091,301.912,2.55971,3.02784,697.185,95.606,5.32168,1.81646,30902.9,281.728,1,2,3,4,5,0
240,91,256.662,299.098,1.87374,1.84608,670.33,146.22,-10.0229,7.30296,14058.4,226.698,1,1,1,1,1,0
240,92,256.675,299.12,2.06661,3.04634,526.595,102.247,-3.41043,3.426,19755.4,224.627,1,1,1,1,1,0
240,93,256.558,298.725,2.42707,3.44711,463.273,95.0703,-2.2015,7.91106,22733.6,229.763,1,2,3,4,5,0
240,94,254.357,296.944,2.76964,2.12172,460.91,131.772,7.065,13.2687,15388.5,219.704,1,2,2,3,4,0
240,95,255.005,297.03,3.53771,2.17277,469.921,161.793,18.8089,-5.93789,19730.6,284.893,1,2,2,3,4,0
240,96,253.971,297.925,3.48508,1.83271,535.864,164.054,18.9133,-3.18469,19789.6,276.976,1,2,2,3,4,0
240,97,254.555,297.578,3.56234,1.66377,653.257,151.597,14.0668,-10.136,22405.3,285.018,1,1,2,3,4,0
240,98,254.974,297.129,4.12612,2.00929,594.639,161.741,12.6298,-11.5838,25655.8,306.538,1,1,2,3,4,0
240,99,254.048,297.592,2.83204,2.85209,521.896,91.5812,12.1264,1.52348,24676.1,246.462,1,1,1,1,1,0
240,100,253.868,297.45,2.2192,3.3548,536.254,101.789,7.22671,10.2725,23830.3,241.97,1,1,1,1,1,0
240,101,253.806,297.509,2.60043,2.56521,761.802,97.4043,-1.4717,0.160747,30621.6,279.639,,,,,,0
241,66,272.619,188.11,2.30647,2.0871,287.082,145.032,3.729,5.34251,9290.15,199.183,1,2,3,4,5,0
241,67,273.198,188.067,2.46835,2.91284,402.782,81.8351,0.681899,-7.03484,18281.6,191.935,1,2,3,4,5,0
241,68,275.785,183.9,2.12262,2.33998,369.481,124.31,-5.70663,-0.957818,11376.2,188.314,1,2,3,4,5,0
241,69,276.042,182.093,1.75968,1.84556,486.135,143.419,-0.703019,-2.93488,9904.17,200.521,1,2,3,4,5,0
241,70,275.006,180.429,3.35298,2.61337,275.161,101.424,-4.27843,0.162532,13733.4,183.586,1,2,3,4,5,0
241,71,271.622,180.56,2.17041,2.81812,323.078,104.784,-7.20921,-6.40168,12683,179.213,1,2,3,4,5,0
241,72,269.909,180.653,2.31602,2.81005,466.698,103.639,-3.79042,-5.66028,18290.4,218.183,1,2,3,4,5,0
241,73,269.613,181.241,2.14228,3.22119,553.518,62.2777,-1.68994,-2.67219,22369.7,200.154,1,2,3,4,5,0
241,74,270.433,181.364,2.35649,2.39341,425.586,97.3921,3.07375,-3.60774,15372.8,187.858,1,2,3,4,5,0
241,75,272.6,182.55,2.96685,2.7774,375.84,65.7163,-3.29712,-6.5898,17890.5,176.314,1,2,3,4,5,0
241,76,273.31,183.837,2.33563,2.46548,485.795,81.4144,-5.39015,-8.85493,17777.2,190.183,1,2,3,4,5,0
241,77,271.909,182.582,2.45169,2.79691,314.658,102.949,-3.2218,-3.70189,12931.3,177.751,1,2,3,4,5,0
241,78,270.693,183.008,2.50085,2.65298,356.495,111.723,1.73433,-4.45916,14222.1,198.645,1,2,3,4,5,0
241,79,272.214,184.998,2.27039,2.58833,378.45,99.3492,0.41884,-4.04851,13458.4,181.467,1,2,3,4,5,0
241,80,273.735,186.989,2.03993,2.52368,400.406,86.9752,-0.896647,-3.63787,12694.6,164.29,1,2,3,4,5,0
241,81,273.363,186.778,2.05954,2.52929,389.117,92.1642,-3.57223,-3.52291,12467.5,168.053,1,2,3,4,5,0
241,82,275.269,186.555,1.95033,2.09215,361.438,109.041,-2.98219,-7.80656,9320.98,161.858,1,2,3,4,5,0
241,83,275.204,186.124,2.00794,2.04142,311.108,132.136,0.279118,-10.0919,7967.05,174.834,1,2,3,4,5,0
241,84,272.613,183.095,2.96521,2.52546,317.408,136.827,1.24576,2.0577,14039.6,216.811,,,,,,0
242,67,411.245,484.514,2.14362,1.84587,344.056,212.592,28.122,8.60492,8787.71,273.408,1,1,2,2,3,0
242,68,411.54,484.706,1.92898,1.91779,404.959,180.302,21.9385,7.83742,9380.68,240.053,1,1,2,2,3,0
242,69,412.136,484.466,1.77068,1.88985,511.95,169.229,18.1292,7.39739,12443.5,245.929,1,1,2,2,3,0
242,70,411.748,484.825,1.80659,1.97172,446.342,167.633,17.8314,4.31438,10014.2,226.112,1,1,2,2,3,0
242,71,411.484,484.122,2.05232,2.22794,417.996,121.327,17.5166,11.2395,12607.5,202.006,1,1,2,3,4,0
242,72,410.997,484.204,2.30803,2.33447,348.366,125.52,16.0399,9.75126,12294.8,194.491,1,1,2,3,4,0
242,73,410.747,484.55,1.85065,1.88001,413.755,158.366,17.0024,11.6757,9066.6,210.089,1,2,2,3,4,0
242,74,412.174,484.246,2.05776,1.80128,449.652,151.889,15.3569,13.1102,10443,228.479,1,1,2,3,4,0
242,75,412.882,484.198,1.97999,2.0769,469.21,160.832,13.6831,16.5266,12059.9,235.728,1,1,2,3,4,0
242,76,412.382,484.435,1.23952,1.70636,482.994,191.015,24.2509,16.9459,6962.53,228.728,1,1,2,3,4,0
242,77,411.653,484.456,1.60358,2.09108,406.13,158.698,14.0116,11.1164,8155.99,206.852,1,1,2,3,4,0
242,78,412.045,485.062,2.28159,2.18515,393.202,143.319,10.6708,5.96446,12151.1,229.036,1,1,2,2,3,0
242,79,411.885,484.395,2.5129,2.57271,372.018,108.131,21.8957,19.6847,16689.1,207.55,1,1,2,2,3,0
242,80,412.055,484.578,2.23487,2.87176,352.112,129.863,13.7357,17.8705,14713.7,216.849,1,1,2,2,3,0
242,81,412.224,484.762,1.95683,3.17082,332.205,151.596,5.57569,16.0563,12738.3,226.148,1,1,2,2,3,0
242,82,411.99,484.864,1.89096,2.60399,347.139,169.284,4.46808,17.7812,12411.1,236.521,1,1,2,2,4,0
242,83,412.769,485.137,1.78683,2.56296,389.834,191.327,4.10847,16.3407,11895.3,257.633,1,1,2,3,4,0
242,84,413.548,485.41,1.68269,2.52193,432.529,213.37,3.74885,14.9001,11379.6,278.746,,,,,,0
243,67,452.811,364.765,2.68515,3.3856,576.682,56.5486,-0.599621,-9.20608,30755.7,249.828,1,2,3,4,5,0
243,68,454.039,361.143,2.36755,2.31912,528.825,133.518,-8.03777,2.77978,18491.9,241.101,1,2,3,4,5,0
243,69,452.984,360.709,1.91575,1.96962,803.408,152.043,-0.0693456,0.877531,18974.1,261.574,1,2,3,4,5,0
243,70,450.238,360.617,2.29392,2.70016,679.115,106.569,3.16231,4.52529,25566.4,265.775,1,2,3,4,5,0
243,71,447.827,363.045,2.53743,2.73413,572.722,122.743,4.88128,-5.81435,23855.7,261.775,1,2,3,4,5,0
243,72,447.703,361.241,2.66083,3.40435,463.198,116.242,0.501834,8.72057,23764.3,259.893,1,2,3,4,5,0
243,73,448.28,360.383,2.02094,2.82813,569.791,145.875,3.7924,10.4068,19696.1,269.018,1,2,3,4,5,0
243,74,448.837,359.832,2.1185,2.09667,607.217,184.697,12.9354,7.27373,15918.9,268.657,1,2,3,4,5,0
243,75,450.763,359.668,2.06647,2.21355,767.704,165.615,0.0591436,5.22054,21834.5,291.716,1,2,3,4,5,0
243,76,452.236,360.073,1.71274,2.52749,706.85,161.267,4.27898,3.85403,18892.5,279.195,1,2,3,4,5,0
243,77,454.687,359.252,1.74151,1.86199,771.539,222.601,7.68491,8.53309,15410.3,310.947,1,2,3,4,5,0
243,78,456.865,357.884,2.54336,2.34032,694.921,132.88,-1.85391,-0.179762,25709.2,287.16,1,2,3,4,5,0
243,79,457.189,356.334,2.40098,1.86403,875.888,145.313,2.70612,-3.30421,23742.9,286.817,1,2,3,4,5,0
243,80,458.376,355.754,2.39345,2.41765,727.351,98.5374,-3.92793,-2.26016,27030.2,263.225,1,2,3,4,5,0
243,81,459.475,356.48,1.5941,1.93028,690.736,146.243,-3.21561,2.84892,13095.8,216.621,1,2,3,4,5,0
243,82,460.373,356.624,2.09285,1.79291,864.66,126.65,-5.55054,-1.98639,20251.6,240.124,1,2,3,4,5,0
243,83,459.666,355.835,2.29934,1.96677,796.643,133.241,-2.65701,-2.90876,21459.9,257.746,1,2,3,4,5,0
243,84,458.533,354.172,2.07177,2.205,928.248,149.111,-0.297703,4.50616,25787,300.32,1,2,2,3,4,0
243,85,458.732,354.225,2.43433,2.75166,711.94,95.8549,0.623886,3.79216,28859.9,274.485,1,2,2,3,4,0
243,86,459.447,354.499,1.90639,2.61566,747.542,120.448,0.0617242,5.96485,22106.9,254.941,1,2,2,3,4,0
243,87,460.249,354.586,2.11845,2.26887,880.346,130.907,0.0374104,1.44097,25962.9,286.562,1,2,3,4,5,0
243,88,461.432,354.053,2.18537,2.36248,729.799,107.819,0.125075,-0.794807,23428.8,245.716,1,2,3,4,5,0
243,89,463.911,353.15,2.81026,2.68231,310.272,82.5741,-2.7314,1.23031,13875,167.254,1,2,3,4,5,0
243,90,467.815,354.917,2.69068,2.03222,302.547,89.0244,-3.84867,-3.61741,10103.2,146.189,1,2,3,4,5,0
243,91,467.705,355.629,2.68402,2.12167,288.502,86.3524,1.39189,-2.8175,9852.51,147.195,1,2,3,4,5,0
243,92,467.303,356.186,2.01437,1.92624,339.226,96.8792,0.071206,-1.80078,8232.25,147.988,1,2,3,4,5,0
243,93,465.995,359.099,1.64902,1.77411,345.809,115.533,0.884144,-1.5724,6352.31,148.172,1,2,3,4,5,0
243,94,467.888,361.994,2.13872,1.95452,258.29,119.956,2.12129,5.35542,6740.8,156.13,,,,,,0
244,68,361.979,358.454,1.661,0.956942,419.665,90.3521,0.860655,0.586374,4191.07,109.201,1,1,1,1,2,0
244,69,362.441,358.245,1.73604,1.40281,422.741,80.5164,0.0360713,-0.0483279,6566.31,116.402,1,1,1,1,1,0
244,70,362.902,358.036,1.81108,1.84867,425.817,70.6808,-0.788512,-0.68303,8941.54,123.604,1,1,1,1,1,0
244,71,362.896,358.09,1.96562,2.001,276.484,66.7722,0.407225,0.373704,6806.55,106.207,1,1,1,1,1,0
244,72,362.661,358.356,1.7819,2.03375,269.079,58.9509,-0.681637,-0.500984,6165.19,95.855,1,1,1,1,1,0
244,73,362.426,358.621,1.59818,2.06649,261.674,51.1295,-1.7705,-1.37567,5523.84,85.503,1,1,1,1,1,0
244,74,362.522,358.465,1.99041,2.10665,235.32,50.5542,-1.00983,-3.04611,6260.76,88.5089,1,1,1,1,1,0
244,75,362.071,358.849,1.81427,1.99804,257.201,52.2218,1.22815,-4.46861,5839.55,88.6331,1,1,1,1,1,0
244,76,362.34,358.937,2.16882,2.34394,251.338,41.4243,0.454147,-3.51888,7902.1,92.2604,1,1,1,1,1,0
244,77,362.376,358.59,2.20704,1.48602,285.269,54.6516,0.0880467,-3.30078,5837.89,89.6627,1,1,1,1,1,0
244,78,362.242,358.707,1.62572,1.49959,328.269,62.0446,-0.692154,-5.00651,5032.91,91.142,1,1,1,1,1,0
244,79,362.313,358.652,1.61136,1.8337,249.597,63.0542,-1.22039,-4.60291,4633.78,92.0947,1,1,1,1,1,0
244,80,361.898,358.769,1.44276,1.76143,293.96,67.8065,-2.06329,-5.01868,4706.78,96.2663,1,1,1,1,1,0
244,81,361.934,358.761,1.5943,1.73898,262.312,61.4014,-0.228579,-3.14027,4567.3,88.497,1,1,1,1,1,0
244,82,362.032,358.648,1.68125,1.56169,273.931,65.4202,0.945307,-1.70602,4478.58,92.8284,1,1,1,1,1,0
244,83,362.131,358.534,1.7682,1.3844,285.549,69.439,2.11919,-0.271769,4389.86,97.1598,,,,,,0
245,68,417.266,490.885,1.1111,2.05348,476.84,181.151,-10.297,-17.9257,6814.04,223.911,1,2,2,3,4,0
245,69,418.403,491.235,2.18258,1.97244,472.096,168.037,-2.16966,-13.144,12661.2,238.876,1,1,2,3,4,0
245,70,418.967,490.942,2.14228,2.02363,443.036,169.515,-12.4502,-3.21695,11978.2,252.675,1,1,1,2,2,0
245,71,418.851,490.977,1.6577,1.62643,553.32,212.405,-16.5013,9.43235,9370.05,270.024,1,1,1,2,2,0
245,72,419.039,490.624,1.66428,1.72662,627.148,203.3,-26.3135,4.69574,11314,264.361,1,1,1,2,2,0
245,73,418.746,490.94,1.95954,1.82695,564.504,220.817,-24.324,5.01234,12659.3,300.178,1,1,1,2,2,0
245,74,418.57,491.343,1.78568,1.85297,648.364,185.771,-10.0734,-8.45144,13239.5,263.609,1,1,1,2,3,0
245,75,418.726,491.105,1.72919,1.76661,816.3,206.884,-6.92421,-10.0576,15419.7,295.965,1,1,2,2,3,0
245,76,418.405,491.658,1.75441,1.944,1176.86,196.203,-4.16313,-4.1252,25415.2,351,1,1,2,2,3,0
245,77,419.068,491.655,1.66631,1.76361,844.221,181.93,-4.68641,-8.6572,15573,269.893,1,1,2,2,4,0
245,78,419.58,491.001,1.76605,2.04768,651.247,157.939,-7.25011,-5.51456,14740.3,245.456,1,1,2,2,4,0
245,79,419.029,491.116,1.58063,1.97056,610.988,178.074,-11.4419,-10.7826,11930.6,240.592,1,2,3,4,5,0
245,80,417.05,491.249,2.0016,1.92919,413.968,180.309,-12.0797,-17.9595,10967.2,236.74,1,2,3,4,5,0
245,81,414.979,492.155,2.28753,2.50471,391.298,160.196,-3.54408,-19.0442,13811.6,235.515,1,2,3,4,5,0
245,82,414.06,492.434,1.7902,2.21758,466.507,206.583,-9.23711,-14.3392,11544.2,273.302,1,2,3,4,5,0
245,83,413.795,491.946,1.94126,3.16367,461.056,204.093,-8.88904,-8.65108,16800.4,308.219,1,2,3,4,5,0
245,84,415.284,491.399,1.70146,3.42803,404.18,218.472,-10.8924,-12.1729,13147.8,295.166,1,2,3,4,5,0
245,85,415.651,490.55,2.06276,2.92041,492.712,202.309,-11.9134,-14.4667,18739.6,314.367,1,2,3,4,5,0
245,86,413.428,486.565,1.45495,3.60972,502.514,229.255,1.45058,10.6612,15208.5,315.592,1,2,3,4,5,0
245,87,412.651,485.277,1.90799,2.80861,450.543,200.572,4.66328,8.85789,16469.4,303.615,1,2,2,3,4,0
245,88,411.821,485.894,2.08403,2.90031,391.668,194.383,8.92108,6.90664,15182.4,280.148,1,2,2,3,4,0
245,89,411.725,485.103,2.03597,2.36504,390.273,184.276,7.64981,3.84837,12176,255.231,1,2,2,3,4,0
245,90,412.055,484.594,2.06701,1.94688,387.999,209.014,16.2605,6.11093,9620.22,266.811,1,2,2,3,4,0
245,91,412.267,484.08,1.62246,1.85255,483.475,254.273,18.4479,0.778352,9120.61,310.178,1,2,2,3,4,0
245,92,412.623,482.946,1.90383,2.64273,537.647,231.215,13.3164,1.04489,16510,322.26,1,2,2,3,4,0
245,93,413.19,483.35,2.08251,2.62619,664.444,178.496,4.23604,1.0086,22907,320.675,1,2,2,3,4,0
245,94,413.787,483.3,2.06855,2.83661,671.027,190.687,1.67626,12.3546,23657.1,333.32,1,2,2,3,4,0
245,95,413.08,484.148,2.05393,2.54551,527.07,203.965,11.9826,5.27713,17816.1,315.639,1,2,2,3,4,0
245,96,412.074,485.325,1.55204,1.40183,555.229,240.681,21.9918,6.01511,7589.85,294.355,1,1,2,3,4,0
245,97,412.102,485.292,1.34603,1.51414,575.701,229.833,13.7346,15.9277,7391.64,275.663,1,1,2,3,4,0
245,98,412.837,484.917,1.65047,1.56494,503.974,199.59,13.8719,15.7813,8987.09,245.396,,,,,,0
246,69,260.529,91.7327,1.77326,1.79756,279.337,76.8137,1.59089,5.18216,5586.34,114.935,1,1,1,1,1,0
246,70,260.56,91.8943,1.2944,1.22135,470.885,76.0414,2.04407,3.29184,3888.87,103.521,1,1,1,1,1,0
246,71,260.591,92.056,0.815536,0.645145,662.434,75.269,2.49724,1.40152,2191.39,92.1065,1,1,1,1,1,0
246,72,261.016,91.8035,1.02283,1.07786,485.275,76.4803,4.09445,1.54442,3225.45,98.9734,1,1,1,1,1,0
246,73,261.441,91.551,1.23012,1.51058,308.116,77.6916,5.69165,1.68732,4259.52,105.84,1,1,1,1,1,0
246,74,261.607,91.3036,1.37528,1.45907,376.759,106.172,2.59118,2.47087,4756.77,129.314,1,2,3,4,5,0
246,75,269.165,90.7938,2.20547,2.82797,313.706,115.436,-9.9721,-2.89625,11812.9,182.817,1,2,3,4,5,0
246,76,263.333,89.8364,2.63803,1.94928,347.886,128.802,4.69442,-6.88505,10958.7,197.243,1,2,3,4,5,0
246,77,262.604,88.9434,2.6787,3.53833,563.303,33.2749,5.24976,-8.73788,29598,224.686,1,2,3,4,5,0
246,78,263.6,86.4654,1.95238,2.21832,329.096,135.105,4.01515,7.45299,8812.14,188.479,1,2,3,4,5,0
246,79,264.878,85.4862,2.29265,2.0895,506.134,115.704,0.9199,2.86495,15741.1,207.154,1,2,3,4,5,0
246,80,263.492,86.1266,2.09329,1.99458,860.775,116.814,1.40973,-10.6137,22418.2,250.367,1,2,3,4,5,0
246,81,264.155,85.1753,2.17812,2.02394,662.448,102.404,4.00221,-8.67237,17917.2,203.645,1,2,3,4,5,0
246,82,264.556,83.3239,2.33723,1.8025,502.063,120.835,-2.87409,-2.22427,13168.5,196.71,1,2,3,4,5,0
246,83,263.535,82.0702,2.39561,2.06865,598.217,103.673,1.08678,-0.825924,18200.9,207.734,1,2,3,4,5,0
246,84,263.155,83.6651,2.07772,2.01859,531.968,127.535,-2.58677,-6.40357,13924.8,203.888,1,2,3,4,5,0
246,85,262.752,85.6216,1.98295,2.35901,756.444,123.547,-1.33248,-3.61829,21804.8,251.533,1,2,3,4,5,0
246,86,262.961,86.8789,1.69497,1.83397,841.073,134.08,-0.371693,-10.6618,16406.5,228.355,1,2,3,4,5,0
246,87,263.041,86.0338,2.31567,1.93707,566.689,103.994,-0.938728,-7.89891,15384.9,190.692,1,2,3,4,5,0
246,88,264.992,85.7526,2.77706,1.88282,275.078,106.19,3.02032,-6.51288,8756.18,159.402,1,2,3,4,5,0
246,89,267.251,85.204,2.88042,2.42579,324.286,84.4698,-3.68631,2.00609,13906.2,167.426,1,2,3,4,5,0
246,90,265.417,85.4653,2.33303,2.15371,463.001,103.457,-0.75754,-2.61449,13706.6,184.882,1,2,3,4,5,0
246,91,263.221,86.4647,1.62805,2.54796,563.44,127.757,1.58007,-0.304549,14392.9,208.284,,,,,,0
247,69,364.352,233.341,2.29696,2.35122,214.17,144.623,-6.96102,7.2661,7458.82,192.225,1,2,3,4,5,0
247,70,362.368,233.502,1.32716,1.49651,372.578,158.009,-2.66462,10.5007,3582.96,176.284,1,2,3,4,5,0
247,71,361.482,233.253,2.54666,2.53366,218.982,145.57,-4.18605,10.26,8298.28,198.562,1,2,3,4,5,0
247,72,360.112,234.847,3.82547,3.91998,373.966,52.4961,4.53704,-1.75826,28046.2,231.568,1,2,3,4,5,0
247,73,357.911,235.473,2.35945,2.04637,376.431,170.268,9.61164,-1.60537,11177.9,233.036,1,2,3,4,5,0
247,74,356.767,234.762,2.5066,2.6893,325.354,103.443,-0.445887,-4.60698,13209.9,182.189,1,2,3,4,5,0
247,75,355.339,235.994,2.76919,2.52895,304.06,93.8042,0.66703,-5.84347,12617.6,172.027,1,2,3,4,5,0
247,76,353.911,237.226,3.03178,2.36861,282.767,84.1658,1.77995,-7.07996,12025.4,161.864,1,2,3,4,5,0
247,77,352.252,236.242,1.69528,1.76362,305.496,105.49,-1.01472,-10.822,5733.6,136.095,1,2,3,4,5,0
247,78,352.033,233.318,3.53989,3.69635,327.314,44.3118,0.961517,-11.0387,21947.2,181.959,1,2,3,4,5,0
247,79,353.204,233.66,3.21109,2.50411,350.54,93.893,2.43245,-2.78845,16350.2,193.598,1,2,3,4,5,0
247,80,353.096,235.213,2.62632,2.35249,639.589,91.942,2.57848,-8.06736,24037.1,236.609,1,2,3,4,5,0
247,81,352.626,235.805,2.46997,2.31128,520.658,137.049,-1.53681,-11.8605,17969.9,244.231,1,2,3,4,5,0
247,82,351.444,234.475,2.5782,3.05235,560.955,77.1716,-7.01127,-7.47224,25996.3,239.663,1,2,3,4,5,0
247,83,349.713,233.898,2.38726,2.44345,561.591,91.9347,-7.37501,-3.76037,20690.2,216.734,1,2,3,4,5,0
247,84,347.892,233.753,3.19835,3.08236,449.546,102.263,-13.5173,2.93712,24198.9,255.852,1,2,3,4,5,0
247,85,347.659,236.624,2.87207,2.7367,308.006,156.306,-11.3607,-7.22607,14227,245.189,1,2,3,4,5,0
247,86,348.326,237.404,3.71859,2.07048,337.993,148.589,-0.00491583,-7.95434,14546.4,235.071,1,2,3,4,5,0
247,87,346.568,238.558,2.62979,2.19018,294.454,146.417,-2.03322,-12.054,10335.8,213.172,,,,,,0
248,69,386.053,363.511,1.69111,2.04825,335.059,43.8284,2.31573,-2.40661,7694.77,90.5621,1,1,1,1,1,0
248,70,385.95,363.368,1.81274,2.04527,339.101,39.9107,0.356637,-1.03155,7786.65,87.8817,1,1,1,1,1,0
248,71,385.762,363.54,1.54287,1.87015,377.994,45.5278,0.192494,-0.134533,6841.3,86.2781,1,1,1,1,1,0
248,72,385.985,363.619,1.51376,1.74966,388.639,49.4302,-0.96713,0.658606,6462.93,88.6391,1,1,1,1,1,0
248,73,386.114,363.231,1.6128,1.48714,575.406,53.2013,0.830566,-0.025055,8683.79,104.562,1,1,1,1,1,0
248,74,385.786,363.453,1.53184,1.37427,703.771,61.4148,-0.468166,-0.639464,9307.95,115.905,1,1,1,1,1,0
248,75,385.892,363.224,1.49497,1.26229,564.183,67.0126,1.3221,-0.468543,6689.55,105.402,1,1,1,1,1,0
248,76,386.221,363.395,1.46681,1.50654,399.453,60.0133,-1.72703,-1.66315,5545.57,92.4556,1,1,1,1,1,0
248,77,386.38,363.225,1.09296,1.36447,581.068,64.5328,-0.589086,-2.09175,5445.26,93.5621,1,1,1,1,1,0
248,78,386.388,363.217,1.24756,1.28081,630.285,61.9937,-0.602605,-1.51173,6328.04,95.1716,1,1,1,1,1,0
248,79,386.258,363.199,1.3844,1.48459,510.588,57.7236,0.165403,0.456217,6316.93,91.9349,1,1,1,1,1,0
248,80,386.128,363.18,1.52125,1.68837,390.891,53.4536,0.933411,2.42417,6305.81,88.6982,1,1,1,1,1,0
248,81,385.994,363.125,1.5482,1.92085,383.622,49.2383,-0.651874,-0.661451,7158.39,93.1538,1,1,1,1,1,0
248,82,386.022,363.486,1.64453,1.43239,421.062,54.0349,0.245435,-2.34066,6431.01,92.071,1,1,1,1,1,0
248,83,386.079,363.604,1.63516,1.30333,468.52,56.2052,-0.00364419,-3.76837,6607.43,94,1,1,1,1,1,0
248,84,385.822,363.077,1.48015,1.73235,244.976,55.0715,0.656324,-4.02087,3944.98,78.3136,,,,,,0
249,70,178.335,417.913,2.50035,1.85581,225.594,80.1428,-3.94754,2.7907,6460.87,118.84,1,2,3,4,5,0
249,71,178.173,419.491,2.0572,2.05939,282.802,87.7846,-4.37354,-0.600004,7471.67,130.148,1,2,3,4,5,0
249,72,176.043,418.758,2.29401,2.55797,282.174,73.1296,-1.60977,0.421699,10115,132.488,1,2,3,4,5,0
249,73,173.913,418.025,2.53081,3.05654,281.546,58.4747,1.15401,1.4434,12758.3,134.828,1,2,3,4,5,0
249,74,173.728,418.412,1.5628,2.31954,307.03,102.348,0.646444,4.93564,6928.23,137.775,1,2,3,4,5,0
249,75,174.768,420.957,2.30955,2.42843,419.895,78.3395,-2.85055,-0.427331,15224.1,170.408,1,2,3,4,5,0
249,76,174.775,421.735,2.4404,2.75381,382.427,53.5464,-7.43276,1.2719,15462,147.911,1,2,3,4,5,0
249,77,173.634,422.841,2.82734,2.75125,422.038,34.4993,-1.28644,-1.08311,19076.7,154.515,1,2,3,4,5,0
249,78,172.585,423.111,2.10834,2.12712,585.237,80.0284,1.08861,-3.84803,16338.2,179.083,1,1,1,1,1,0
249,79,172.611,422.917,2.13292,2.14159,614.561,64.0233,-0.681293,-2.4617,17463.3,170.284,1,1,1,1,1,0
249,80,172.672,423.021,1.96292,1.98835,709.556,78.4592,-0.0606586,-2.04851,17507.6,181.763,1,1,1,1,1,0
249,81,172.382,423.301,1.90516,2.01813,850.34,66.9138,0.424222,-0.678646,20574.3,191.296,1,1,1,1,1,0
249,82,172.76,423.401,2.27201,2.19676,587.142,57.4487,-1.99997,-0.828597,18257.7,167.923,1,1,1,1,1,0
249,83,172.643,423.331,2.14262,2.24301,561.698,68.8983,-0.928277,-1.94401,16837.8,169.58,1,1,1,1,1,0
249,84,172.356,423.406,2.06116,2.06934,674.277,65.9258,1.84717,-6.41977,18280.6,176.018,1,1,1,1,1,0
249,85,172.069,423.593,2.32033,1.93545,642.032,63.5503,0.782498,-5.58084,17863.3,170.533,1,1,1,1,1,0
249,86,172.208,423.132,2.18806,1.99245,588.042,73.2623,2.42425,-1.26959,15974.5,169.503,1,1,1,1,1,0
249,87,172.299,422.871,2.23583,2.24061,578.878,76.1456,-0.195727,1.02357,17960.6,185.024,1,1,1,1,1,0
249,88,172.401,423.364,2.2325,2.22001,687.663,64.0276,1.08882,-6.82306,21013.7,191.604,1,1,1,1,1,0
249,89,172.283,423.233,1.97407,1.9949,807.067,71.4565,-0.187572,-6.67239,19872.1,189.964,1,1,1,1,1,0
249,90,172.726,423.211,1.83022,2.08191,769.164,88.7539,-2.33984,-7.19515,17090.9,187.976,1,1,1,1,1,0
249,91,173.213,423.411,1.9111,2.22009,620.339,77.041,-5.45351,-3.66554,16389.5,171.473,1,1,1,1,1,0
249,92,172.995,423.363,2.18544,2.28259,583.471,67.1635,-2.91185,-2.56435,18767.3,182.828,1,1,1,1,1,0
249,93,172.535,423.07,2.04405,2.35827,725.458,65.6207,0.998025,-0.564605,21736.1,199.456,1,1,1,1,1,0
249,94,172.427,423.166,2.11492,2.40636,691.509,66.6597,-0.145169,3.18766,22065.4,198.509,1,1,1,1,1,0
249,95,172.449,423.416,2.12421,2.37343,670.862,79.8834,0.298545,1.66865,20883.1,202.716,1,1,1,1,1,0
249,96,172.493,423.405,2.03311,1.99037,775.148,119.802,-0.987162,3.40073,19579.6,235.444,1,1,1,1,1,0
249,97,172.391,423.316,1.94883,1.95899,776.098,112.804,1.98258,1.42718,18530,224.787,1,1,1,1,1,0
249,98,172.364,423.303,1.79435,2.01818,768.965,122.345,6.02837,3.31274,18011.1,229.586,1,1,1,1,1,0
249,99,172.668,423.031,1.81415,2.08774,743.079,159.029,7.03059,9.21562,18003.3,266.781,1,1,2,2,3,0
249,100,172.256,423.528,1.37404,1.78696,652.863,226.425,20.4605,20.0918,10109.3,297.882,1,1,2,2,3,0
249,101,172.045,424.232,1.44995,1.88141,700.166,224.642,13.5582,25.136,12017.3,318.213,,,,,,0
250,70,200.676,303.166,3.07525,2.67614,289.143,65.4922,-5.36003,1.21572,14359,151.882,1,2,3,4,5,0
250,71,200.325,304.025,1.84369,2.07446,382.881,103.249,-1.97405,-0.436785,9158.12,154.349,1,2,3,4,5,0
250,72,198.069,305.637,2.75522,2.46425,328.474,84.1499,-2.17398,0.571888,12392.6,158.207,1,2,3,4,5,0
250,73,195.813,307.248,3.66675,2.85403,274.068,65.051,-2.37391,1.58056,15627.1,162.065,1,2,3,4,5,0
250,74,194.278,306.189,2.06668,1.93088,390.587,99.8051,-1.31545,-3.1312,9740.08,154.876,1,2,3,4,5,0
250,75,193.016,304.733,2.27966,2.57845,298.175,118.942,-0.626031,1.63022,10109.4,175.095,1,2,3,4,5,0
250,76,193.167,303.617,2.51828,1.91783,298.629,128.717,0.0620447,1.08013,8893.6,173.148,1,2,3,4,5,0
250,77,195.287,302.714,2.50486,3.14128,334.742,75.6631,-5.32947,0.665815,14649.8,167.219,1,2,3,4,5,0
250,78,194.462,303.663,1.59052,2.16588,303.467,123.22,3.29312,-1.48516,6103.64,154.473,1,2,3,4,5,0
250,79,196.152,301.232,1.91038,2.16763,271.558,102.571,2.99167,1.84047,6650,139.278,1,2,3,4,5,0
250,80,197.842,298.8,2.23023,2.16938,239.649,81.9224,2.69023,5.16609,7196.36,124.083,1,2,3,4,5,0
250,81,198.24,299.588,3.13071,2.24577,245.786,79.2837,2.49147,3.58014,10179,143.87,1,2,3,4,5,0
250,82,198.342,298.052,3.14107,2.02479,244.966,92.6208,2.07322,2.76229,9210.32,155.503,1,2,3,4,5,0
250,83,198.276,297.733,2.34104,2.18398,281.87,106.914,3.97187,1.56709,8908.84,156.367,1,2,3,4,5,0
250,84,195.752,295.806,2.25559,2.26311,279.476,116.983,6.17823,1.1949,8833.92,166.772,1,2,3,4,5,0
250,85,193.228,293.88,2.17013,2.34224,277.083,127.052,8.3846,0.822709,8759.01,177.178,1,2,3,4,5,0
250,86,193.454,293.813,2.26239,2.04396,331.481,156.657,7.36881,3.68093,10065.9,210.249,1,2,3,4,5,0
250,87,193.09,291.884,1.95215,1.42382,420.572,135.902,-0.864094,2.35076,6102.68,174.314,1,2,3,4,5,0
250,88,194.137,290.741,1.37751,2.22739,459.418,139.08,2.95589,-6.32917,7798.96,182.396,1,2,3,4,5,0
250,89,196.796,289.188,2.1823,1.31597,405.678,123.466,4.56576,-4.29251,7297.41,160.29,1,2,3,4,5,0
250,90,198.26,287.784,2.0864,1.97024,674.758,87.22,-0.400442,-4.34333,17320.5,186.917,1,2,3,4,5,0
250,91,196.659,287.515,1.81259,2.07493,639.352,91.1636,-0.411891,-3.57844,15026.7,174.396,1,2,3,4,5,0
250,92,196.495,286.493,2.42391,1.95625,506.597,101.11,-5.10109,-3.93481,14767.1,186.467,1,2,3,4,5,0
250,93,197.325,286.237,2.31133,2.27623,546.4,84.5645,-6.12621,-8.91034,17742.5,189.148,1,2,3,4,5,0
250,94,197.585,287.91,2.18665,2.34234,483.068,117.498,-7.03639,-0.45555,15815.8,216.272,1,2,3,4,5,0
250,95,195.919,288.967,1.48814,3.3514,372.802,135.679,-1.66729,-9.30256,10840.5,209.101,,,,,,0
251,70,261.123,487.312,2.60337,2.28585,311.229,88.5841,-2.58882,2.74456,11326.3,156.923,1,2,3,3,4,0
251,71,259.868,487.641,1.99536,2.01946,630.828,113.965,-0.188978,1.6555,15883,208.118,1,2,3,3,4,0
251,72,258.526,488.518,2.14829,1.93855,1040.37,97.5507,-2.09552,-0.569713,27369.4,258.308,1,2,2,3,4,0
251,73,259.358,488.432,1.85746,2.11768,466.345,91.0244,-1.92096,-1.21298,11141.9,157.467,1,1,2,3,4,0
251,74,259.529,488.371,1.91386,1.99161,386.574,101.985,-1.14429,-2.17099,9100.75,154.864,1,1,2,3,4,0
251,75,259.701,488.309,1.97026,1.86555,306.802,112.945,-0.367613,-3.129,7059.58,152.26,1,2,2,3,4,0
251,76,258.473,488.454,1.90621,2.06983,1126.66,119.848,-4.89578,-2.0517,26773.6,279.166,1,1,2,3,4,0
251,77,258.271,488.09,2.23587,2.29827,674.203,97.7731,-1.51269,1.25066,21349.8,225.438,1,2,2,3,4,0
251,78,258.889,488.034,1.90092,2.30208,464.592,96.061,-1.23564,-1.85953,12646,170.639,1,2,2,3,4,0
251,79,260.034,488.515,1.91735,2.41073,265.324,71.7155,-0.123621,-2.69749,7651.79,116.385,1,2,2,3,4,0
251,80,259.684,488.117,2.31788,2.44957,279.781,69.5906,0.694206,-1.5281,9959.37,127.657,1,2,2,3,4,0
251,81,259.333,487.72,2.7184,2.48842,294.239,67.4658,1.51203,-0.358709,12267,138.929,1,2,2,3,4,0
251,82,258.616,488.621,1.78754,2.55054,371.704,94.3392,0.632328,0.766238,9189.39,148.716,1,2,2,3,4,0
251,83,259.978,488.782,1.99863,2.52974,344.01,87.2734,-1.33697,-1.57171,9978.49,146.204,1,2,2,3,4,0
251,84,261.34,488.943,2.20971,2.50894,316.315,80.2075,-3.30626,-3.90966,10767.6,143.692,1,2,2,3,4,0
251,85,261.59,487.994,2.27781,2.48497,334.485,87.721,0.4895,0.469758,11475.9,152.669,1,2,2,3,4,0
251,86,261.08,487.882,2.17486,2.05062,343.345,93.9541,-1.81206,-1.70303,9538.66,147.047,1,2,3,3,4,0
251,87,259.232,488.098,2.3086,2.37613,381.732,70.4342,0.509597,-0.541858,12477.8,145.254,1,2,2,3,4,0
251,88,259.541,487.768,2.59479,2.54131,294.232,47.3362,3.08433,2.35913,11708.9,124.148,,,,,,0
252,71,165.713,381.201,2.2517,2.57831,240.178,80.187,-0.290344,-5.72696,8524.57,131.935,1,2,3,4,5,0
252,72,167.518,377.274,2.40521,3.01447,238.886,67.5602,0.252172,-2.51763,10211.4,129.201,1,2,3,4,5,0
252,73,167.926,374.199,1.68048,1.54392,309.588,94.7382,0.63036,-4.11493,5050.98,122.284,1,2,3,4,5,0
252,74,168.12,373.817,2.10971,2.0546,225.693,71.1481,-1.89019,-3.54641,6101.4,110.775,1,2,3,4,5,0
252,75,168.231,372.997,1.58673,2.28278,234.562,83.5458,-3.09012,2.41915,5294.55,113.278,1,2,3,4,5,0
252,76,168.234,375.086,2.05369,2.04336,223.817,82.69,-2.70256,-0.491795,5636.96,114.683,1,2,3,4,5,0
252,77,168.238,377.174,2.52066,1.80395,213.072,81.8342,-2.31499,-3.40274,5979.37,116.089,1,2,3,4,5,0
252,78,170.73,378.223,2.22501,2.68778,353.033,83.0172,-0.97049,-0.536715,12842,162.018,1,2,3,4,5,0
252,79,170.26,379.68,2.27855,2.33506,312.339,93.4281,-1.4094,-4.99533,10635.6,152.491,1,2,3,4,5,0
252,80,171.714,384.477,2.2434,1.86337,238.975,129.001,-3.52451,-6.3202,5738.01,161.515,1,2,3,4,5,0
252,81,172.274,385.222,2.05231,2.33555,347.707,118.942,-2.33848,-3.6771,10332.2,177,1,2,3,4,5,0
252,82,170.087,385.888,1.89084,1.65453,394.444,102.033,5.40391,-2.98062,7741.2,141.609,1,1,2,2,3,0
252,83,169.972,386.599,1.68638,2.1319,386.313,113.596,0.957669,-1.98298,8043.77,159.935,1,1,2,2,3,0
252,84,170.177,386.59,2.23186,2.62858,373.304,86.1993,-1.32982,-3.68764,13613.1,167.32,1,1,2,2,3,0
252,85,170.246,386.083,2.09457,2.41113,418.579,87.6329,-2.34424,3.148,12987.1,165.521,1,1,2,2,3,0
252,86,170.459,385.47,1.90692,2.13521,455.05,105.483,0.337217,4.96748,11553.9,171.87,1,2,3,4,5,0
252,87,168.406,383.911,2.2344,2.24459,373.638,88.002,-1.04135,-0.431867,11144.9,154.482,1,2,3,4,5,0
252,88,166.353,382.353,2.56188,2.35397,292.225,70.5208,-2.41992,-5.83122,10735.9,137.095,1,2,3,4,5,0
252,89,167.507,382.863,2.16085,2.17477,291.258,88.0195,-1.93677,-4.79752,8675.65,138.065,1,2,3,4,5,0
252,90,170.804,383.617,1.28761,1.51653,298.44,122.043,-6.71141,-6.36832,3721.89,137.373,1,2,3,4,5,0
252,91,171.276,382.369,1.60529,2.64297,284.549,105.838,0.03399,0.889525,7404.86,144.083,1,2,3,4,5,0
252,92,171.991,381.581,2.65576,3.04916,246.035,61.9287,1.80322,-1.42659,11605.9,135.337,1,2,3,4,5,0
252,93,173.999,379.446,1.83333,1.86606,306.362,89.9213,0.194859,-2.81877,6569.34,127.243,1,2,3,4,5,0
252,94,176.217,378.464,2.00923,2.34036,295.977,78.4773,-1.05032,-0.493835,8096.41,126.361,1,2,3,4,5,0
252,95,176.155,379.498,2.62961,2.55128,252.24,60.4615,-3.19994,-0.331592,10190.1,123.314,1,2,3,4,5,0
252,96,174.552,379.473,1.96425,2.31239,314.354,79.6207,-1.72042,-1.71141,9035.15,131.402,1,2,3,4,5,0
252,97,176.285,378.679,2.13811,2.10587,291.552,74.3147,-1.35134,-0.986245,8186.82,122.994,1,2,3,4,5,0
252,98,178.018,377.886,2.31196,1.89934,268.751,69.0086,-0.982249,-0.261081,7338.48,114.586,1,2,3,4,5,0
252,99,180.17,378.793,2.24413,1.99111,344.986,87.4863,5.39389,-2.46797,9592.3,142.266,1,2,3,4,5,0
252,100,182.983,377.762,2.30274,1.80126,310.805,94.542,2.95151,-2.51602,8068.17,138.87,1,2,3,4,5,0
252,101,185.797,376.732,2.36136,1.61142,276.623,101.598,0.50912,-2.56407,6544.05,135.473,,,,,,0
253,71,402.235,110.504,2.91825,2.11316,233.789,63.0634,0.177419,-5.02124,9021.36,119.053,1,1,2,3,4,0
253,72,401.99,109.697,2.08346,1.48889,346.487,73.5504,3.52507,-5.6419,6728.42,115.006,1,1,2,3,4,0
253,73,402.386,108.869,2.08486,1.86985,341.233,62.0818,1.28504,-1.59339,8312.58,109.994,1,1,1,2,3,0
253,74,402.249,108.574,2.22667,2.11628,288.988,63.3373,0.882528,0.613518,8454.48,111.598,1,1,1,1,1,0
253,75,402.137,108.708,1.75898,2.16649,333.474,62.2091,1.52552,0.229414,7935.3,109.373,1,1,1,2,1,0
253,76,402.059,108.89,1.87901,2.03166,315.881,65.2693,5.50722,-3.18918,7545.5,108.598,1,1,1,2,2,0
253,77,402.001,109.463,1.91621,1.96422,336.113,76.4805,2.94562,-3.60784,7915.64,118.32,1,1,1,2,2,0
253,78,402.478,109.82,2.08747,2.13753,390.371,56.8382,-0.959585,-3.78191,10841.5,123.272,1,1,1,2,2,0
253,79,402.655,109.396,2.28316,1.87026,328.245,66.4933,-1.81484,-0.873799,8716.28,118.515,1,1,1,1,1,0
253,80,402.631,109.426,2.48175,2.33766,272.136,49.312,0.297352,-1.13353,9653.8,108.308,1,1,1,1,2,0
253,81,402.547,108.879,2.63145,2.13923,319.878,51.5971,0.584824,0.0590536,10992.9,120.686,1,1,1,1,1,0
253,82,402.714,109.239,1.58153,1.77573,426.493,71.527,-3.42504,-4.45055,7520.09,114.467,1,1,1,1,1,0
253,83,402.323,109.039,1.47861,2.09479,371.829,94.8222,2.54994,-7.18921,7208.16,133.544,1,1,1,1,1,0
253,84,402.75,109.03,1.71348,1.92485,332.329,90.3754,0.986224,-4.95599,6872.88,125.065,1,1,1,1,1,0
253,85,402.647,108.74,2.32284,2.02307,297.199,74.7135,1.0586,-4.19867,8661.32,128.266,1,1,1,1,1,0
253,86,402.417,108.791,2.25084,2.1957,330.248,62.045,2.13617,-2.46704,10109,121.781,1,1,1,1,1,0
253,87,402.253,108.895,1.77632,2.26253,361.32,57.6734,0.349522,-1.11418,9048.64,112.29,1,1,1,1,1,0
253,88,402.465,109.048,2.13653,2.35276,286.363,56.8666,-0.449345,-0.722674,8902.12,110.432,1,1,1,1,1,0
253,89,402.551,108.932,1.55694,2.09856,303.852,71.2931,1.58592,-3.93139,6565.97,105.314,1,1,1,1,1,0
253,90,402.445,108.544,2.0273,1.80699,327.499,79.2754,-1.93789,-2.22699,7370.38,122.568,1,1,2,3,4,0
253,91,402.745,109.233,2.32553,2.08373,324.242,56.4317,0.527711,-4.68011,9738.09,113.136,1,1,2,3,4,0
253,92,402.416,109.268,1.71778,2.32945,311.77,86.0765,1.3633,-6.89977,7756.59,130.882,1,1,2,3,4,0
253,93,402.439,108.268,2.28339,3.92795,244.661,74.2881,-2.57393,-7.76366,12554,148.432,1,1,2,3,4,0
253,94,402.254,109.379,2.1402,2.6972,256.152,90.9825,-2.14508,-13.6865,9003.65,141.858,1,1,2,3,4,0
253,95,402.478,109.448,1.5489,1.61665,370.269,98.4425,-2.26716,-8.01782,5823.13,129.787,1,1,2,3,4,0
253,96,402.758,108.999,2.23624,2.0224,301.678,78.9868,-4.90434,-4.34259,8488.1,131.947,,,,,,0
254,71,499.725,325.172,1.98839,1.91715,287.309,93.4396,-4.72954,-0.753625,6854.63,133.959,1,2,2,3,4,0
254,72,500.1,325.958,2.07151,2.42048,255.417,75.7082,-0.526942,-0.772163,7918.09,119.053,1,2,2,3,4,0
254,73,500.901,325.732,2.07151,2.13868,348.855,78.9131,-3.9613,2.79185,9858.27,136.84,1,2,2,3,4,0
254,74,500.964,325.815,3.29853,2.82667,271.39,63.3859,-5.37181,4.66163,14327.7,161.349,1,2,2,3,4,0
254,75,499.901,325.446,3.24373,2.31132,269.662,85.3885,-11.0921,2.65207,12922.2,171.852,1,2,2,3,4,0
254,76,499.282,324.487,1.99229,2.58252,306.02,123.624,-7.94072,7.90798,9089.87,174.68,1,2,2,3,4,0
254,77,499.555,324.959,1.75908,2.22658,355.964,121.734,-6.64636,6.81301,9204.5,170.231,1,2,3,3,4,0
254,78,500.874,326.512,1.77007,1.98437,398.717,99.0859,-4.75449,-0.586822,9686.82,157.621,1,1,1,1,1,0
254,79,500.765,326.3,1.78836,2.04022,367.225,103.429,2.96622,2.65976,8260.96,152.266,1,1,1,1,1,0
254,80,500.797,326.347,2.02211,2.57425,319.17,83.9923,0.654984,4.22513,10199.9,144.107,1,2,3,4,5,0
254,81,501.127,328.114,1.57844,1.62793,374.992,122.907,-2.02393,7.05244,6052.49,161.692,1,2,3,4,5,0
254,82,501.02,328.526,1.37485,2.64121,321.377,135.848,1.21231,9.7592,8748.73,184.533,1,2,3,4,5,0
254,83,499.818,325.624,2.59563,2.24176,333.359,80.4799,1.32477,2.84292,12038.3,151.385,1,2,2,3,4,0
254,84,500.296,325.729,2.38758,2.16892,382.065,78.5025,-4.21045,0.775747,12213.2,153.053,1,1,2,3,4,0
254,85,500.253,326.751,1.50702,2.15859,383.233,93.1356,1.57821,-5.4079,7790.82,135.278,1,1,2,2,3,0
254,86,500.459,326.631,1.90333,2.43031,382.861,64.5599,1.08577,-1.94585,11085.8,131.618,1,1,2,2,3,0
254,87,500.665,326.51,2.29964,2.70203,382.489,35.9843,0.593334,1.5162,14380.7,127.959,1,1,2,3,4,0
254,88,500.473,327.055,1.50336,1.96919,484.237,81.5126,2.38938,-3.09593,8987.55,132.639,1,1,2,3,4,0
254,89,500.687,326.415,2.05991,2.40009,365.614,104.709,5.85494,3.79197,11168.7,170.87,1,2,2,3,4,0
254,90,501.179,325.429,2.66264,2.09311,427.654,113.563,5.21389,-5.56561,14218,195.527,1,2,2,3,4,0
254,91,499.618,324.887,1.99892,1.8792,474.229,141.671,12.1821,-15.1252,10588.3,210.089,1,1,2,3,4,0
254,92,499.79,325.072,1.88888,2.07098,406.033,124.53,3.16467,-10.2358,9208.86,179.97,1,1,2,3,4,0
254,93,499.963,325.257,1.77884,2.26277,337.838,107.389,-5.85278,-5.3464,7829.38,149.852,1,2,2,3,4,0
254,94,499.129,325.712,1.49901,1.78619,466.323,75.1405,-3.27623,-0.870678,7839.03,121.675,1,2,3,4,5,0
254,95,498.115,324.416,2.20398,2.46802,233.05,75.3522,-0.867037,-1.61794,7791.98,120.817,1,2,3,4,5,0
254,96,497.171,323.24,2.05473,2.32299,353.531,99.1717,-0.788812,0.565625,10466.3,156.586,1,2,3,4,5,0
254,97,496.75,325.202,2.17894,1.98657,291.896,94.6471,0.176678,-2.35872,7874.71,139.331,1,2,3,4,5,0
254,98,497.042,327.025,1.92465,2.14451,343.223,86.7294,2.48823,-4.14944,8844.31,135.905,1,2,3,4,5,0
254,99,498.077,327.431,2.54039,2.41072,290.469,61.4314,-1.52504,-7.67127,10831.8,129.509,1,2,3,3,4,0
254,100,498.689,328.128,2.18332,2.40394,284.515,70.3317,0.181456,-6.65783,9197.55,130.175,1,2,2,3,4,0
254,101,499.3,328.824,1.82625,2.39717,278.561,79.2321,1.88795,-5.6444,7563.25,130.84,,,,,,0
255,72,338.952,241.202,1.79328,1.76749,235.563,123.866,-4.264,-6.16391,4694.86,146.089,1,2,3,4,5,0
255,73,340.29,237.596,1.39014,1.88283,373.189,107.147,-2.11786,-4.2968,6127.46,139.976,1,2,3,4,5,0
255,74,340.915,236.18,1.82654,2.14558,367.661,98.1975,1.0128,-5.81121,9000.68,154.112,1,2,3,4,5,0
255,75,344.516,235.599,1.123,1.565,381.195,131.851,1.64335,-4.27461,4208.85,155.266,1,2,3,4,5,0
255,76,344.403,235.216,1.24256,1.57122,297.86,123.975,2.99807,-3.84979,3691.93,142.343,1,2,3,4,5,0
255,77,341.803,235.175,1.69481,1.93164,321.197,112.367,-0.183904,-3.5892,7101.32,150.787,1,2,3,4,5,0
255,78,339.204,235.134,2.14706,2.29207,344.535,100.76,-3.36588,-3.32861,10510.7,159.231,1,2,3,4,5,0
255,79,337.505,237.019,1.94834,2.33574,291.122,96.965,-2.82339,-3.38148,8223.24,140.237,1,2,3,4,5,0
255,80,337.426,236.633,2.39607,1.67489,257.463,90.8267,2.72667,1.56856,6419.35,131.095,1,2,3,4,5,0
255,81,337.681,239.586,2.29322,2.13185,335.305,91.1455,2.87728,-2.53498,10601.3,155.018,1,2,3,4,5,0
255,82,337.936,242.54,2.19036,2.5888,413.148,91.4644,3.0279,-6.63851,14783.3,178.941,1,2,3,4,5,0
255,83,335.886,243.506,2.0146,1.99963,469.263,110.442,5.28657,-8.86044,12549.5,182.538,1,2,3,4,5,0
255,84,337.158,242.557,1.6034,1.68399,264.911,141.816,3.68026,-19.0512,4491.86,169.059,1,2,3,4,5,0
255,85,339.224,240.154,3.6421,2.95385,426.928,65.6885,6.76548,-14.608,25128,225.722,1,2,3,4,5,0
255,86,339.293,239.503,2.17213,1.89011,615.532,140.488,1.13315,-4.46028,16035.7,236.852,1,2,3,4,5,0
255,87,337.685,239.71,3.02217,2.38969,422.781,143.012,-3.1816,-5.83116,18057,246.219,1,2,3,4,5,0
255,88,338.566,237.151,3.97944,2.26785,292.154,134.692,-3.12083,2.39353,15327.4,228.71,1,2,3,4,5,0
255,89,334.062,238.865,2.95542,2.15907,235.818,185.838,5.62273,-16.5046,9022.87,239.03,1,2,3,4,5,0
255,90,333.862,240.237,1.949,2.02275,272.281,180.593,4.44766,-10.643,6713.63,219.521,,,,,,0
256,72,359.976,90.2823,3.03025,3.5285,351.213,191.014,-4.85249,15.6812,20491.2,316.769,1,2,2,3,4,0
256,73,360.021,89.0123,3.1774,2.67458,444.012,165.818,6.17171,14.1726,20521.1,290.408,1,2,2,3,4,0
256,74,360.013,89.7823,1.86483,1.85333,510.336,169.45,2.65232,-5.14052,11341.5,231.426,1,2,2,3,4,0
256,75,360.343,89.0453,2.11389,3.57653,339.013,137.407,-0.194383,-9.94921,14548.9,222.858,1,2,3,4,5,0
256,76,360.966,88.1974,3.09595,3.60492,387.151,77.8106,4.5868,-0.845963,23290,226.438,1,2,3,4,5,0
256,77,363.148,89.0067,2.59718,2.78536,385.736,167.572,-5.61915,-0.188305,16658.9,264.006,1,2,3,4,5,0
256,78,361.3,88.1443,2.08839,2.19462,255.683,239.501,6.1672,20.1676,6429.35,279.367,1,2,3,4,5,0
256,79,360.106,91.6401,3.41659,3.77752,752.001,-8.49844,-12.2175,-2.46859,51306.7,320.118,1,2,3,4,5,0
256,80,358.046,91.5767,2.89382,3.16647,698.816,81.9486,-3.81731,-4.66026,36441.2,306.349,1,2,3,4,5,0
256,81,357.859,90.9941,3.02049,3.17616,579.315,99.3159,-7.97161,-0.0460144,31712.6,294.491,1,2,3,4,5,0
256,82,358.731,93.0515,2.50653,3.04388,464.773,123.664,0.718858,-14.6006,20711.4,252.846,1,2,3,4,5,0
256,83,357.703,93.7899,2.15123,3.182,304.925,187.073,-5.60571,-23.2049,12277.4,261.959,1,2,3,4,5,0
256,84,355.536,93.9348,1.73707,2.36086,317.047,182.607,5.42235,-36.2777,9940.57,253.657,1,2,3,4,5,0
256,85,354.434,92.3215,1.90598,2.87756,403.383,173.986,-2.24965,-17.2,12194.2,248.568,1,2,3,4,5,0
256,86,353.194,91.2777,3.15749,3.94352,580.82,6.64514,18.8135,-14.1555,40142.5,264.515,1,2,3,4,5,0
256,87,354.975,92.1497,2.36114,2.71299,427.078,166.621,3.62038,-37.1644,18482.5,281.775,1,2,3,4,5,0
256,88,355.44,93.4197,1.99357,1.85393,335.27,157.329,-2.77996,-12.4859,9396.8,213.266,1,2,3,4,5,0
256,89,356.566,93.8503,1.62625,1.42655,449.165,169.889,-0.22551,-17.0522,6545.6,219.266,1,2,3,4,5,0
256,90,357.173,92.5492,2.12599,2.11887,541.987,186.957,11.2044,-18.1327,14857.5,274.959,1,2,3,4,5,0
256,91,356.899,92.3244,2.41296,2.11665,623.825,167.843,13.338,-5.86104,19679.4,280.787,1,2,3,4,5,0
256,92,355.154,93.3723,2.78955,2.6103,483.41,129.613,11.7362,-12.6195,24641.7,286,1,2,3,4,5,0
256,93,353.415,93.7263,2.79873,2.36485,518.152,203.759,-10.1339,-6.19973,20766,328.692,1,2,3,4,5,0
256,94,352.62,94.1263,2.42263,2.3554,580.475,193.662,-5.49625,-15.471,20143,312.349,1,2,3,4,5,0
256,95,352.105,92.8241,2.26732,2.20519,503.065,204.641,-2.46701,-11.8787,15796.3,302.799,1,2,3,4,5,0
256,96,351.586,93.1657,3.13326,2.84572,383.884,170.345,-6.08123,-14.3382,19930.9,296.266,1,2,3,4,5,0
256,97,353.968,86.6046,2.01587,1.80655,275.603,204.177,-17.9127,23.2634,6282.96,248.893,1,2,3,4,5,0
256,98,350.383,93.4292,1.89209,2.7962,325.406,277.104,0.0537124,-7.52067,13059.2,364.166,,,,,,0
257,73,225.743,379.064,1.98536,2.58487,519.869,97.5603,3.29752,-7.69316,16395.1,194.142,1,2,3,3,4,0
257,74,225.379,378.195,2.18991,2.42586,585.564,113.98,-3.72442,-7.7804,19166.2,225.006,1,2,3,3,4,0
257,75,223.756,377.657,2.0214,2.43784,967.216,136.392,-2.27276,-8.08397,30086.7,313.598,1,2,3,3,4,0
257,76,222.63,377.534,2.1704,2.34645,1029.72,122.01,1.95582,-9.43223,33056.5,318.503,1,1,1,1,1,0
257,77,222.648,377.192,2.07554,2.1197,1120.52,145.207,1.2175,-7.9901,30713.5,322.053,1,1,1,1,1,0
257,78,222.612,377.128,1.99844,2.22319,1406.92,140.021,-2.81185,-6.68497,38286.5,363.645,1,1,1,1,1,0
257,79,222.466,377.464,1.95786,2.30689,1455.63,130.165,-5.82055,-17.0108,40512.3,373.716,1,1,1,1,1,0
257,80,222.467,377.235,2.1575,2.33299,1547.65,93.9192,-4.44274,-5.12412,49069,387.811,1,1,1,1,1,0
257,81,222.31,377.248,2.06429,2.05069,1864.63,157.623,-3.53201,-6.63259,48942.3,441.107,1,1,1,1,1,0
257,82,222.399,377.232,2.17473,2.09495,1637.66,150.666,-7.30112,-10.9652,46806.6,421.663,1,1,1,1,1,0
257,83,222.448,377.426,2.13806,2.30408,1369.52,137.853,-3.95916,-14.1077,41739.6,383.615,1,1,1,1,1,0
257,84,222.554,377.477,2.02606,2.1912,1315.03,148.882,0.727082,-8.28796,35810.9,361.692,1,1,1,1,1,0
257,85,222.588,377.421,2.15231,2.13254,1236.24,135.784,-3.0604,-8.04475,35149.3,343.645,1,1,1,1,1,0
257,86,222.589,377.632,2.01093,2.12564,1236.99,130.711,-4.12271,-11.5168,32246.4,319.621,1,1,1,1,1,0
257,87,222.642,377.658,1.94341,2.03735,1312.05,130.824,-0.35726,-10.2419,31723.6,317.172,1,1,1,1,1,0
257,88,222.964,377.485,2.00665,2.15185,1286.27,140.2,0.861826,-9.14305,34599.6,344.497,1,1,1,1,1,0
257,89,223.048,377.794,2.00052,2.08548,1268.08,131.121,1.90352,-14.6125,33844.7,331.568,1,1,1,1,1,0
257,90,222.582,377.722,2.12834,2.00459,1224.71,136.639,-4.3033,-13.5184,29414.4,304.225,1,1,1,1,1,0
257,91,222.804,377.653,1.94948,2.02818,1246.8,139.044,1.64601,-8.77793,30813.8,320.012,1,1,1,1,1,0
257,92,223.234,377.481,2.33473,2.14202,1362.28,132.354,-8.243,-7.38832,42133.5,379.953,1,1,1,1,1,0
257,93,223.331,377.454,2.26266,2.2237,1941.91,117.962,-8.08329,-6.4106,60423.4,478.124,1,1,1,1,1,0
257,94,222.958,377.458,2.01483,2.06958,2403.32,171.496,-7.06391,-9.33965,62188.8,540.976,1,1,1,1,1,0
257,95,222.942,377.547,2.15432,2.00469,2178.84,177.922,-4.56746,-5.71761,58580.9,525.071,1,1,1,1,1,0
257,96,222.863,377.799,2.26318,2.13685,2302.37,115.555,-3.88099,-12.3933,70631.6,538.651,1,1,1,1,1,0
257,97,222.826,377.516,2.17131,2.18543,2287.75,156.366,-4.137,-9.47579,67867.7,561.97,1,1,1,1,1,0
257,98,222.899,377.466,2.09532,2.21266,2221.61,166.854,-3.05306,-11.1336,63985.6,542.669,1,1,1,1,1,0
257,99,222.897,377.579,2.23042,2.29527,2310.43,109.126,-0.327189,-11.7384,74923.2,558.533,1,1,1,1,1,0
257,100,222.748,377.489,2.28688,2.1985,2284.55,109.23,-3.54696,-7.41655,68932.3,520.645,1,1,1,1,1,0
257,101,222.94,377.676,2.16707,2.10632,2209.53,112.396,0.341375,-11.5211,63030.7,490.189,,,,,,0
258,73,313.155,142.569,3.30596,2.0524,222.018,84.5726,-3.82181,-0.273518,9398.23,138.953,1,2,3,4,5,0
258,74,311.677,144.482,3.57621,2.06532,241.846,118.562,-4.58218,-1.70538,10488.7,177.843,1,2,3,4,5,0
258,75,310.2,146.394,3.84647,2.07824,261.673,152.551,-5.34255,-3.13724,11579.2,216.734,1,2,3,4,5,0
258,76,309.709,147.899,2.64059,1.80145,332.218,171.834,-6.13218,-14.5668,10168.3,228.734,1,2,3,4,5,0
258,77,309.331,147.722,2.91139,1.40933,337.629,173.387,-11.3119,-5.35088,8363.46,218.751,1,2,3,4,5,0
258,78,310.586,148.057,2.04705,1.67546,326.011,172.186,-10.2528,-11.6689,6988.59,207.686,1,2,3,4,5,0
258,79,310.78,146.526,2.57311,1.95631,421.636,168.614,-14.3,-14.059,13094,248.379,1,2,3,4,5,0
258,80,311.529,143.738,2.30706,2.24486,1542.37,205.117,-8.11832,-17.3236,49458.4,504.391,1,2,3,4,5,0
258,81,312.036,143.122,2.02544,2.37075,1800.3,218.051,-6.51733,-12.5752,53575.9,529.237,1,2,3,4,5,0
258,82,310.74,144.123,1.91389,2.13813,819.729,213.308,3.66012,-4.45139,20991,335.272,1,2,3,4,5,0
258,83,307.931,144.11,4.16732,2.21813,267.051,124.79,5.00738,1.37789,13115.5,210.172,1,2,3,4,5,0
258,84,309.096,144.227,2.71765,1.85358,272.907,148.608,2.81454,-1.3504,8399.31,198.751,1,2,3,4,5,0
258,85,310.554,143.211,2.00145,2.02008,841.84,132.753,5.16602,-5.34719,21259,259.112,1,2,3,4,5,0
258,86,311.98,142.652,2.5366,2.36775,1024.13,113.136,-1.27292,-3.32984,38454,342.716,1,2,2,3,4,0
258,87,312.04,142.551,1.89789,2.11106,1103.17,223.066,-7.43606,-0.943201,26453.8,373.716,1,2,2,3,4,0
258,88,311.544,142.956,2.12005,2.23635,935.778,198.014,-3.68299,-1.12243,27541.8,357.663,1,2,2,3,4,0
258,89,310.326,144.196,2.02442,2.49654,974.083,167.813,2.93774,3.90438,30498,349.657,1,2,2,3,4,0
258,90,310.07,144.872,2.45808,2.79062,970.819,116.688,0.0778742,-4.22404,39816.6,357.734,1,2,2,3,4,0
258,91,310.879,145.004,2.65804,2.90328,982.343,102.872,-1.2449,-4.45155,44350.7,370.538,1,2,2,3,4,0
258,92,311.105,145.6,2.91052,2.73346,1194.9,64.5699,4.04515,-6.69852,46153.2,351.361,1,2,2,3,4,0
258,93,312.032,146.074,1.92348,2.25497,1118.59,166.338,-3.40955,-4.61175,30322.9,341.793,1,2,3,4,5,0
258,94,310.267,146.066,2.28273,2.29154,863.778,127.518,4.80845,-6.57101,27706.5,284.828,1,2,3,4,5,0
258,95,310.039,146.397,3.23449,3.04843,438.327,56.2384,-3.0219,2.77317,24185.4,207.047,1,2,3,4,5,0
258,96,306.001,149.204,1.68355,1.69197,296.98,206.081,-5.83647,10.5606,5313.22,240.793,,,,,,0
259,73,331.756,204.134,1.78917,3.85078,253.183,189.59,-5.96071,8.68572,9659.1,254.467,1,2,3,4,5,0
259,74,333.399,202.54,2.33884,3.30889,401.146,149.298,-8.13299,1.17975,18091.5,254.651,1,2,3,4,5,0
259,75,334.029,203.172,2.56872,3.59584,417.781,140.705,-10.8224,10.0262,21798.5,272.107,1,2,3,4,5,0
259,76,335.656,201.58,2.30008,2.41934,367.348,147.807,-7.2527,16.0123,12799.1,224.036,1,2,3,4,5,0
259,77,335.415,201.451,1.90963,2.415,370.449,159.863,-10.8885,7.6874,10565.7,228.391,1,2,3,4,5,0
259,78,335.378,202.312,1.96125,3.7209,305.497,179.735,-12.0639,3.27746,12792.1,264.402,1,2,3,4,5,0
259,79,338.16,201.318,1.92008,1.86256,354.102,183.396,-14.7046,13.2752,7933.45,226.935,1,2,3,4,5,0
259,80,339.914,201.461,1.92366,2.17371,459.564,136.423,-6.76387,3.10497,11977,216.467,1,2,3,4,5,0
259,81,340.08,201.261,2.23973,2.33267,424.199,119.283,-3.98967,4.35953,13690.1,196.408,1,2,3,4,5,0
259,82,339.885,202.621,2.98815,2.0517,264.476,134.643,-6.05198,0.165632,8964.73,198.503,1,2,3,4,5,0
259,83,337.274,205.376,3.23673,2.16678,236.429,187.13,-2.75598,-6.35691,9001.77,236.568,1,2,3,4,5,0
259,84,340.785,203.926,3.69622,2.88384,556.755,54.7761,-4.76157,-1.93485,32186.2,261.302,1,2,3,4,5,0
259,85,340.502,204.405,2.48929,2.72989,464.231,145.005,-7.9228,-9.89798,18504.1,255.633,1,2,3,4,5,0
259,86,340.571,204.714,2.22559,2.86521,509.525,124.186,-4.78483,-3.27648,19525.9,243.882,1,2,3,4,5,0
259,87,341.861,204.041,2.77939,2.47854,541.352,102.859,-8.59699,-3.18765,22384.5,237.858,1,2,3,4,5,0
259,88,340.634,204.868,1.9383,2.02267,441.416,161.828,-3.80719,-16.5531,10820.8,238.42,1,2,3,4,5,0
259,89,340.057,205.304,1.97986,1.76395,490.981,185.61,-6.54849,-15.1916,10742.9,239.651,1,2,3,4,5,0
259,90,338.171,206.638,2.09503,2.05919,439.483,150.971,-5.33617,-10.8966,11608,220.893,1,2,3,4,5,0
259,91,336.286,207.973,2.21019,2.35442,387.984,116.331,-4.12386,-6.60163,12473,202.136,1,2,3,4,5,0
259,92,334.399,202.227,1.69619,2.74834,257.068,171.835,3.42055,5.54166,8306.52,221.213,1,2,3,4,5,0
259,93,336.055,204.875,2.02458,3.31237,286.496,134.754,2.01864,-0.9225,12003.2,210.533,1,2,3,4,5,0
259,94,337.712,207.522,2.35297,3.87639,315.925,97.6722,0.616729,-7.38665,15699.9,199.852,1,2,3,4,5,0
259,95,339.171,209.493,2.43357,3.02716,278.008,102.734,-5.75394,-7.32294,12071.1,179.444,1,2,3,4,5,0
259,96,337.981,211.338,1.40949,2.72549,257.905,111.012,-3.84827,-4.05587,6050.66,143.45,,,,,,0
260,73,348.84,119.612,3.4369,2.43078,488.148,86.983,-15.9578,-3.70965,23249,237.68,1,2,3,4,5,0
260,74,347.633,118.888,2.70091,2.98407,511.491,35.4827,1.86222,-2.93216,24771.2,197.793,1,2,3,4,5,0
260,75,348.774,118.876,3.50531,3.03408,255.116,57.1221,1.45432,-6.27948,14838.2,154.615,1,2,3,4,5,0
260,76,353.058,116.403,3.57937,1.3562,292.29,114.937,-6.03232,1.5662,8035.26,159.722,1,2,3,4,5,0
260,77,353.425,117.515,3.49029,1.95663,292.357,92.6518,-5.85167,-2.15266,11249.3,162.979,1,2,3,4,5,0
260,78,353.791,118.626,3.40121,2.55707,292.424,70.3664,-5.67101,-5.87152,14463.3,166.237,1,2,3,4,5,0
260,79,354.628,119.476,2.73963,2.0864,316.608,91.3864,-6.48103,-4.61743,10814.9,159.29,1,2,3,4,5,0
260,80,355.465,120.326,2.07806,1.61573,340.792,112.406,-7.29105,-3.36334,7166.55,152.343,1,2,3,4,5,0
260,81,355.9,120.291,2.43805,1.95475,218.616,98.3401,-0.161447,-1.7619,6445.5,136.325,1,2,3,4,5,0
260,82,357.247,119.186,1.83292,1.79026,302.813,98.9476,-1.0444,3.65568,6232.35,132.793,1,2,3,4,5,0
260,83,356.078,118.137,1.73027,1.6096,332.368,100.106,-0.66751,2.3473,5760.07,130.811,1,2,3,4,5,0
260,84,354.909,117.087,1.62763,1.42894,361.922,101.264,-0.29062,1.03893,5287.8,128.828,1,2,3,4,5,0
260,85,354.057,115.634,2.23589,2.09535,372.418,87.2809,-4.49369,-1.24613,10840.1,153.988,1,2,3,4,5,0
260,86,353.666,115.936,1.81469,1.94966,343.85,90.0692,-1.8582,-2.34865,7621.96,134.828,1,2,3,4,5,0
260,87,355.808,114.694,2.18713,2.39022,297.305,86.0041,-0.118995,-1.85772,9216.01,140.683,1,2,3,4,5,0
260,88,357.95,113.452,2.55958,2.83078,250.759,81.9389,1.62021,-1.3668,10810.1,146.538,1,2,3,4,5,0
260,89,359.817,112.114,2.33276,1.60271,415.719,117.66,3.5227,-3.00078,9668.94,167.935,1,2,3,4,5,0
260,90,359.76,110.991,2.11196,1.87382,320.447,118.053,4.06323,0.346427,7923.69,159.627,1,2,3,4,5,0
260,91,359.8,108.08,1.26876,1.55489,307.384,130.416,3.08241,3.61142,3809.82,147.402,1,2,3,4,5,0
260,92,361.227,106.179,2.01919,2.62125,258.713,122.172,4.39488,5.66749,9210.81,179.284,1,2,3,4,5,0
260,93,362.058,105.835,2.14206,2.21345,311.015,155.443,10.4275,3.32801,9162.93,212.988,1,2,3,4,5,0
260,94,360.886,105.678,2.39526,2.09589,410.735,137.46,15.2943,7.16824,12743.1,212.355,1,2,3,4,5,0
260,95,359.672,105.56,3.13596,2.6687,465.326,-1.7146,34.686,22.5661,29063.6,199.355,,,,,,0
261,73,503.121,473.309,1.96502,2.01066,360.502,95.8906,10.1944,3.59324,8684.04,153.183,1,1,2,2,3,0
261,74,502.916,473.101,2.46027,1.9333,351.907,86.1665,3.40412,1.50849,10350.6,144.911,1,1,2,3,4,0
261,75,503.421,473.495,2.11485,1.85232,422.226,95.2524,1.58847,0.650195,10019.3,153.263,1,1,2,3,4,0
261,76,503.925,473.889,1.76943,1.77135,492.545,104.338,-0.227171,-0.208098,9688.06,161.615,1,2,2,3,4,0
261,77,502.658,474.181,1.26716,1.84451,517.081,129.454,-2.16013,4.01233,7585.72,168.68,1,2,2,3,4,0
261,78,502.834,474.696,1.79845,1.86848,395.662,116.823,-6.00641,-1.16735,8337.22,167.006,1,2,3,4,5,0
261,79,503.31,472.539,1.95997,1.9364,329.56,117.384,-3.35362,2.90483,7290.42,161.538,1,2,3,4,5,0
261,80,500.912,470.936,2.8124,2.67429,266.585,72.0535,0.847622,4.77122,12324.9,146.97,1,1,2,2,3,0
261,81,500.358,470.517,2.55043,2.11914,398.869,95.9377,-2.46041,4.77861,13086.5,175.621,1,1,2,2,3,0
261,82,500.234,470.324,2.17666,2.37324,464.992,90.9463,2.96077,0.674817,14832.1,178.243,1,1,2,2,3,0
261,83,500.557,469.92,2.62289,3.45098,445.612,61.6796,3.50795,1.47768,22560.4,200.414,1,1,2,3,4,0
261,84,500.872,470.573,2.25702,3.26394,466.542,87.9149,0.851517,4.51014,19712.5,210.793,1,1,2,3,4,0
261,85,500.558,470.875,2.80016,3.51534,397.927,63.6719,1.85706,8.15053,21785.5,198.592,1,2,2,3,4,0
261,86,501.703,470.772,2.61774,2.74187,315.044,86.2419,-4.38778,5.59888,13502.4,171.166,1,2,2,3,4,0
261,87,501.228,470.15,1.6339,2.6582,355.593,108.599,-2.61356,4.73954,9474.74,158.959,1,2,2,3,4,0
261,88,500.193,469.979,2.35075,2.49997,311.374,97.9465,-2.02267,4.54229,11462.2,161.183,1,2,3,4,5,0
261,89,500.483,472.075,3.83973,3.78674,321.763,27.7788,-3.96542,4.62086,22233.4,173.544,1,2,3,4,5,0
261,90,501.984,473.169,2.80103,2.59499,349.407,64.9233,-3.754,-0.215611,15145.3,159.586,1,2,3,4,5,0
261,91,503.231,473.369,2.65397,2.5538,336.323,86.0604,0.998003,-2.70775,13716.6,170.018,1,1,2,3,4,0
261,92,503.727,472.911,2.50163,2.71754,347.341,78.7875,0.187891,3.25234,14243.8,162.142,1,1,2,3,4,0
261,93,503.523,472.933,2.40198,2.55005,331.392,76.7976,-1.48305,4.08897,11879.3,147.976,1,1,2,3,4,0
261,94,503.343,472.418,2.39963,2.45784,283.063,74.4829,-4.13334,0.788463,10197.5,133.746,1,2,3,3,4,0
261,95,503.443,470.932,2.00677,2.26594,382.265,84.4868,-5.49987,1.80798,10804.2,151.142,1,2,3,3,4,0
261,96,502.107,471.953,1.81427,1.57861,443.195,96.6083,-3.39041,-3.86161,7968.21,140.805,1,2,2,3,4,0
261,97,502.406,472.011,2.041,2.28697,358.005,53.0721,1.01527,-0.501131,10544.3,118.083,1,2,3,3,4,0
261,98,501.397,472.286,2.12701,2.33679,315.316,52.3256,-1.713,0.370366,9706.72,112.991,1,2,3,3,4,0
261,99,500.388,472.561,2.21303,2.38662,272.628,51.579,-4.44128,1.24186,8869.17,107.899,1,2,3,4,5,0
261,100,500.991,470.949,2.50925,2.49437,264.534,54.4263,-2.07763,1.22027,10025.1,118.417,1,2,3,4,5,0
261,101,501.594,469.337,2.80547,2.60213,256.439,57.2736,0.286013,1.19867,11181,128.935,,,,,,0
262,74,179.041,282.696,1.82479,2.75025,746.178,215.737,-0.883894,19.8937,28005.7,374.787,1,2,3,4,5,0
262,75,178.749,284.652,2.23878,4.06508,848.174,173.073,-8.52711,5.40777,42880.5,425.657,1,1,1,1,1,0
262,76,178.815,284.433,2.37362,3.68616,842.463,149.905,-6.88918,8.22638,40994.5,406.16,1,1,1,1,1,0
262,77,179.102,284.517,2.40502,4.16177,828.237,90.7916,0.691535,5.45581,43839.4,359.769,1,1,1,1,1,0
262,78,179.132,284.286,2.27591,3.54113,881.887,119.123,5.51121,3.98331,40002.7,364.26,1,1,2,3,4,0
262,79,178.992,283.582,2.145,2.50303,1199.47,120.999,-1.59627,5.89989,39573.7,360.272,1,2,2,3,4,0
262,80,178.859,282.74,2.25411,2.12051,1073.3,152.344,-8.01489,-5.62079,31849,344.225,1,2,2,3,4,0
262,81,177.662,282.326,3.51304,2.3437,755.569,160.5,-4.9065,-6.50288,35269.1,374.698,1,2,3,3,4,0
262,82,179.513,282.808,1.79179,1.76764,722.454,228.56,-17.3379,7.51941,14456.5,312.385,1,1,2,2,4,0
262,83,179.742,283.138,1.48927,1.5918,804.986,239.357,-25.9372,16.2069,11988,326.325,1,1,2,2,3,0
262,84,179.915,283.429,2.01295,1.80175,702.685,214.785,-41.5406,15.8315,18279,336.083,1,1,2,2,3,0
262,85,179.348,283.446,2.37229,1.7203,639.578,236.058,-30.0717,10.7852,16202.4,318.763,1,1,2,2,3,0
262,86,178.5,283.453,3.77112,1.92648,554.256,242.799,-29.4314,11.4216,24023.5,383.095,1,1,2,2,3,0
262,87,178.99,283.298,3.6581,1.90125,550.726,219.229,-34.6895,12.9928,22381.5,355.553,1,1,1,2,2,0
262,88,179.481,283.143,3.54509,1.87603,547.197,195.658,-39.9476,14.5639,20739.5,328.012,1,1,1,1,1,0
262,89,179.747,283.408,1.85877,1.84153,777.49,170.294,-14.3912,5.28989,16680.2,271.254,1,1,1,1,1,0
262,90,179.816,283.417,1.8717,1.96503,822.107,131.14,-8.74936,2.05392,18926.7,249.112,1,1,1,1,1,0
262,91,179.973,283.438,2.13279,2.07111,761.817,116.644,-8.34392,1.66211,21209.4,250.947,1,1,1,1,1,0
262,92,179.944,283.396,2.19597,2.01478,745.883,114.263,-9.41071,5.57693,21534.6,244.905,1,1,1,1,1,0
262,93,179.958,283.659,2.03692,2.13295,775.089,92.1798,-4.99262,-4.71833,20989.7,219.568,1,1,1,1,1,0
262,94,179.618,283.787,1.86266,2.17621,721.795,109.802,-2.09934,-6.10147,18254.3,217.68,1,1,1,1,1,0
262,95,179.395,283.575,1.85367,1.95719,823.154,109.995,-3.21792,-0.0218998,18693,220.893,1,1,1,1,1,0
262,96,179.768,283.543,1.85766,1.73566,876.814,130.979,-7.05883,7.11279,17513.8,241.142,1,1,1,2,2,0
262,97,179.964,284.192,1.87249,2.20406,733.706,136.668,-4.5466,-4.83176,18430.7,246.485,1,1,1,1,2,0
262,98,179.967,284.117,2.00319,2.32431,787.997,75.465,0.505972,-3.17395,22727,211.704,1,1,1,2,2,0
262,99,179.801,283.575,2.03662,2.27311,690.439,81.4716,-1.78453,-0.897921,19988.2,199.533,1,1,1,1,2,0
262,100,179.552,283.458,2.11066,2.3064,647.198,77.1718,1.43301,-0.680369,19497.9,196.095,1,1,1,2,2,0
262,101,180.013,283.626,1.88126,1.93073,849.358,84.1758,-4.95444,0.945837,19320.4,201.775,,,,,,0
263,74,365.32,201.96,2.67678,2.09423,396.101,71.3375,-1.10437,1.4373,13548.1,154.964,1,2,3,4,5,0
263,75,363.347,202.038,2.42928,1.78091,582.908,122.323,-5.1235,-2.05206,15616.6,209.858,1,2,3,4,5,0
263,76,361.416,203.394,3.19923,2.50645,431.162,67.8551,-0.00290468,-9.84645,20525.7,198.036,1,2,3,4,5,0
263,77,361.304,204.726,3.00463,2.59366,384.1,100.759,-2.52192,-9.38814,18503.4,210.071,1,2,3,3,4,0
263,78,360.578,203.938,2.86011,2.39354,495.711,106.742,-4.24527,-9.19731,20243,223.37,1,2,2,3,4,0
263,79,359.853,203.15,2.71559,2.19342,607.322,112.726,-5.96863,-9.00648,21982.6,236.669,1,2,2,3,4,0
263,80,360.182,202.419,3.14084,3.22489,607.077,7.80328,-7.5094,-4.20622,34921.5,226.213,1,2,2,3,4,0
263,81,360.636,202.027,2.35498,2.54926,641.551,62.8869,-5.75157,1.10348,25070.1,211.444,1,2,2,3,4,0
263,82,361.227,201.774,1.88931,2.04163,423.119,137.951,0.596187,-0.973776,9676.33,196.148,1,2,3,4,5,0
263,83,363.91,200.661,3.08829,2.08014,315.279,95.2159,-0.0915047,-4.54499,12040.7,167.349,1,2,3,4,5,0
263,84,365.622,199.083,2.48595,2.78794,412.439,76.2506,-2.08957,-1.15908,17775.8,178.781,1,2,3,4,5,0
263,85,366.611,198.186,2.1139,1.99803,460.048,98.4029,4.07367,0.272488,12119.1,169.26,1,2,3,4,5,0
263,86,365.853,198.396,2.02113,1.74492,343.032,108.055,6.48906,1.15073,7576.6,144.787,1,2,3,4,5,0
263,87,365.653,200.881,2.68943,2.74566,305.742,61.5486,2.71385,-4.62685,13427,141.87,1,2,3,4,5,0
263,88,365.719,203.171,2.57406,2.65223,245.567,62.7294,0.661898,-1.51093,10087,121.024,1,2,3,4,5,0
263,89,364.851,204.234,1.84036,2.16775,402.504,79.2257,0.788234,-5.61256,10023.8,139.615,1,2,3,4,5,0
263,90,363.209,202.525,2.04256,2.06819,456.567,93.6263,-2.74186,-2.71748,12028.5,160.343,1,2,3,4,5,0
263,91,362.524,201.58,2.35687,2.57655,491.632,80.4113,-9.45297,-1.93739,18959.5,197.201,1,2,3,4,5,0
263,92,364.135,203.848,2.52082,2.29486,450.94,80.7458,-4.47261,-2.44099,16251.9,179.707,1,2,3,4,5,0
263,93,365.746,206.117,2.68478,2.01317,410.248,81.0803,0.507744,-2.94459,13544.4,162.213,1,2,3,4,5,0
263,94,364.707,205.823,1.96363,1.73252,506.053,84.6776,-2.56786,-2.08336,10787.7,154.207,1,2,3,4,5,0
263,95,364.442,203.307,1.7206,1.96348,419.4,117.605,-9.74996,-0.716002,8878.27,168.846,1,2,3,4,5,0
263,96,363.252,202.029,1.95396,1.85461,542.18,115.256,-2.3766,-2.96592,12306.3,182.663,1,2,3,4,5,0
263,97,362.164,201.411,1.20477,1.80779,467.81,150.965,-4.57429,-0.968086,6214.71,178.811,1,2,3,4,5,0
263,98,360.155,199.231,2.49526,2.44002,387.528,114.643,-4.3977,9.22791,14912.3,206.947,1,2,3,4,5,0
263,99,358.232,202.458,1.62227,1.11757,453.618,194.146,-12.0798,11.3575,5371.69,220.615,,,,,,0
264,74,495.152,374.221,2.789,1.42567,308.611,221.542,13.0182,4.14685,7473.6,272.29,1,2,3,4,5,0
264,75,495.116,376.347,2.25596,2.0628,438.496,204.935,1.72016,-5.13663,12679.6,289.254,1,2,3,4,5,0
264,76,493.834,373.274,2.70354,3.2405,324.359,145.115,5.65692,3.97861,16027.7,241.722,1,2,3,4,5,0
264,77,493.745,372.346,3.21618,3.13565,587.753,47.782,-3.12714,-6.13725,34882.6,271.994,1,2,3,4,5,0
264,78,493.322,372.921,2.41946,3.21411,339.306,167.482,5.71822,7.46976,15362.5,259.367,1,2,3,4,5,0
264,79,491.873,376.678,1.96303,2.53397,427.166,134.567,9.23212,-2.63794,13054.6,206.225,1,2,2,3,4,0
264,80,492.422,376.501,2.24819,2.68528,370.396,104.021,7.833,-5.16083,14067.7,188.604,1,2,2,3,4,0
264,81,493.022,375.961,2.30066,2.4424,461.243,111.346,8.83865,-3.62306,15929,214.041,1,2,2,3,4,0
264,82,492.483,375.85,1.9065,2.1292,436.072,128.55,3.654,-3.39773,11049.4,191.888,1,2,2,3,4,0
264,83,491.144,375.437,2.04994,2.31589,432.57,163.688,7.78752,-5.64499,12729.7,234.964,1,2,2,3,4,0
264,84,490.71,375.211,2.66098,2.47652,444.792,138.915,10.0767,-0.935083,17701.3,238.917,1,2,2,3,4,0
264,85,490.389,374.995,2.84593,2.46004,477.861,123.803,9.65315,1.19756,20676.2,251.237,1,2,3,4,5,0
264,86,489.062,374.477,3.0176,2.37095,372.573,112.446,11.5945,1.02653,16096.8,213.692,1,2,3,4,5,0
264,87,487.165,373.925,2.70886,1.94047,435.372,126.747,8.57518,-0.471437,13977.7,212.154,1,2,3,4,5,0
264,88,484.605,374.238,2.98321,2.77145,378.822,52.0312,12.7447,-3.79211,18742.8,175.757,1,2,3,4,5,0
264,89,484.304,372.721,3.46935,1.89531,243.3,85.2974,-0.127337,-4.16587,9195.12,140.935,1,2,3,4,5,0
264,90,483.456,371.24,2.94215,2.66518,331.1,67.3601,2.97515,-2.10296,15236.9,159.858,1,2,3,4,5,0
264,91,483.968,372.829,2.14944,2.27427,263.027,116.474,4.77601,-10.3103,7976.01,160.893,1,2,3,4,5,0
264,92,486.221,374.435,2.23733,2.23971,352.473,129.025,2.96818,-2.24382,10930.3,187.26,1,2,3,4,5,0
264,93,486.387,375.54,3.09101,2.55408,420.748,79.0096,-2.93578,-1.96201,19681.9,198.438,1,2,3,4,5,0
264,94,483.117,374.298,2.7219,2.7973,350.555,83.2007,-2.38414,-1.04642,15780.5,178.79,1,2,3,4,5,0
264,95,479.846,373.055,2.35279,3.04052,280.362,87.3917,-1.83249,-0.130834,11879.2,159.142,,,,,,0
265,75,118.394,124.152,1.92755,2.03294,247.866,73.5081,4.3661,-0.823362,6072.39,107.13,1,1,2,3,4,0
265,76,117.663,123.909,2.09561,2.22737,273.901,56.7362,1.26273,2.42349,8387.04,108.982,1,1,2,3,4,0
265,77,117.67,123.722,1.90305,2.30327,266.222,59.6197,0.759458,-5.50651,7252.7,103.888,1,1,2,3,4,0
265,78,118.276,122.961,1.82593,2.35952,301.05,64.5919,0.153314,-5.62542,8057.2,113.302,1,1,2,3,4,0
265,79,118.619,122.649,2.14372,2.49319,311.842,56.0969,0.755583,-6.61414,10244.3,115.639,1,2,2,3,4,0
265,80,117.872,121.355,2.56108,2.61307,293.628,62.8747,3.9071,-2.9608,11192.7,128.686,1,2,2,3,4,0
265,81,116.617,121.202,1.75689,1.98677,362.05,91.2652,0.0260333,-3.21657,7915.72,133.609,1,2,2,3,4,0
265,82,117.111,121.783,2.20845,1.91405,309.071,65.1755,0.00538923,-0.150847,8144.54,113.213,1,2,3,3,4,0
265,83,119.067,122.064,2.29938,1.92778,331.07,59.9774,-4.41529,-0.633445,9126.67,112.811,1,2,2,3,4,0
265,84,119.337,121.493,1.97182,2.04484,396.308,64.5029,-0.887376,-3.06204,9976.37,122.314,1,2,2,3,4,0
265,85,119.651,121.044,1.99121,1.94678,389.354,69.7421,0.205646,-5.32844,9440.4,122.172,1,2,2,3,4,0
265,86,118.961,120.974,1.79163,2.43762,344.969,69.6535,-0.0481736,-3.43196,9334.84,126.888,1,2,2,3,4,0
265,87,118.436,121.658,2.24329,2.59334,371.208,46.2318,0.296178,-1.55823,13385.9,129.503,1,2,3,4,5,0
265,88,117.21,120.245,1.82314,2.41551,210.865,84.4203,-0.512267,-4.90064,5754.84,115.355,1,2,3,4,5,0
265,89,115.931,118.889,2.51464,2.78038,287.898,62.6338,3.36221,-1.67004,12066.1,135.787,1,2,3,4,5,0
265,90,117.102,117.103,2.57442,2.28073,225.33,86.1043,-0.7459,-0.61291,8089,131.68,1,2,3,4,5,0
265,91,116.645,116.109,2.06128,2.59788,327.064,78.3395,-0.00240064,-4.96275,10742.2,143.178,1,2,3,4,5,0
265,92,117.682,115.96,2.13036,2.96234,272.661,71.1721,1.43178,-6.90033,10312.6,139.355,1,2,3,4,5,0
265,93,117.343,113.872,2.18064,2.56319,273.47,90.1131,-2.97239,-9.26174,9266.24,149.66,1,2,3,4,5,0
265,94,117.004,111.784,2.23092,2.16404,274.278,109.054,-7.37655,-11.6232,8219.93,159.964,,,,,,0
266,77,415.648,152.136,1.70166,2.05541,331.841,108.058,2.87872,-1.44709,7265.45,143.645,1,2,3,4,5,0
266,78,414.895,150.936,3.07689,3.24097,514.529,11.4454,-7.23471,-6.75227,29647.9,198.787,1,2,3,4,5,0
266,79,413.379,149.317,2.15118,2.70692,507.575,48.0178,6.14566,2.21198,21258.4,172.444,1,2,3,4,5,0
266,80,413.092,147.626,1.9025,2.43933,599.218,109.198,-3.26691,-2.15906,17197.4,203.296,1,2,3,4,5,0
266,81,411.524,147.043,2.67689,2.46857,644.375,83.8149,1.18794,-5.72911,25266.8,235.988,1,1,2,3,4,0
266,82,410.773,146.828,2.61151,2.24828,547.077,78.5377,-0.469451,-3.13793,19699.8,196.935,1,1,2,2,3,0
266,83,411.076,146.959,2.65202,2.47795,489.416,42.5244,4.37727,-0.478368,20562,171.414,1,1,2,2,3,0
266,84,411.651,147.307,2.66478,2.55674,468.129,61.5015,-0.447531,-1.17717,19061.3,178.485,1,1,2,2,3,0
266,85,411.44,146.926,2.24937,2.07368,506.008,102.018,-3.64632,-5.77418,14655.9,193.497,1,1,2,3,4,0
266,86,411.285,146.663,2.26175,1.90172,540.102,103.974,-7.57123,-8.15064,14457.3,192.225,1,2,2,3,4,0
266,87,411.462,147.651,2.20469,2.27769,367.335,90.631,-5.11725,-4.6148,11853.6,161.876,1,2,2,3,4,0
266,88,412.019,148.542,2.61196,2.22483,413.81,102.196,-5.78043,-7.67209,15024.2,190.988,1,2,2,3,4,0
266,89,411.656,147.173,2.20411,1.38931,497.281,145.146,-9.16187,-4.52753,8495.77,185.006,1,2,2,3,4,0
266,90,411.388,145.794,2.36388,2.12258,624.39,87.8177,-0.909677,-4.05828,19427,209.527,1,2,2,3,4,0
266,91,410.944,145.63,2.1715,2.03822,977.961,99.1716,-1.05363,-7.19769,27313.2,260.059,1,2,3,3,4,0
266,92,412.188,147.055,2.22311,2.38243,637.632,84.015,-3.71936,-4.77548,21531.5,215.432,1,2,2,3,4,0
266,93,412.943,148.132,1.68396,2.16207,719.716,125.075,-2.22821,-2.08011,16940.9,222.136,1,1,2,3,4,0
266,94,412.959,147.883,1.80797,2.01025,680.976,132.852,-0.68471,-6.78041,15871.6,223.337,1,1,2,3,4,0
266,95,412.836,147.291,2.49627,2.60348,692.926,81.1675,-2.12645,-5.74951,27258.9,250.503,1,1,2,3,4,0
266,96,412.834,147.943,2.17673,2.18522,817.202,113.153,-3.74046,-4.81618,24151.2,255.568,1,1,2,3,4,0
266,97,412.909,147.719,2.18068,1.9454,801.504,125.243,-4.37611,-4.94937,21202.6,245.882,1,2,3,3,4,0
266,98,412.036,146.456,2.12438,1.9153,823.194,135.914,-4.45383,-8.19846,20910.5,256.793,1,2,3,3,4,0
266,99,411.124,145.792,2.47357,2.4219,771.448,119.372,0.938103,-10.9952,28240.8,290.166,1,2,3,4,4,0
266,100,411.794,146.531,2.36025,2.05546,613.878,134.866,-5.3594,-3.33734,18437.8,242.438,1,2,3,4,5,0
266,101,412.456,148.352,2.00367,2.21908,632.712,143.932,-2.76277,-12.0468,16162.2,238.621,,,,,,0
267,78,502.706,380.305,2.39394,2.23367,563.566,123.291,-8.3308,-12.9327,18567.4,237.036,1,1,1,1,1,0
267,79,502.801,380.32,2.52698,2.33451,515.189,104.206,-7.76669,-11.4225,18577.1,216.16,1,1,1,1,1,0
267,80,502.77,379.901,2.32562,2.42381,563.1,99.2037,-3.88429,-3.37354,19499.2,220.893,1,1,1,1,1,0
267,81,502.801,379.805,1.8827,2.25756,580.896,117.717,-6.65682,0.0729299,15272.8,211.402,1,1,1,1,1,0
267,82,502.654,380.124,2.2261,2.29708,513.542,89.1887,-2.16867,-1.79125,16240,189.379,1,1,1,1,1,0
267,83,502.494,380.05,2.65148,2.47834,548.31,74.1951,-1.33851,-2.78276,22221.9,209.68,1,1,1,1,1,0
267,84,502.61,380.04,2.27631,2.16284,634.135,90.6492,-4.97199,-6.96213,19343.6,205.213,1,1,1,1,1,0
267,85,502.66,380.033,2.83827,2.52655,479.483,73.3711,-2.053,-6.63548,20445.3,200.172,1,1,1,1,1,0
267,86,502.929,380.056,2.98361,2.65981,381.87,77.5559,-10.1544,-6.61065,17769,185.893,1,1,1,1,1,0
267,87,502.661,380.197,2.51949,2.52952,502.204,82.4253,-9.30826,-5.26699,19419.1,201.012,1,1,1,1,1,0
267,88,502.776,379.748,2.39271,2.33072,482.278,69.5449,-3.01881,2.44514,16532.2,177.32,1,1,1,1,1,0
267,89,502.566,379.768,2.34567,2.03555,470.51,91.7468,2.55252,0.126174,13653.5,177.858,1,1,1,1,1,0
267,90,502.41,379.811,2.2713,2.09707,496.797,106.286,0.603815,-1.66097,13406.6,184.065,1,1,1,1,1,0
267,91,502.084,379.702,2.3683,2.46882,487.014,85.8126,0.0497404,-2.6092,17431.5,189.982,1,1,1,1,1,0
267,92,502.047,380.021,2.2957,2.49774,521.574,105.19,-1.81974,-7.90349,18342.2,208.982,1,1,1,1,1,0
267,93,502.715,380.282,2.472,2.28421,565.44,77.5848,-4.40364,-4.81777,19308,198.154,1,1,1,1,1,0
267,94,502.527,380.365,2.23379,2.27793,497.12,78.6323,-0.908471,-3.98982,15622.9,172.515,1,1,1,1,1,0
267,95,502.171,380.47,2.6383,2.5417,485.816,31.5894,-1.89369,-7.15023,19516.5,155.331,1,1,1,1,1,0
267,96,502.457,380.272,2.26954,2.24034,507.209,66.2175,-1.5496,-4.06273,15877.4,160.598,1,1,1,1,1,0
267,97,502.451,380.155,2.31701,2.45525,558.091,84.707,3.56961,-7.13813,20194,205.207,1,1,1,1,1,0
267,98,502.416,380.226,2.17278,2.20687,548.476,124.344,1.85931,-3.08888,16317.3,216.592,1,1,1,1,1,0
267,99,502.673,380.403,2.22239,2.21142,567.691,120.723,-4.14903,-1.77859,17282.8,220.278,1,1,1,1,1,0
267,100,503.033,380.206,2.48029,2.33262,511.45,108.441,-6.40217,0.598966,18135.5,211.822,1,1,1,1,1,0
267,101,502.739,379.876,2.28485,2.21387,567.686,127.913,-1.96878,-2.91944,18008.7,237.722,,,,,,0
268,79,383.338,153.253,2.71212,2.40425,347.901,82.2184,-1.47364,3.84333,13768,171.225,1,2,2,3,4,0
268,80,384.182,153.44,1.97396,2.04555,401.864,148.041,-10.4286,10.7634,10475.7,207.645,1,2,2,3,4,0
268,81,383.294,153.661,2.50488,3.07644,260.818,137.146,2.82726,9.05171,11779.5,206.521,1,2,2,3,4,0
268,82,382.452,153.742,1.80182,2.65874,256.675,120.113,4.25001,3.62254,7534.78,161.947,1,2,2,3,4,0
268,83,382.249,153.79,1.71675,1.86711,221.746,117.721,5.39115,-2.96947,4459.98,138.379,1,2,3,3,4,0
268,84,382.665,155.525,1.96405,1.6906,251.293,117.478,1.55305,-2.03121,5166.17,143.178,1,2,3,3,4,0
268,85,383.082,157.26,2.21135,1.51408,280.841,117.234,-2.28506,-1.09294,5872.36,147.976,1,2,3,3,4,0
268,86,383.168,157.097,2.17851,1.51619,287.659,108.207,-3.0827,-1.59665,5936.26,140.13,1,2,3,3,4,0
268,87,384.573,157.534,2.06519,1.90912,275.314,111.682,-3.34118,-0.891894,6641.42,149.787,1,2,2,3,4,0
268,88,385.978,157.971,1.95188,2.30204,262.968,115.157,-3.59965,-0.187138,7346.59,159.444,1,1,2,3,4,0
268,89,385.959,157.796,2.68518,2.67828,278.017,83.7004,-0.45652,0.258813,11951.2,159.964,1,1,2,3,4,0
268,90,386.066,156.858,2.01549,2.11496,271.983,109.138,2.94265,0.534737,7234.17,146.402,1,1,2,3,4,0
268,91,386.181,157.182,2.1589,1.83252,291.57,98.3932,-1.08324,1.93985,7203.04,142.799,1,1,2,3,4,0
268,92,386.312,158.134,2.56437,1.84836,274.548,102.326,-2.64039,1.42213,8009.73,156.089,1,1,2,3,4,0
268,93,386.119,157.842,3.28291,1.74397,267.051,105.515,-7.8147,7.15642,8962.42,158,1,1,2,3,4,0
268,94,385.19,157.729,3.29236,2.08332,328.777,70.2708,-6.59389,4.08041,13643.5,157.633,,,,,,0
269,80,148.554,109.834,1.73036,1.32278,281.023,90.2528,-4.9542,-7.19159,4038.91,116.799,1,1,2,2,3,0
269,81,148.264,109.609,2.06846,1.72191,278.063,78.1914,-5.7717,-6.89301,6356.36,119.438,1,1,2,2,3,0
269,82,147.974,109.384,2.40657,2.12103,275.103,66.1301,-6.58919,-6.59442,8673.8,122.077,1,1,2,2,3,0
269,83,148.516,109.626,2.20332,2.17126,274.346,64.8381,-4.37753,-9.68006,8831.63,118.562,1,1,2,2,3,0
269,84,148.635,108.871,1.97579,1.57468,278.857,73.6184,-5.27335,-2.17307,5436.77,103.953,1,1,2,2,3,0
269,85,148.739,109.12,1.71123,1.75192,283.455,72.492,-4.61983,0.194994,5334.42,100.462,1,1,2,2,3,0
269,86,148.095,109.903,2.23419,2.45257,270.52,58.5931,-0.888779,-3.21249,9122.23,113.864,1,1,2,2,3,0
269,87,148.442,110.041,1.94332,2.77038,250.707,65.2812,1.10192,-3.85173,8216.82,113.379,1,1,2,2,3,0
269,88,148.61,109.387,2.00054,2.33184,289.159,58.2704,-2.26006,-6.3,8362.21,109.627,1,1,1,2,2,0
269,89,148.626,109.356,1.90762,1.72206,351.634,60.0377,-2.65427,-5.51341,7241.01,104.609,1,1,1,2,2,0
269,90,148.686,109.573,1.34651,1.62978,284.375,95.6943,0.256937,-4.59712,3919.97,118.426,1,1,1,2,2,0
269,91,148.4,109.419,2.01593,2.37829,231.33,77.9947,0.280976,-5.64042,6438.69,117.598,1,1,2,2,3,0
269,92,149.054,109.564,2.18816,2.04239,274.108,59.0567,-3.29431,-4.05906,7505.69,104.024,1,1,2,2,3,0
269,93,149.422,109.651,2.35994,2.00198,294.523,63.5168,-1.50097,-4.39354,8619.37,116.485,1,1,2,2,3,0
269,94,148.419,109.509,1.99912,2.16249,296.786,71.9712,0.0351608,-1.46635,7692.91,119.509,1,1,1,2,3,0
269,95,148.536,109.403,2.27131,2.3827,287.59,60.4755,-2.19695,-2.86774,9762.67,119.172,1,1,1,2,2,0
269,96,148.971,109.28,2.45164,2.30305,249.235,72.895,-1.36643,0.0204167,8612.67,124.58,1,1,1,2,2,0
269,97,148.674,109.098,2.71913,2.42093,274.109,64.1113,-2.92207,-3.09125,10885.7,128.142,1,1,1,2,2,0
269,98,148.034,108.839,3.07953,2.38894,232.323,80.7213,-1.85005,0.0496397,10079.9,141.331,1,1,1,2,2,0
269,99,148.352,108.82,2.42972,1.84337,283.476,86.4318,-2.08859,-1.44123,7469.68,129.139,1,1,1,2,2,0
269,100,148.67,108.8,1.7799,1.29781,334.629,92.1423,-2.32713,-2.93211,4859.43,116.947,,,,,,0
270,80,175.368,294.478,1.6107,1.75813,267.33,106.682,0.537866,-5.29142,4754.26,134.822,1,2,3,4,5,0
270,81,173.934,293.745,1.754,1.94206,274.18,128.488,1.87917,-6.50403,5853.67,158.751,1,2,3,4,5,0
270,82,175.048,291.04,1.6613,1.5549,470.241,222.19,-5.79146,-29.689,7633.81,251.42,1,2,3,4,5,0
270,83,172.311,289.285,2.77343,2.93789,835.963,77.4014,30.1169,-43.0224,45709.5,368.515,1,2,3,4,5,0
270,84,172.17,288.713,2.34943,2.67685,823.386,148.115,22.761,-42.1037,36084.3,372.746,1,2,3,4,5,0
270,85,171.775,287.386,2.01174,2.40618,806.981,192.608,18.4103,-32.0275,23990.3,333.154,1,2,3,4,5,0
270,86,172.502,285.794,1.90915,1.98477,929.941,276.218,15.0266,-29.1173,22061.4,396.734,1,2,3,4,5,0
270,87,172.891,285.471,2.42307,2.34829,1043.73,179.644,17.3102,-18.7508,36413.8,394.195,1,2,3,4,5,0
270,88,172.112,285.014,1.92862,2.26956,1136.45,235.124,14.5573,-14.2333,30962.1,416.663,1,2,3,4,5,0
270,89,170.443,285.813,2.2525,1.84702,1029.48,181.273,6.35507,-10.5832,26580.4,334.663,1,2,3,4,5,0
270,90,169.454,287.199,2.3561,2.46557,1112.12,141.66,1.63487,-7.52333,39732.5,381.432,1,2,3,4,5,0
270,91,169.025,288.811,2.20049,2.12223,1008.57,197.799,0.107699,-9.64492,28424.7,367.166,1,2,3,4,5,0
270,92,168.707,290.949,2.26903,2.33987,983.139,169.502,-4.73779,-15.0746,32153.3,355.166,1,2,3,4,5,0
270,93,168.27,291.616,1.78775,2.22396,1048.93,177.371,-6.58104,-11.1762,25734.8,326.746,1,2,3,4,5,0
270,94,166.16,291.286,2.34583,2.51558,1795.17,136.724,-2.61934,-13.654,64762.3,522.899,1,2,3,4,5,0
270,95,167.524,291.419,2.25788,2.61514,976.449,162.446,-10.0242,-7.99721,34838.9,371.911,1,2,3,4,5,0
270,96,168.65,292.773,2.09773,2.58752,871.669,143.621,3.97748,-9.85352,28794.9,315.402,1,2,3,4,5,0
270,97,169.735,294.213,2.93471,2.4701,598.33,108.502,-4.31794,-4.9585,26603.1,266.272,1,2,3,4,5,0
270,98,171.285,295.728,2.67442,2.30588,448.759,102.926,-10.0118,-3.58158,18175.9,214.479,1,2,3,4,5,0
270,99,172.834,297.243,2.41413,2.14166,299.188,97.3513,-15.7056,-2.20466,9748.68,162.686,1,1,1,1,1,0
270,100,172.793,297.195,1.73021,1.55287,280.299,138.108,-4.72228,-7.55074,4731.43,164.296,,,,,,0
271,81,177.925,250.905,3.00251,2.58524,487.933,82.072,4.82465,-13.8194,23621.5,227.947,1,1,2,3,4,0
271,82,177.705,249.959,2.70243,2.4391,653.518,102.176,-1.67455,-11.148,26001.1,267.053,1,1,2,3,4,0
271,83,177.446,249.393,1.99668,2.28179,684.956,141.743,-5.32984,-2.14346,19159.8,246.237,1,1,2,3,4,0
271,84,177.365,249.837,1.98204,2.53448,476.616,122.347,2.61815,-6.28513,14460.2,203.32,1,1,2,3,4,0
271,85,176.686,250.791,2.41401,1.91084,379.123,140.207,11.8872,-9.80268,10866.8,208.929,1,1,2,3,4,0
271,86,177.117,250.946,2.18611,2.25328,318.667,136.815,5.70392,-6.5208,10003.5,209.544,1,1,2,3,4,0
271,87,177.276,251.179,1.59669,2.05771,318.449,123.602,3.61373,-12.6457,6552.82,171.503,1,1,2,3,4,0
271,88,176.912,251.511,2.0794,1.47988,376.911,151.858,11.1517,-15.2002,7942.85,198.071,1,2,2,3,4,0
271,89,178.013,250.908,3.25422,1.80376,338.024,167.415,-3.64864,-6.26976,11600.6,236.095,1,2,2,3,4,0
271,90,176.544,251.422,3.79673,2.63285,438.5,89.6722,-2.33882,-7.80555,24455.1,239.864,1,2,2,3,4,0
271,91,176.82,251.172,2.86351,2.46461,582.563,113.321,6.69549,-6.179,24553.9,255.852,1,2,2,3,4,0
271,92,178.312,250.771,2.60963,2.13055,637.612,194.631,7.17867,3.91478,19334.9,309.947,1,2,2,3,4,0
271,93,178.737,251.614,3.12781,2.0987,785.53,130.224,15.1066,-9.60664,31468.9,315.858,1,2,2,3,4,0
271,94,177.717,251.502,2.32407,2.00838,788.852,137.151,6.61737,-2.49216,22903.8,267.29,1,2,3,3,4,0
271,95,177.251,250.907,2.48114,2.42952,632.155,124.662,6.18182,-1.31503,23157.9,269.059,1,2,3,4,5,0
271,96,179.181,249.63,3.45321,2.51431,508.898,142.758,4.50355,7.0061,26256.4,311.609,1,2,3,4,5,0
271,97,177.212,251.545,1.48731,1.6344,519.257,211.703,21.0749,-13.4548,7707.57,254.947,1,2,2,3,4,0
271,98,177.075,251.758,1.79882,1.52853,625.27,179.553,17.9838,-6.39573,10793.4,247.089,1,2,2,3,4,0
271,99,178.02,252.126,2.99928,2.16075,456.549,122.09,9.79283,-13.4746,17089.6,227.142,1,2,2,3,4,0
271,100,177.351,251.357,2.82733,2.50487,377.616,112.565,14.4366,-9.9525,16372.1,218.278,1,2,2,3,4,0
271,101,177.109,250.849,2.11239,1.73168,406.224,130.357,11.6876,-2.1,8556.85,188.361,,,,,,0
272,81,288.781,299.59,2.28095,1.90416,462.906,92.152,-2.75349,-2.64511,12505.2,164.917,1,2,2,3,4,0
272,82,288.422,298.328,2.26844,2.40031,444.538,71.3831,-2.43021,-3.16892,14885.3,160.911,1,2,2,3,4,0
272,83,287.502,297.879,2.14933,2.04048,471.348,79.3799,1.66096,-1.109,12503.5,157.272,1,1,2,3,4,0
272,84,287.725,297.734,2.31757,2.08153,459.143,71.3542,2.56592,-5.01066,13730.1,158.243,1,1,2,2,4,0
272,85,288.437,298.038,2.03876,2.15441,458.483,87.8296,0.518159,-7.31786,12544.6,157.556,1,1,2,2,3,0
272,86,288.937,297.714,2.11227,2.2785,435.18,63.1696,-2.70132,-2.44467,13394.9,145.195,1,1,2,2,3,0
272,87,288.931,297.952,1.60827,1.97296,433.922,79.3677,3.17217,-1.13191,8631.43,134.243,1,1,2,2,3,0
272,88,289.332,298.091,1.74076,1.73239,376.281,92.9793,1.08453,0.8948,7740.58,133.201,1,1,2,2,3,0
272,89,290.033,298.64,2.04344,2.07317,371.178,93.1887,-1.18504,-5.60701,9811.05,147.651,1,1,2,2,3,0
272,90,290.332,298.6,1.81276,1.78636,516.69,89.3669,-3.15758,-7.43619,10493.3,149.373,1,1,2,2,3,0
272,91,290.151,298.141,1.56693,2.08064,467.168,98.2894,-0.89643,-4.25662,9533.56,150.503,1,1,2,2,3,0
272,92,290.31,298.004,1.76022,1.98312,428.667,89.2035,-3.79149,-1.58983,9374.68,144.467,1,1,2,2,3,0
272,93,289.842,298.441,1.92078,1.98654,394.905,67.0598,-1.0535,-0.114144,9305.09,124.006,1,1,2,2,3,0
272,94,289.439,298.133,1.8244,2.16479,362.713,42.7196,0.7031,-0.366581,8942.83,98.0414,1,1,2,2,3,0
272,95,289.038,298.431,1.73634,2.14523,362.857,58.7118,1.41356,-2.21408,8440.88,109.858,1,1,2,2,3,0
272,96,289.308,298.224,1.62387,1.5188,306.851,100.424,1.14876,-2.40996,4765.08,122.87,1,1,2,2,3,0
272,97,289.157,297.696,1.88242,1.89524,339.487,84.2162,1.90885,-0.665002,7588.16,126.58,1,1,2,2,3,0
272,98,288.434,298.383,2.48463,2.64814,359.827,45.3232,5.97573,-1.13838,14952,136.503,1,1,2,2,3,0
272,99,288.934,298.57,2.08733,2.24677,380.065,65.5006,1.92518,-3.69234,11066.4,130.331,1,1,2,2,3,0
272,100,289.246,297.993,2.15172,2.08263,364.666,73.0286,1.68575,2.41439,10177.4,132.71,1,1,2,2,3,0
272,101,289.489,297.865,2.23635,1.73329,372.19,72.3771,1.92069,-2.14544,9602.68,128.189,,,,,,0
273,82,311.47,232.08,2.12525,2.09628,246.759,98.6642,2.35438,-3.5601,6917.6,135.941,1,2,3,4,5,0
273,83,311.008,229.434,2.24023,1.95499,316.63,109.662,2.15678,-3.73788,8631.61,156.864,1,2,3,4,5,0
273,84,311.675,230.012,1.99761,1.97881,272.384,107.307,2.67218,-7.2432,6731.92,142.189,1,2,3,4,5,0
273,85,311.034,233.535,1.78836,2.21544,336.749,95.9323,7.29581,-5.77109,8491.28,147.444,1,2,3,4,5,0
273,86,309.528,233.582,2.57764,2.64424,245.296,78.5876,9.53126,-4.98464,10431.9,142.822,1,2,3,4,5,0
273,87,308.883,230.866,2.60788,2.09289,372.73,92.9312,4.36804,1.00385,12468.8,169.314,1,2,3,4,5,0
273,88,308.592,230.477,2.82787,2.63005,298.585,52.8463,-0.143013,-2.12533,13473.5,134.692,1,2,3,4,5,0
273,89,308.52,230.805,2.16642,2.37876,280.543,78.6953,3.71104,-5.57212,8924,131.716,1,2,3,4,5,0
273,90,308.522,228.184,2.27617,2.37111,333.156,68.1983,2.08182,-4.63071,11228.8,136.725,1,2,3,4,5,0
273,91,308.524,225.562,2.38591,2.36347,385.77,57.7014,0.452601,-3.68929,13533.6,141.734,1,2,3,4,5,0
273,92,307.429,224.301,2.28664,2.22845,330.368,82.5707,-0.240341,-4.35111,10404.3,146.467,1,2,3,4,5,0
273,93,307.097,223.324,1.71401,1.97822,521.923,107.784,-4.7254,-3.52392,11087.7,167.941,1,2,3,4,5,0
273,94,308.392,220.581,2.26191,2.22357,274.88,97.3711,-4.24743,1.47575,7802.75,144.84,1,2,3,4,5,0
273,95,311.725,217.771,2.03982,1.26466,261.825,101.476,-2.17947,-3.49092,4229.87,127.006,1,2,3,4,5,0
273,96,311.888,216.393,2.22006,2.17896,362.184,88.7045,1.46956,-6.81432,10868.6,152.651,1,2,3,4,5,0
273,97,310.366,217.323,2.75568,2.09912,306.097,75.7626,0.18626,-3.53994,10814.6,138.882,1,2,3,4,5,0
273,98,307.769,217.489,2.11022,2.15853,490.274,75.069,3.85143,-0.862419,13237.4,153.308,1,2,3,4,5,0
273,99,306.515,218.106,2.40416,2.10541,313.232,93.4805,-1.61847,-4.56415,9985.35,150.047,1,2,3,4,5,0
273,100,303.932,220.319,2.26954,2.64341,312.103,75.8954,-1.98384,-5.38192,11402,144.515,1,2,3,4,5,0
273,101,303.504,220.952,1.96465,1.9995,549.246,70.5868,-3.16069,-3.41683,13486.7,153.438,,,,,,0
274,82,482.39,448.319,1.70048,2.56639,249.133,162.517,4.38189,-1.87644,6694.57,194.627,1,2,2,3,4,0
274,83,482.854,448.773,2.13024,2.25506,318.999,148.211,5.33642,-10.0385,9780.76,209.071,1,2,2,3,4,0
274,84,483.805,448.7,2.6448,2.60896,326.728,130.523,14.0669,-23.3534,15340.4,230.746,1,2,2,3,5,0
274,85,483.612,447.855,2.55717,2.2572,304.374,208.429,22.1317,-17.7649,9586.78,272.467,1,2,3,4,5,0
274,86,485.296,446.606,3.89702,4.1111,429.134,112.216,2.95997,-11.4802,32435.3,321.012,1,2,3,4,5,0
274,87,486.163,440.905,2.09199,2.67136,389.5,238.463,2.75528,11.2636,13330.7,314.45,1,2,3,4,5,0
274,88,484.101,440.345,2.49779,1.88785,347.823,276.994,10.0171,2.43536,10135.5,332.024,1,2,3,4,5,0
274,89,482.744,439.743,1.68943,1.89107,504.471,215.713,6.48223,3.94745,10109.6,267.598,1,2,3,4,5,0
274,90,481.748,438.435,2.24228,2.42099,483.525,149.754,4.135,4.52482,16141.8,247.207,1,2,3,4,5,0
274,91,482.471,441.46,2.84614,2.55972,428.573,143.584,5.74144,0.550948,17791.1,253.864,1,2,3,4,5,0
274,92,483.193,444.485,3.44999,2.69845,373.621,137.415,7.34788,-3.42293,19440.4,260.521,1,2,3,4,5,0
274,93,482.209,446.696,4.06263,2.58746,421.266,120.873,8.66107,-3.49722,24059.5,269.592,1,2,3,4,5,0
274,94,482.329,447.591,3.49226,2.38586,561.922,120.932,3.94541,-4.38418,26552.7,291.444,1,2,3,4,5,0
274,95,480.649,448.568,2.57587,2.24112,521.511,146.186,12.2042,-4.15247,18776,254.805,1,2,3,4,5,0
274,96,480.435,448.273,1.96529,1.90164,572.56,165.118,13.4977,-4.50924,13389.4,243.675,1,2,3,4,5,0
274,97,478.886,447.248,1.98831,1.88706,303.471,138.151,3.91157,-1.44602,7129.24,172.331,1,2,3,4,5,0
274,98,476.515,448.475,2.37673,2.27341,381.099,111.636,5.964,-4.51888,13058.8,189.491,1,2,3,4,5,0
274,99,475.727,448.618,1.93193,2.0737,438.071,124.065,5.0293,-0.755279,10961.8,187.562,1,2,3,4,5,0
274,100,475.187,448.519,1.7175,2.08478,497.272,124.286,4.62219,-0.384096,11295.6,190.136,1,2,3,4,5,0
274,101,476.722,449.598,2.37873,2.00625,340.953,117.222,6.28531,-2.64752,9645.81,172.882,,,,,,0
275,82,493.695,183.912,1.87597,2.14194,343.065,86.8578,1.59988,-2.16647,8115.54,133.178,1,2,3,4,5,0
275,83,493.361,184.832,1.60087,1.76686,306.562,93.7346,-2.98346,-1.56779,5450.18,121.574,1,2,3,4,5,0
275,84,491.67,185.433,2.2161,2.23396,372.137,77.9869,-3.63477,-3.25169,11618.1,145.012,1,2,3,4,5,0
275,85,488.65,183.402,2.71217,2.05666,262.176,74.1234,2.06755,-4.6564,8903.19,126.686,1,2,3,4,5,0
275,86,486.103,183.674,2.5388,1.90714,261.003,90.5435,4.13064,-3.09475,7789.02,133.296,1,2,3,4,5,0
275,87,485.053,186.003,1.96684,1.8742,440.808,91.5504,1.43958,-3.13533,10176.6,146.284,1,2,3,4,5,0
275,88,483.723,185.612,2.02367,2.02143,372.505,83.8572,3.5271,-5.92767,9889.87,139.781,1,2,3,4,5,0
275,89,483.303,184.423,1.82849,2.0536,470.734,100.268,2.87347,-4.22971,11052,160.964,1,2,3,4,5,0
275,90,483.492,184.095,2.42169,2.37917,421.67,75.9681,3.64018,-5.37464,14876.8,162.846,1,2,3,4,5,0
275,91,486.037,181.931,2.13061,2.45943,266.562,66.9696,-5.13017,-2.7173,8619.35,121.183,1,2,3,4,5,0
275,92,486.096,181.251,1.29226,1.93919,327.727,97.276,1.91321,-9.21724,5150.28,124.562,1,2,3,4,5,0
275,93,486.011,178.666,2.00914,2.62397,289.892,82.4288,0.203509,-2.17757,9338.29,135.852,1,2,3,4,5,0
275,94,485.048,176.19,2.1902,2.33634,338.374,80.7279,-3.68509,-0.587598,10709.7,145.834,1,2,3,4,5,0
275,95,483.177,176.466,2.29753,2.38067,400.496,81.1482,-3.99394,-6.86239,13471,164.03,1,2,3,4,5,0
275,96,481.065,175.663,2.89045,2.80361,340.593,68.4681,1.24171,-6.35559,16713.8,168.201,1,2,3,4,5,0
275,97,480.825,176.36,2.31731,2.32024,360.287,85.5156,-0.477265,-2.235,11938,153.669,1,2,3,4,5,0
275,98,480.14,176.429,1.96348,2.67646,318.315,103.801,-0.212144,0.664085,10216.3,157.556,1,2,3,4,5,0
275,99,481.644,170.861,2.38384,2.68998,294.695,64.9414,1.73698,-6.94802,12578.9,138.74,1,2,3,4,5,0
275,100,482.621,170.473,1.65117,1.48812,440.46,141.507,-7.80424,1.30395,3383.09,153.178,,,,,,0
276,83,330.186,120.302,2.04914,2.21877,602.387,210.135,-9.15172,11.5164,17034.6,304.456,1,2,3,4,5,0
276,84,331.666,119.127,2.01385,2.3503,452.68,161.71,-8.95279,8.74608,13370.9,243.793,1,2,3,4,5,0
276,85,332.282,118.337,2.12768,2.73835,500.121,145.824,-7.1455,4.76837,17696.8,247.929,1,2,3,4,5,0
276,86,333.397,117.048,1.83768,2.76468,312.457,150.083,-3.64719,-3.81508,9672.16,209.183,1,2,3,4,5,0
276,87,334.283,114.233,1.69012,2.58559,277.262,146.342,-4.91306,-9.59817,7571.94,189.893,1,2,3,4,5,0
276,88,337.429,113.522,2.13317,2.87959,276.259,119.787,-4.04256,-11.357,10307.7,185.873,1,2,3,4,5,0
276,89,340.574,112.811,2.57622,3.1736,275.256,93.2317,-3.17207,-13.1159,13043.4,181.852,1,2,3,4,5,0
276,90,340.928,111.277,2.30569,2.19167,274.344,131.261,-3.33265,-6.19051,8581.85,180.296,1,2,3,4,5,0
276,91,338.659,112.584,2.29868,2.3904,364.716,114.736,-0.163207,0.0694797,12328.9,188.669,1,2,3,4,5,0
276,92,339.706,113.04,2.44963,3.38125,228.021,93.3902,-9.47261,7.64256,15556.8,187.941,1,2,3,4,5,0
276,93,344.304,108.8,1.2792,2.40226,421.276,145.332,-3.77348,-7.55346,8035.58,196.231,1,2,3,4,5,0
276,94,344.074,105.347,1.65348,2.45752,523.75,139.593,-2.03052,-6.66786,13538.9,225.547,1,2,3,4,5,0
276,95,343.845,101.893,2.02775,2.51278,626.223,133.855,-0.28756,-5.78227,19042.2,254.864,1,2,3,4,5,0
276,96,343.228,101.6,1.81408,2.01487,550.051,191.139,14.2737,0.660053,11507.2,260.834,1,2,3,4,5,0
276,97,344.278,102.554,3.32354,3.25153,434.781,128.062,24.781,-14.8412,26988.8,298.172,1,2,3,4,5,0
276,98,344.687,101.179,2.50523,2.33201,570.344,186.143,18.494,-6.81179,19747.7,296.107,1,1,1,1,1,0
276,99,344.874,101.27,2.5541,2.21468,746.157,132.205,9.2238,-10.1449,26786.1,287.692,1,1,1,1,1,0
276,100,344.703,101.712,2.51553,2.39002,649.162,174.611,17.6656,-11.0727,23405.8,312.349,1,1,1,1,1,0
276,101,344.32,101.558,2.35734,1.93947,683.78,231.98,27.3802,-13.5528,19766,339.302,,,,,,0
277,84,235.304,336.204,1.84091,2.08105,372.461,111.086,6.19607,-3.0851,8921.8,165.284,1,2,3,4,5,0
277,85,237.649,338.389,1.89676,2.13223,1387.3,129.778,0.427522,4.5515,34349.6,332.391,1,2,3,4,5,0
277,86,238.706,338.662,1.81065,2.24321,917.01,124.441,-9.17955,-6.91874,22047.4,249.355,1,2,3,4,5,0
277,87,238.171,338.308,1.98326,2.31077,687.549,97.1467,-6.19447,-6.10489,19044,207.491,1,2,3,4,5,0
277,88,236.244,337.269,2.33092,2.49647,997.007,64.4474,-2.53658,-5.52752,35838.1,287.024,1,2,3,4,5,0
277,89,235.159,336.958,1.86914,2.45422,858.208,114.089,0.61687,-2.10118,24364.1,253.444,1,2,3,4,5,0
277,90,234.532,335.621,2.06891,2.03709,745.655,112.962,-5.76762,-0.276381,19593.6,228.118,1,2,3,4,5,0
277,91,233.754,334.13,1.93057,2.17643,1044.97,123.166,-2.69047,-2.02074,27385.7,281.799,1,2,3,4,5,0
277,92,231.368,334.016,1.65157,1.99477,1173.79,161.153,-8.65627,-9.76522,24232.2,296.343,1,2,3,4,5,0
277,93,229.519,333.255,1.55631,1.89505,1263.71,208.015,-7.85951,-17.8711,19411.2,316.142,1,2,3,4,5,0
277,94,228.313,332.406,1.95028,2.20765,1478.13,126.421,-8.77443,-10.0681,39622.1,360.154,1,2,3,4,5,0
277,95,228.214,332.644,2.07238,2.28149,1424.39,104.241,-7.88869,-8.87098,42453.7,358.917,1,2,3,4,5,0
277,96,227.705,332.015,1.91508,1.88905,1141.46,156.199,-5.70833,-11.2665,25457.6,300.822,1,2,3,4,5,0
277,97,225.588,331.282,1.95355,2.11625,836.94,185.591,-4.55526,3.41681,21330,306.391,1,2,3,4,5,0
277,98,224.043,333.821,2.55752,2.387,968.494,172.497,-3.75389,-7.73545,35094.8,380.846,1,2,3,4,5,0
277,99,227.184,335.256,2.11412,2.03695,825.719,208.344,-18.4718,-8.54525,22179.8,331.604,1,2,3,4,5,0
277,100,228.749,335.082,2.38781,2.2845,954.193,163.417,-10.2474,-5.75791,32052.4,355.888,1,2,3,4,5,0
277,101,228.596,334.525,1.98149,2.18385,1000.45,214.836,-30.7814,-28.1802,30476.4,389.893,,,,,,0
278,84,445.813,274.947,2.31263,3.71289,217.716,65.4598,-0.222462,-2.61854,10642.8,132.828,1,1,1,1,1,0
278,85,445.859,274.714,2.15002,3.52826,278.652,71.9266,2.4058,-2.14269,11688.9,141.494,1,1,2,1,1,0
278,86,445.905,274.482,1.98741,3.34362,339.589,78.3933,5.03405,-1.66684,12735.1,150.16,1,2,2,3,4,0
278,87,446.24,275.633,1.77225,2.77078,332.809,78.371,0.395409,-4.92367,9854.17,135.976,1,2,2,3,4,0
278,88,446.575,276.785,1.55709,2.19794,326.029,78.3486,-4.24323,-8.18049,6973.28,121.793,1,2,2,3,4,0
278,89,446.785,277.342,1.80022,1.97249,314.691,65.1868,-1.49843,-7.8902,7001.39,107.533,1,1,2,3,4,0
278,90,446.418,277.427,1.68151,1.70282,319.034,79.0056,-1.70132,-12.7989,5743.01,113.97,1,2,2,3,4,0
278,91,446.232,276.216,1.56514,2.16616,440.585,86.0994,2.82691,-9.0448,9333.49,138.136,1,1,2,3,4,0
278,92,446.21,275.639,2.18736,3.47878,322.406,67.2397,1.52898,-8.34007,14020.8,155.84,1,1,2,2,3,0
278,93,446.232,275.897,1.93604,2.57488,362.071,101.155,0.384401,-8.99292,11104.5,168.959,1,1,2,2,3,0
278,94,446.24,275.953,1.70102,2.60449,363.74,92.8425,1.32397,-5.50423,9914.01,153.018,1,1,2,2,3,0
278,95,446.389,276.658,1.50483,2.14517,377.063,86.5894,-0.359368,-9.29552,7607.02,135.562,1,1,2,2,3,0
278,96,446.825,276.434,1.62951,2.60694,278.027,76.9482,-4.71091,-12.5714,7285.61,118.965,1,1,2,2,3,0
278,97,446.698,275.746,1.92836,2.28915,342.948,71.0868,-1.96064,-5.58216,9809.57,129.166,1,1,2,2,3,0
278,98,446.374,275.456,1.82247,2.81467,357.516,69.7346,0.446984,-1.98193,11115.1,133.509,1,1,2,3,4,0
278,99,446.437,274.935,1.83912,4.00838,334.59,53.0082,-0.827838,-4.47742,13241.4,134.03,1,1,2,3,4,0
278,100,446.321,276.013,1.89212,3.05728,359.139,62.4973,-1.65197,-11.6348,12401,131.089,1,1,2,3,4,0
278,101,445.618,276.256,1.77021,2.2155,330.344,83.2273,4.5471,-9.04885,7350.31,124.953,,,,,,0
279,85,183.732,269.186,2.21941,2.0076,701.842,101.56,1.5346,1.4358,19463.6,215.822,1,1,1,1,1,0
279,86,183.728,268.963,1.89474,1.79114,638.34,137.351,2.09147,2.83371,12163.5,206.686,1,1,1,1,1,0
279,87,183.774,268.984,2.13975,2.03875,546.689,101.649,3.21726,-1.94121,14699.3,188.817,1,1,1,1,1,0
279,88,184.226,268.829,2.01352,1.98242,656.739,110.14,-0.347994,-0.885463,15838.3,204.964,1,1,1,1,1,0
279,89,184.26,269.029,2.05294,2.02094,743.959,93.3119,0.627667,-1.82418,19275.1,208.722,1,1,1,1,1,0
279,90,183.788,269.281,2.08084,2.14257,652.692,101.731,6.09936,-0.958984,18121.9,207.716,1,1,1,1,1,0
279,91,183.586,269.563,2.15166,2.25632,609.061,104.556,7.40252,-3.87876,18280.3,212.178,1,1,1,1,1,0
279,92,183.827,269.278,2.39367,2.20734,568.192,143.218,9.53895,-3.62339,18518.8,250.183,1,1,1,1,1,0
279,93,183.712,269.084,2.28899,2.21914,586.06,141.186,11.8397,1.55005,18421.7,247.882,1,1,1,1,1,0
279,94,183.709,269.383,1.72631,2.03287,609.344,169.295,8.47267,-5.99518,12723.6,240.722,1,1,1,1,1,0
279,95,184.052,269.645,1.99109,1.93926,464.171,175.75,9.13857,-15.7686,11527.8,238.929,1,1,1,2,2,0
279,96,183.676,269.813,2.3447,2.41137,429.857,130.478,0.637732,-14.3357,14878.8,226.213,1,1,1,2,2,0
279,97,184.012,269.289,2.97371,3.34172,439.359,63.2448,-3.40348,-5.25059,25461.4,218.734,1,1,1,2,2,0
279,98,183.708,269.947,1.96662,2.39822,536.511,123.854,6.34083,-17.1757,16999.9,229.213,1,1,1,2,2,0
279,99,183.509,269.587,2.15134,2.24997,512.321,121.547,3.92571,-7.72476,16013.1,217.757,1,1,1,1,1,0
279,100,183.496,269.403,2.04291,2.20541,500.896,129.753,4.62117,-2.82354,14026.2,212.917,1,1,1,1,1,0
279,101,183.613,269.677,2.22712,2.07816,551.626,93.6021,3.83165,-1.46091,15832.6,189.728,,,,,,0
280,85,230.578,80.1106,1.54746,1.78631,1788.24,125.52,-1.96228,-2.46213,31071.2,304.935,1,1,2,3,4,0
280,86,229.706,79.7315,1.71586,1.63217,341.404,114.614,-0.134349,4.8874,6004.29,147.586,1,1,2,2,3,0
280,87,230.225,79.9694,1.59184,1.98258,305.93,100.483,-0.0476548,1.61582,5883.38,132.246,1,1,2,2,3,0
280,88,230.744,80.2073,1.46781,2.33299,270.457,86.3518,0.039039,-1.65576,5762.48,116.905,1,1,1,2,3,0
280,89,230.586,79.9431,2.09519,2.11184,822.707,127.234,-4.40972,-6.91882,22762.8,265.982,1,1,1,1,1,0
280,90,229.995,79.9073,1.74321,1.81517,1672.38,144.082,-5.86886,-15.9479,33205.5,340.414,1,1,1,1,1,0
280,91,229.967,80.0259,1.60603,1.61019,1548.59,122.996,-7.57459,-13.5925,25154.4,265.243,1,1,1,1,1,0
280,92,230.177,79.8507,1.45993,1.61082,1426.42,119.216,-6.10532,-8.53509,21072.7,243.509,1,1,1,1,1,0
280,93,230.164,80.2704,1.81371,1.45827,322.724,80.8425,-3.2372,-0.403917,5358.47,111.888,1,1,1,1,1,0
280,94,230.125,80.2268,2.06227,1.58674,295.999,78.5441,-7.1973,0.593649,6065.04,114.124,1,1,1,1,1,0
280,95,230.085,80.0958,1.5509,1.69985,1371.05,128.911,-8.37416,-10.9712,21985.6,250.704,1,1,1,1,1,0
280,96,230.089,80.039,1.54808,1.61343,1355.01,99.3528,-5.01831,-7.62459,21260,220.621,1,1,1,1,1,0
280,97,230.106,80.0017,1.53152,1.63702,1412.14,99.3425,-3.45154,-8.3703,22239.1,223.201,1,1,1,1,1,0
280,98,230.166,80.0645,1.43183,1.86779,1239.25,113.351,-6.96708,-5.33141,20731.7,227.893,1,1,1,1,1,0
280,99,230.235,80.2642,1.5093,1.80575,875.584,106.78,-5.26198,-8.19806,14979.8,191.237,1,1,1,1,1,0
280,100,230.315,80.1166,1.53522,1.78083,885.003,120.062,-4.69865,-7.92765,15191.1,202.485,1,1,1,1,1,0
280,101,230.067,80.1575,1.39442,1.6458,1351.14,118.13,-4.18237,-11.0109,19478,223.615,,,,,,0
281,86,105.907,139.849,2.66989,2.93774,301.999,114.774,-3.38485,4.60929,12614,192.888,1,2,3,3,4,0
281,87,107.587,140.014,2.294,2.99438,302.542,85.0047,1.80742,4.147,12853.1,164.047,1,2,2,3,4,0
281,88,108.095,139.169,1.83796,2.37781,235.45,112.015,8.12355,7.25835,6389.08,145.515,1,2,2,3,4,0
281,89,108.883,139.299,1.91835,1.81845,341.576,104.956,4.75945,4.83419,7468.61,144.207,1,2,2,3,4,0
281,90,108.785,139.269,2.57985,2.05452,460.805,76.8258,1.629,-0.250217,15025.9,163.799,1,2,3,3,4,0
281,91,107.505,138.65,2.23474,2.10518,490.235,99.0535,4.89598,-4.24771,13715.4,179.994,1,2,3,4,5,0
281,92,107.188,139.313,2.32622,2.43973,456.304,89.6146,-1.18944,-0.92651,15889.5,180.178,1,2,3,4,5,0
281,93,107.452,142.106,2.07227,2.28841,293.85,105.993,6.88758,-10.8271,8647.98,149.799,1,2,3,4,5,0
281,94,107.384,141.858,2.20849,2.62729,291.374,84.0825,3.92544,-8.579,10320.8,146.101,1,2,3,4,5,0
281,95,106.99,140.978,3.10774,3.5305,367.008,41.6108,-2.19039,-3.47313,21859.1,175.911,1,2,3,4,5,0
281,96,106.881,143.18,2.55818,2.93433,313.725,102.261,-2.13723,-7.00393,13940.1,180.675,1,2,3,4,5,0
281,97,104.686,144.156,1.96554,2.17303,356.225,125.997,6.97208,-17.6569,9488.47,181.609,1,2,3,4,5,0
281,98,104.691,140.587,3.63017,3.61506,389.791,32.0114,3.0577,-6.40321,26133.6,200.746,1,2,3,4,5,0
281,99,105.041,140.084,2.15448,2.85054,540.232,98.5676,-4.22682,-7.95805,20028.6,213.166,1,2,3,4,5,0
281,100,104.778,139.026,3.1362,3.89041,316.151,86.9131,-9.18533,7.80134,19749.7,217.911,1,2,3,4,5,0
281,101,104.719,136.879,2.11929,1.33504,267.676,173.949,-7.77498,19.5056,4606.61,198.432,,,,,,0
282,86,312.308,351.652,2.48914,2.40162,371.617,51.8455,1.75368,1.80354,13559.7,135.29,1,2,3,4,5,0
282,87,312.446,352.029,1.98792,2.25475,557.762,98.4836,4.64329,0.469289,15548.3,184.166,1,2,3,4,5,0
282,88,315.114,353.456,1.40202,2.16648,288.66,102.837,-1.06418,-3.63478,5475.37,136.065,1,2,3,4,5,0
282,89,317.09,353.366,2.34901,2.43009,353.5,68.5845,0.66168,-1.49794,12375.5,145.828,1,2,3,4,5,0
282,90,317.152,352.683,1.97316,2.5035,456.645,87.0441,-2.33321,-1.09941,14029.7,170.231,1,2,3,4,5,0
282,91,314.65,351.28,1.19845,2.45803,398.525,125.982,-5.65631,-3.59948,6981.18,162.249,1,2,3,4,5,0
282,92,313.017,351.633,1.97707,2.19858,711.922,94.1601,-5.94539,-2.72787,19544.8,207.71,1,2,3,4,5,0
282,93,312.948,351.339,2.16568,2.24528,623.992,95.1963,-2.54897,-1.12403,18819,207.414,1,2,3,4,5,0
282,94,312.951,349.348,2.65546,2.60232,384.744,55.5491,0.902671,-0.799728,15969.4,158.852,1,2,3,4,5,0
282,95,313.288,351.533,2.35771,2.64735,339.537,66.6991,2.21913,-1.18472,12961.8,147.405,1,2,3,4,5,0
282,96,313.626,353.717,2.05996,2.69237,294.33,77.8491,3.53559,-1.56971,9954.09,135.959,1,2,3,4,5,0
282,97,313.53,352.502,2.48071,2.2923,445.321,46.0255,-3.01627,-3.42054,17603.6,151.349,1,2,2,3,4,0
282,98,313.586,353.492,2.47549,2.39924,229.933,51.8719,0.000340998,-4.90026,8996.58,111.006,1,1,2,3,4,0
282,99,313.955,353.255,2.33667,2.24724,251.363,76.7382,-0.352911,-1.82425,8568.95,128.861,1,1,2,2,3,0
282,100,314.325,353.019,2.19786,2.09524,272.794,101.604,-0.706162,1.25175,8141.32,146.716,1,1,2,2,3,0
282,101,313.672,353.217,2.2297,2.04582,409.583,87.6774,-0.884724,1.54108,11883.4,155.473,,,,,,0
283,87,197.58,303.623,2.26874,1.15298,345.531,99.5311,-2.31289,-5.21936,5634.36,133.231,1,2,3,4,5,0
283,88,195.304,303.986,2.73273,1.52755,290.447,84.9109,-0.645091,2.45387,7407.7,133.03,1,2,3,4,5,0
283,89,192.81,304.857,1.29943,2.18819,342.07,78.7562,-2.98729,-0.636694,6076.83,115.615,1,1,2,2,3,0
283,90,192.717,305.129,1.71297,2.44937,314.772,62.3928,1.25379,-0.596868,8180.16,115.201,1,1,2,2,3,0
283,91,192.272,304.874,2.21394,2.64189,233.349,64.5781,0.755963,2.94773,8326.92,112.456,1,1,2,3,4,0
283,92,191.566,305.399,2.80953,2.78772,238.205,45.9239,2.13932,0.534532,11079.4,113.598,1,1,2,3,4,0
283,93,190.859,305.925,3.40513,2.93356,243.061,27.2696,3.52267,-1.87866,13831.9,114.74,1,1,2,2,3,0
283,94,190.75,306.21,2.63261,2.80473,240.676,62.0917,0.940677,-1.29958,10539,130.47,1,1,2,2,3,0
283,95,190.64,306.494,1.86009,2.6759,238.291,96.9138,-1.64132,-0.720488,7246.1,146.201,1,2,3,4,5,0
283,96,192.325,307.102,2.2505,2.60474,246.096,108.678,-9.01061,2.88099,8748.05,161.476,1,2,3,4,5,0
283,97,194.01,307.709,2.64092,2.53358,253.901,120.441,-16.3799,6.48246,10250,176.751,1,2,3,4,5,0
283,98,193.378,310.636,2.54825,1.67502,521.06,189.04,-27.3544,2.6738,13705.9,271.473,1,2,3,4,5,0
283,99,189.641,311.845,3.56643,2.62519,426.502,188.92,-1.56782,-3.66883,22261.6,322.438,1,2,3,4,5,0
283,100,192.849,308.709,3.47243,3.6121,342.142,107.21,-6.33443,2.05959,21299.6,240.562,1,2,3,4,5,0
283,101,195.906,308.183,1.74521,1.96403,279.971,110.339,-4.16637,-5.48586,6014.3,144.059,,,,,,0
284,87,268.809,147.6,2.19428,1.97391,475.933,123.165,-7.25136,-3.30043,12659.4,194.379,1,2,3,4,5,0
284,88,270.905,148.493,2.47812,2.02636,374.087,80.8502,1.88225,-4.13244,12690.1,157.367,1,2,3,4,5,0
284,89,272.838,149.409,1.99169,2.07517,566.862,108.791,1.75546,-0.544768,14624.1,191.911,1,2,3,4,5,0
284,90,272.717,150.738,2.14294,2.0141,623.523,104.857,0.511424,-5.9869,16775.3,201.45,1,2,3,4,5,0
284,91,272.404,151.883,2.28393,2.46147,458.208,80.4115,0.650106,-2.2005,15809.7,182.402,1,2,3,4,5,0
284,92,273.297,155.738,2.12785,2.67202,421.58,86.0321,-1.62079,-5.81911,14619.4,176.373,1,2,3,4,5,0
284,93,272.651,156.539,2.43443,2.3005,418.557,121.963,1.57105,-7.66916,14377.7,203.314,1,2,3,4,5,0
284,94,273.52,154.998,2.00141,2.3498,502.48,105.661,2.79383,-1.29595,14747.9,189.704,1,2,3,4,5,0
284,95,273.183,153.936,1.84241,1.95762,654.515,75.6699,3.01256,-3.48497,16301,173.462,1,2,3,4,5,0
284,96,271.271,151.252,2.29321,1.27145,391.548,121.599,-3.15977,-2.82448,6636.61,157.16,1,2,3,4,5,0
284,97,271.073,149.388,2.14122,2.34232,380.643,107.604,-3.62612,-0.41555,11808.7,174.42,1,2,3,4,5,0
284,98,270.961,148.22,2.26218,2.1934,384.759,82.7452,0.679221,-7.43953,11833.4,151.976,1,2,3,4,5,0
284,99,269.279,145.436,2.12575,1.89889,320.541,110.075,5.76351,-0.107179,8076.97,152.769,1,2,3,4,5,0
284,100,268.773,143.696,1.99693,2.28995,356.784,86.9173,2.13593,-0.148198,10134.5,146.568,1,2,3,4,5,0
284,101,267.762,143.753,1.69785,2.53975,390.741,107.223,1.30583,-2.65677,10392.8,168.444,,,,,,0
285,87,327.474,248.784,2.61777,3.39794,232.371,58.5302,-1.47649,3.92279,11708.8,140.787,1,2,3,4,5,0
285,88,328.084,247.694,2.01504,1.96599,357.576,127.563,1.89393,-3.12052,8856.48,177.994,1,2,3,4,5,0
285,89,327.753,249.054,2.31522,2.26096,423.994,86.6245,3.29981,-2.16349,13710.9,164.083,1,2,3,4,5,0
285,90,328.136,248.072,1.48563,1.3818,308.256,135.227,8.02794,-11.7499,3978.48,149.71,1,2,3,4,5,0
285,91,328.457,244.074,3.84396,2.34098,459.317,111.171,20.2453,-6.18423,22558,249.521,1,2,3,4,5,0
285,92,330.882,243.932,2.93269,2.33319,640.35,108.848,6.63707,-2.39404,26113.7,269.308,1,2,3,4,5,0
285,93,330.622,245.687,2.64609,2.32243,628.064,100.73,-2.08008,-5.70276,24109.3,247.166,1,2,3,4,5,0
285,94,329.616,246.501,2.65943,2.77606,718.367,98.391,-4.14572,-3.08161,32035.3,292.911,1,2,3,4,5,0
285,95,333.094,245.051,1.82528,2.57541,275.593,122.594,-3.94039,-3.19488,7985.45,166.024,1,2,3,4,5,0
285,96,336.326,243.816,2.60228,2.76764,233.712,86.3488,-4.38412,0.865611,10046.1,151.243,1,2,3,4,5,0
285,97,336.48,243.989,1.99706,2.38391,274.65,91.5903,-4.56274,-3.84704,8099.42,144.621,1,2,3,4,5,0
285,98,334.273,242.855,2.09885,2.19882,284.149,96.0453,-3.49717,-4.37972,7969.33,139.888,1,2,3,4,5,0
285,99,335.832,244.679,2.13823,2.00564,259.334,87.7013,-3.43383,-5.48834,6821.59,126.246,1,2,3,4,5,0
285,100,337.39,246.502,2.17762,1.81247,234.519,79.3573,-3.3705,-6.59696,5673.84,112.604,1,2,3,4,5,0
285,101,339.874,241.628,1.6456,3.27404,405.56,123.003,8.87024,-11.0627,12140,199.26,,,,,,0
286,87,386.041,363.467,1.38066,1.80156,280.999,55.7762,1.18072,0.464487,4858.48,83.9172,1,1,1,1,1,0
286,88,385.782,363.61,1.28133,1.39326,486.762,60.5102,1.81675,-1.19855,5459.86,93.5976,1,1,1,1,1,0
286,89,386.202,363.471,1.62532,1.66953,416.578,57.7133,1.55788,-0.65862,7098.02,97.5385,1,1,1,1,1,0
286,90,386.381,363.183,1.61174,1.75832,458.455,62.6648,0.844756,3.07771,8156.75,108.627,1,1,1,1,1,0
286,91,386.253,363.571,1.3706,1.55553,652.509,64.4492,3.0522,-2.14177,9001.7,115.408,1,1,1,1,1,0
286,92,386.204,363.263,1.42558,1.45743,632.904,59.6199,0.505916,-0.813625,8261.71,110.095,1,1,1,1,1,0
286,93,386.052,363.113,1.34148,1.47822,494.761,65.7307,-0.887407,-1.03634,6164.25,103.201,1,1,1,1,1,0
286,94,386.197,363.416,1.40539,1.41528,439.585,71.6492,1.28575,-2.03901,5493.75,102.035,1,1,1,1,1,0
286,95,386.55,363.514,1.48582,1.49517,518.325,61.7979,0.643909,-1.16451,7054.84,104.716,1,1,1,1,1,0
286,96,386.146,363.292,1.61406,1.72184,470.888,49.3161,-0.995375,-0.574663,8217.41,98.0533,1,1,1,1,1,0
286,97,386.093,363.191,1.49699,1.3599,530.877,59.8622,-0.695473,-0.183286,6790.52,95.929,1,1,1,1,1,0
286,98,386.206,363.241,1.41861,1.34659,628.891,61.2128,0.023671,0.235188,7548.21,100.237,1,1,1,1,1,0
286,99,386.127,363.59,1.38171,1.61614,635.377,52.8197,0.676908,-3.09931,8912.44,102.923,1,1,1,1,1,0
286,100,385.985,363.368,1.58837,1.85861,535.943,43.093,-0.120866,-3.55616,9926.59,103.012,1,1,1,1,1,0
286,101,386.14,363.112,1.45273,1.69511,572.108,59.374,1.13175,-1.87832,8848.77,109.669,,,,,,0
